well_id,field_label,cycle_id,timestamp,phase,reservoir_pressure_bar,bottomhole_pressure_bar,steam_mass_t,steam_pressure_bar,steam_injection_duration_h,soak_duration_h,production_duration_h,temperature_c,viscosity_kcp,inflow_bpd,oil_rate_bpd,water_rate_bpd,pump_speed_spm,stroke_length_m,pump_fillage_pct,srp_load_kn,energy_kwh_bbl,srp_risk_score,data_quality,source_label,random_seed
BWG-SIM-001,Baghewala-style representative,1,2026-01-01T00:00:00,injection,24.423,21.623,101,31.8,36,47,589,57.149,9.275,42.535,30.808,7.422,6.467,1.55,59.072,54.546,23.112,24,GOOD,SYNTHETIC,26120
BWG-SIM-001,Baghewala-style representative,1,2026-01-01T01:00:00,injection,24.365,21.565,101,31.8,36,47,589,57.667,9.058,43.785,32.145,8.192,6.526,1.552,61.995,53.609,22.885,21,GOOD,SYNTHETIC,26120
BWG-SIM-001,Baghewala-style representative,1,2026-01-01T02:00:00,injection,24.42,21.62,101,31.8,36,47,589,57.775,8.843,43.429,31.359,7.133,6.397,1.553,61.061,51.294,22.864,17,GOOD,SYNTHETIC,26120
BWG-SIM-001,Baghewala-style representative,1,2026-01-01T03:00:00,injection,24.321,21.521,101,31.8,36,47,589,58.169,8.909,45.561,32.122,7.495,6.65,1.555,61.557,54.763,23.204,23,GOOD,SYNTHETIC,26120
BWG-SIM-001,Baghewala-style representative,1,2026-01-01T04:00:00,injection,24.857,22.057,101,31.8,36,47,589,57.865,9.198,44.786,32.782,8.061,6.504,1.557,61.126,50.829,22.788,16,GOOD,SYNTHETIC,26120
BWG-SIM-001,Baghewala-style representative,1,2026-01-01T05:00:00,injection,24.489,21.689,101,31.8,36,47,589,57.849,9.19,42.357,29.952,7.434,6.743,1.559,58.222,54.243,22.919,24,GOOD,SYNTHETIC,26120
BWG-SIM-001,Baghewala-style representative,1,2026-01-01T06:00:00,injection,24.47,21.67,101,31.8,36,47,589,58.125,8.811,43.622,31.06,7.259,6.68,1.56,58.012,52.998,23.016,21,GOOD,SYNTHETIC,26120
BWG-SIM-001,Baghewala-style representative,1,2026-01-01T07:00:00,injection,24.565,21.765,101,31.8,36,47,589,58.608,8.658,45.231,31.5,7.741,6.734,1.562,58.317,51.989,22.903,19,GOOD,SYNTHETIC,26120
BWG-SIM-001,Baghewala-style representative,1,2026-01-01T08:00:00,injection,24.309,21.509,101,31.8,36,47,589,58.616,8.681,44.66,31.58,7.16,6.643,1.564,58.561,51.569,23.109,18,GOOD,SYNTHETIC,26120
BWG-SIM-001,Baghewala-style representative,1,2026-01-01T09:00:00,injection,24.647,21.847,101,31.8,36,47,589,59.143,8.526,45.49,32.629,7.813,6.784,1.565,58.815,53.175,23.326,21,GOOD,SYNTHETIC,26120
BWG-SIM-001,Baghewala-style representative,1,2026-01-01T10:00:00,injection,24.681,21.881,101,31.8,36,47,589,58.628,9.025,44.617,32.274,7.392,6.665,1.567,57.521,53.624,23.378,23,GOOD,SYNTHETIC,26120
BWG-SIM-001,Baghewala-style representative,1,2026-01-01T11:00:00,injection,24.864,22.064,101,31.8,36,47,589,59.109,8.608,44.186,31.704,7.409,6.717,1.568,59.275,53.469,23.213,22,GOOD,SYNTHETIC,26120
BWG-SIM-001,Baghewala-style representative,1,2026-01-01T12:00:00,injection,24.662,21.862,101,31.8,36,47,589,59.43,8.359,46.126,33.029,7.196,6.755,1.57,59.781,52.85,23.125,20,GOOD,SYNTHETIC,26120
BWG-SIM-001,Baghewala-style representative,1,2026-01-01T13:00:00,injection,24.736,21.936,101,31.8,36,47,589,59.493,8.178,46.129,33.391,8.09,6.667,1.571,62.525,52.031,22.384,18,GOOD,SYNTHETIC,26120
BWG-SIM-001,Baghewala-style representative,1,2026-01-01T14:00:00,injection,24.705,21.905,101,31.8,36,47,589,59.675,8.274,45.294,33.545,8.348,6.667,1.573,60.216,52.943,23.094,20,GOOD,SYNTHETIC,26120
BWG-SIM-001,Baghewala-style representative,1,2026-01-01T15:00:00,injection,24.853,22.053,101,31.8,36,47,589,60.151,8.17,46.3,32.203,8.655,6.845,1.574,57.628,55.941,23.46,28,GOOD,SYNTHETIC,26120
BWG-SIM-001,Baghewala-style representative,1,2026-01-01T16:00:00,injection,24.826,22.026,101,31.8,36,47,589,60.332,8.075,45.846,32.712,7.906,6.686,1.576,61.453,53.716,23.071,21,GOOD,SYNTHETIC,26120
BWG-SIM-001,Baghewala-style representative,1,2026-01-01T17:00:00,injection,24.678,21.878,101,31.8,36,47,589,59.996,8.399,45.29,32.824,8.28,6.696,1.577,60.292,53.606,23.185,22,GOOD,SYNTHETIC,26120
BWG-SIM-001,Baghewala-style representative,1,2026-01-01T18:00:00,injection,24.751,21.951,101,31.8,36,47,589,60.379,7.82,46.923,33.387,8.473,6.891,1.578,60.33,54.914,23.341,24,GOOD,SYNTHETIC,26120
BWG-SIM-001,Baghewala-style representative,1,2026-01-01T19:00:00,injection,24.99,22.19,101,31.8,36,47,589,61.676,7.51,46.54,33.514,8.199,6.786,1.579,60.865,51.594,23.01,17,GOOD,SYNTHETIC,26120
BWG-SIM-001,Baghewala-style representative,1,2026-01-01T20:00:00,injection,24.744,21.944,101,31.8,36,47,589,60.5,8.362,46.715,34.34,8.333,6.931,1.581,55.961,54.171,23.045,25,GOOD,SYNTHETIC,26120
BWG-SIM-001,Baghewala-style representative,1,2026-01-01T21:00:00,injection,24.658,21.858,101,31.8,36,47,589,60.822,8.093,46.06,34.105,7.15,6.805,1.582,58.218,52.102,23.441,20,GOOD,SYNTHETIC,26120
BWG-SIM-001,Baghewala-style representative,1,2026-01-01T22:00:00,injection,24.9,22.1,101,31.8,36,47,589,61.318,7.498,46.209,32.625,8.233,6.876,1.583,59.128,53.023,23.206,21,GOOD,SYNTHETIC,26120
BWG-SIM-001,Baghewala-style representative,1,2026-01-01T23:00:00,injection,24.989,22.189,101,31.8,36,47,589,61.63,7.891,46.883,35.167,7.738,6.855,1.584,59.832,54.926,23.691,25,GOOD,SYNTHETIC,26120
BWG-SIM-001,Baghewala-style representative,1,2026-01-02T00:00:00,injection,25.048,22.248,101,31.8,36,47,589,61.39,7.763,46.148,33.942,8.081,6.896,1.585,60.156,52.508,23.325,20,GOOD,SYNTHETIC,26120
BWG-SIM-001,Baghewala-style representative,1,2026-01-02T01:00:00,injection,24.957,22.157,101,31.8,36,47,589,61.489,7.947,47.103,34.525,8.045,6.839,1.585,59.12,52.017,22.823,19,GOOD,SYNTHETIC,26120
BWG-SIM-001,Baghewala-style representative,1,2026-01-02T02:00:00,injection,24.986,22.186,101,31.8,36,47,589,61.18,8.156,46.303,32.626,8.151,6.78,1.586,57.997,52.078,23.329,20,GOOD,SYNTHETIC,26120
BWG-SIM-001,Baghewala-style representative,1,2026-01-02T03:00:00,injection,24.959,22.159,101,31.8,36,47,589,61.632,7.625,46.288,34.336,8.478,6.905,1.587,58.473,53.714,23.039,23,GOOD,SYNTHETIC,26120
BWG-SIM-001,Baghewala-style representative,1,2026-01-02T04:00:00,injection,24.859,22.059,101,31.8,36,47,589,61.594,7.615,47.154,33.51,8.176,6.929,1.588,60.142,51.864,22.74,18,GOOD,SYNTHETIC,26120
BWG-SIM-001,Baghewala-style representative,1,2026-01-02T05:00:00,injection,25.027,22.227,101,31.8,36,47,589,61.862,7.598,47.421,34.57,8.195,6.943,1.588,59.974,51.81,23.208,18,GOOD,SYNTHETIC,26120
BWG-SIM-001,Baghewala-style representative,1,2026-01-02T06:00:00,injection,24.774,21.974,101,31.8,36,47,589,62.25,7.465,48.566,36.243,8.44,6.835,1.589,63.807,52.582,23.358,18,GOOD,SYNTHETIC,26120
BWG-SIM-001,Baghewala-style representative,1,2026-01-02T07:00:00,injection,24.868,22.068,101,31.8,36,47,589,62.556,7.612,46.866,33.716,8.01,6.945,1.589,59.98,55.508,23.498,26,GOOD,SYNTHETIC,26120
BWG-SIM-001,Baghewala-style representative,1,2026-01-02T08:00:00,injection,25.059,22.259,101,31.8,36,47,589,61.992,7.436,48.402,35.218,8.254,6.794,1.589,61.603,51.97,23.187,18,GOOD,SYNTHETIC,26120
BWG-SIM-001,Baghewala-style representative,1,2026-01-02T09:00:00,injection,25.09,22.29,101,31.8,36,47,589,62.684,7.319,47.264,34.352,8.525,6.907,1.59,58.254,52.569,23.56,21,GOOD,SYNTHETIC,26120
BWG-SIM-001,Baghewala-style representative,1,2026-01-02T10:00:00,injection,24.936,22.136,101,31.8,36,47,589,62.003,7.356,48.265,33.531,9.028,6.801,1.59,62.076,51.598,23.283,17,GOOD,SYNTHETIC,26120
BWG-SIM-001,Baghewala-style representative,1,2026-01-02T11:00:00,injection,25.123,22.323,101,31.8,36,47,589,62.26,7.5,47.068,34.525,8.182,6.86,1.59,61.401,51.125,23.268,16,GOOD,SYNTHETIC,26120
BWG-SIM-001,Baghewala-style representative,1,2026-01-02T12:00:00,soak,24.996,22.196,101,31.8,36,47,589,66.99,5.858,53.293,39.329,8.248,6.826,1.59,68.005,50.317,22.687,12,GOOD,SYNTHETIC,26120
BWG-SIM-001,Baghewala-style representative,1,2026-01-02T13:00:00,soak,25.087,22.287,101,31.8,36,47,589,66.816,6.002,53.366,40.271,8.299,6.881,1.59,65.886,51.299,22.769,15,GOOD,SYNTHETIC,26120
BWG-SIM-001,Baghewala-style representative,1,2026-01-02T14:00:00,soak,24.831,22.031,101,31.8,36,47,589,67.439,5.917,54.145,40.458,8.479,6.884,1.59,67.442,52.087,22.764,15,GOOD,SYNTHETIC,26120
BWG-SIM-001,Baghewala-style representative,1,2026-01-02T15:00:00,soak,24.96,22.16,101,31.8,36,47,589,67.213,5.889,54.416,41.038,8.248,6.721,1.59,72.995,48.587,22.499,6,GOOD,SYNTHETIC,26120
BWG-SIM-001,Baghewala-style representative,1,2026-01-02T16:00:00,soak,25.125,22.325,101,31.8,36,47,589,66.775,6.065,52.154,37.257,8.955,6.714,1.589,65.358,52.512,23.198,17,GOOD,SYNTHETIC,26120
BWG-SIM-001,Baghewala-style representative,1,2026-01-02T17:00:00,soak,25.211,22.411,101,31.8,36,47,589,67.646,6.035,52.376,39.747,8.468,6.794,1.589,67.121,51.763,23.535,15,GOOD,SYNTHETIC,26120
BWG-SIM-001,Baghewala-style representative,1,2026-01-02T18:00:00,soak,24.996,22.196,101,31.8,36,47,589,67.549,5.901,53.184,39.985,8.209,6.76,1.589,68.897,51.887,23.347,14,GOOD,SYNTHETIC,26120
BWG-SIM-001,Baghewala-style representative,1,2026-01-02T19:00:00,soak,25.064,22.264,101,31.8,36,47,589,67.141,5.853,54.185,40.699,8.791,6.502,1.588,72.847,50.851,22.626,11,GOOD,SYNTHETIC,26120
BWG-SIM-001,Baghewala-style representative,1,2026-01-02T20:00:00,soak,25.056,22.256,101,31.8,36,47,589,67.365,5.717,54.715,42.331,9.603,6.798,1.588,70.328,48.769,22.708,7,GOOD,SYNTHETIC,26120
BWG-SIM-001,Baghewala-style representative,1,2026-01-02T21:00:00,soak,24.995,22.195,101,31.8,36,47,589,67.763,5.728,54.89,41.535,8.288,6.747,1.587,70.287,50.067,22.858,10,GOOD,SYNTHETIC,26120
BWG-SIM-001,Baghewala-style representative,1,2026-01-02T22:00:00,soak,24.965,22.165,101,31.8,36,47,589,67.756,5.891,54.299,40.34,9.507,6.605,1.586,72.519,50.248,22.695,9,GOOD,SYNTHETIC,26120
BWG-SIM-001,Baghewala-style representative,1,2026-01-02T23:00:00,soak,25.195,22.395,101,31.8,36,47,589,67.607,5.855,53.712,41.07,7.949,6.643,1.586,72.292,49.873,22.23,9,GOOD,SYNTHETIC,26120
BWG-SIM-001,Baghewala-style representative,1,2026-01-03T00:00:00,soak,24.847,22.047,101,31.8,36,47,589,67.567,5.921,53.302,40.981,8.45,6.698,1.585,71.135,49.301,22.805,8,GOOD,SYNTHETIC,26120
BWG-SIM-001,Baghewala-style representative,1,2026-01-03T01:00:00,soak,24.689,21.889,101,31.8,36,47,589,67.619,5.619,54.139,41.062,8.837,6.582,1.584,74.5,47.908,22.425,4,GOOD,SYNTHETIC,26120
BWG-SIM-001,Baghewala-style representative,1,2026-01-03T02:00:00,soak,24.926,22.126,101,31.8,36,47,589,67.825,5.501,56.424,43.805,9.371,6.534,1.583,74.774,49.879,22.34,8,GOOD,SYNTHETIC,26120
BWG-SIM-001,Baghewala-style representative,1,2026-01-03T03:00:00,soak,24.949,22.149,101,31.8,36,47,589,67.797,5.92,52.869,39.649,9.292,6.528,1.582,71.904,50.527,22.675,10,GOOD,SYNTHETIC,26120
BWG-SIM-001,Baghewala-style representative,1,2026-01-03T04:00:00,soak,24.869,22.069,101,31.8,36,47,589,67.619,5.808,53.269,41.538,8.941,6.39,1.581,74.139,49.586,22.561,7,GOOD,SYNTHETIC,26120
BWG-SIM-001,Baghewala-style representative,1,2026-01-03T05:00:00,soak,25.078,22.278,101,31.8,36,47,589,67.876,5.618,55.854,43.04,8.559,6.482,1.58,76.252,48.627,22.516,5,GOOD,SYNTHETIC,26120
BWG-SIM-001,Baghewala-style representative,1,2026-01-03T06:00:00,soak,24.85,22.05,101,31.8,36,47,589,67.56,5.743,54.314,40.742,9.692,6.497,1.579,73.184,48.734,22.681,6,GOOD,SYNTHETIC,26120
BWG-SIM-001,Baghewala-style representative,1,2026-01-03T07:00:00,soak,24.797,21.997,101,31.8,36,47,589,67.876,5.82,53.718,41.088,9.204,6.402,1.577,73.004,48.85,22.414,6,GOOD,SYNTHETIC,26120
BWG-SIM-001,Baghewala-style representative,1,2026-01-03T08:00:00,soak,25.139,22.339,101,31.8,36,47,589,67.903,5.837,53.579,40.937,8.669,6.441,1.576,74.983,49.381,22.697,7,GOOD,SYNTHETIC,26120
BWG-SIM-001,Baghewala-style representative,1,2026-01-03T09:00:00,soak,24.97,22.17,101,31.8,36,47,589,67.77,5.635,55.558,42.366,9.592,6.271,1.575,79.237,48.851,22.548,4,GOOD,SYNTHETIC,26120
BWG-SIM-001,Baghewala-style representative,1,2026-01-03T10:00:00,soak,24.754,21.954,101,31.8,36,47,589,68.126,5.557,55.03,42.988,9.7,6.341,1.573,78.528,49.086,22.457,4,GOOD,SYNTHETIC,26120
BWG-SIM-001,Baghewala-style representative,1,2026-01-03T11:00:00,soak,24.927,22.127,101,31.8,36,47,589,67.541,5.651,54.382,41.439,9.402,6.387,1.572,74.424,49.772,22.679,8,GOOD,SYNTHETIC,26120
BWG-SIM-001,Baghewala-style representative,1,2026-01-03T12:00:00,soak,24.923,22.123,101,31.8,36,47,589,67.895,5.694,54.524,43.016,8.574,6.344,1.57,78.921,48.159,22.0,2,GOOD,SYNTHETIC,26120
BWG-SIM-001,Baghewala-style representative,1,2026-01-03T13:00:00,soak,24.864,22.064,101,31.8,36,47,589,67.736,5.695,53.413,41.47,8.758,6.278,1.569,75.465,45.75,22.061,0,GOOD,SYNTHETIC,26120
BWG-SIM-001,Baghewala-style representative,1,2026-01-03T14:00:00,soak,24.679,21.879,101,31.8,36,47,589,67.523,5.886,52.941,40.135,9.578,6.111,1.567,78.629,48.317,22.328,3,GOOD,SYNTHETIC,26120
BWG-SIM-001,Baghewala-style representative,1,2026-01-03T15:00:00,soak,24.833,22.033,101,31.8,36,47,589,67.41,6.0,52.711,39.245,9.735,6.327,1.566,72.11,50.535,22.569,10,GOOD,SYNTHETIC,26120
BWG-SIM-001,Baghewala-style representative,1,2026-01-03T16:00:00,soak,24.901,22.101,101,31.8,36,47,589,68.581,5.595,54.883,42.14,9.929,6.288,1.564,75.242,49.545,22.358,7,GOOD,SYNTHETIC,26120
BWG-SIM-001,Baghewala-style representative,1,2026-01-03T17:00:00,soak,24.603,21.803,101,31.8,36,47,589,68.049,5.501,55.948,44.122,8.652,6.31,1.562,78.297,47.599,22.231,2,GOOD,SYNTHETIC,26120
BWG-SIM-001,Baghewala-style representative,1,2026-01-03T18:00:00,soak,24.823,22.023,101,31.8,36,47,589,67.696,6.147,51.791,39.396,9.532,6.2,1.561,73.533,50.633,22.807,10,GOOD,SYNTHETIC,26120
BWG-SIM-001,Baghewala-style representative,1,2026-01-03T19:00:00,soak,24.72,21.92,101,31.8,36,47,589,67.274,5.777,53.789,41.314,8.949,6.203,1.559,78.871,48.62,22.662,3,GOOD,SYNTHETIC,26120
BWG-SIM-001,Baghewala-style representative,1,2026-01-03T20:00:00,soak,24.494,21.694,101,31.8,36,47,589,68.197,5.734,53.795,42.125,8.57,6.175,1.557,78.043,46.585,22.505,0,GOOD,SYNTHETIC,26120
BWG-SIM-001,Baghewala-style representative,1,2026-01-03T21:00:00,soak,24.697,21.897,101,31.8,36,47,589,68.278,5.521,54.206,41.403,9.969,6.364,1.556,73.475,49.478,22.642,7,GOOD,SYNTHETIC,26120
BWG-SIM-001,Baghewala-style representative,1,2026-01-03T22:00:00,soak,24.621,21.821,101,31.8,36,47,589,67.498,5.777,54.183,43.643,9.52,6.134,1.554,77.975,48.108,21.666,3,GOOD,SYNTHETIC,26120
BWG-SIM-001,Baghewala-style representative,1,2026-01-03T23:00:00,soak,24.652,21.852,101,31.8,36,47,589,67.784,6.021,52.798,40.795,9.426,6.264,1.552,77.138,45.956,21.929,0,GOOD,SYNTHETIC,26120
BWG-SIM-001,Baghewala-style representative,1,2026-01-04T00:00:00,soak,24.614,21.814,101,31.8,36,47,589,67.933,5.724,54.131,42.341,9.649,6.173,1.55,78.412,46.511,22.713,0,GOOD,SYNTHETIC,26120
BWG-SIM-001,Baghewala-style representative,1,2026-01-04T01:00:00,soak,24.814,22.014,101,31.8,36,47,589,67.79,6.109,51.328,39.909,9.382,6.137,1.549,76.213,49.246,22.629,6,GOOD,SYNTHETIC,26120
BWG-SIM-001,Baghewala-style representative,1,2026-01-04T02:00:00,soak,24.563,21.763,101,31.8,36,47,589,67.651,5.559,54.932,43.031,9.727,6.065,1.547,83.675,46.738,22.171,0,GOOD,SYNTHETIC,26120
BWG-SIM-001,Baghewala-style representative,1,2026-01-04T03:00:00,soak,24.626,21.826,101,31.8,36,47,589,67.894,5.648,54.14,41.705,8.932,6.148,1.545,78.679,49.228,22.431,5,GOOD,SYNTHETIC,26120
BWG-SIM-001,Baghewala-style representative,1,2026-01-04T04:00:00,soak,24.776,21.976,101,31.8,36,47,589,67.944,5.89,53.807,40.983,9.021,6.036,1.544,82.267,45.173,22.034,0,GOOD,SYNTHETIC,26120
BWG-SIM-001,Baghewala-style representative,1,2026-01-04T05:00:00,soak,24.414,21.614,101,31.8,36,47,589,68.845,5.401,55.693,43.185,9.989,6.166,1.542,80.825,47.443,21.973,0,GOOD,SYNTHETIC,26120
BWG-SIM-001,Baghewala-style representative,1,2026-01-04T06:00:00,soak,24.487,21.687,101,31.8,36,47,589,68.507,5.728,53.232,40.941,9.985,6.141,1.54,83.066,48.984,22.483,2,GOOD,SYNTHETIC,26120
BWG-SIM-001,Baghewala-style representative,1,2026-01-04T07:00:00,soak,24.508,21.708,101,31.8,36,47,589,68.558,5.546,53.845,41.635,9.654,6.26,1.538,77.159,49.439,22.338,6,GOOD,SYNTHETIC,26120
BWG-SIM-001,Baghewala-style representative,1,2026-01-04T08:00:00,soak,24.28,21.48,101,31.8,36,47,589,68.454,5.733,53.754,43.584,10.018,6.144,1.537,80.889,47.799,21.904,1,GOOD,SYNTHETIC,26120
BWG-SIM-001,Baghewala-style representative,1,2026-01-04T09:00:00,soak,24.562,21.762,101,31.8,36,47,589,68.765,5.49,54.695,43.618,10.53,5.971,1.535,86.372,45.271,21.793,0,GOOD,SYNTHETIC,26120
BWG-SIM-001,Baghewala-style representative,1,2026-01-04T10:00:00,soak,24.241,21.441,101,31.8,36,47,589,68.119,5.657,54.134,41.82,10.936,6.089,1.534,80.382,45.398,21.637,0,GOOD,SYNTHETIC,26120
BWG-SIM-001,Baghewala-style representative,1,2026-01-04T11:00:00,production,24.541,21.741,101,31.8,36,47,589,68.619,5.429,55.632,44.674,10.7,6.152,1.532,85.08,46.392,22.184,0,GOOD,SYNTHETIC,26120
BWG-SIM-001,Baghewala-style representative,1,2026-01-04T12:00:00,production,24.204,21.404,101,31.8,36,47,589,68.961,5.241,56.102,45.193,9.904,6.157,1.53,83.313,47.582,22.403,0,GOOD,SYNTHETIC,26120
BWG-SIM-001,Baghewala-style representative,1,2026-01-04T13:00:00,production,24.235,21.435,101,31.8,36,47,589,67.64,5.649,54.673,41.763,10.202,6.19,1.529,81.192,48.195,22.589,1,GOOD,SYNTHETIC,26120
BWG-SIM-001,Baghewala-style representative,1,2026-01-04T14:00:00,production,24.486,21.686,101,31.8,36,47,589,68.223,5.609,54.243,42.637,9.9,6.281,1.527,78.942,49.129,22.455,4,GOOD,SYNTHETIC,26120
BWG-SIM-001,Baghewala-style representative,1,2026-01-04T15:00:00,production,24.157,21.357,101,31.8,36,47,589,68.075,5.939,52.555,40.281,10.027,6.26,1.526,79.003,46.515,21.912,0,GOOD,SYNTHETIC,26120
BWG-SIM-001,Baghewala-style representative,1,2026-01-04T16:00:00,production,24.205,21.405,101,31.8,36,47,589,68.124,5.514,53.945,40.569,9.99,6.115,1.525,79.675,47.178,22.022,0,GOOD,SYNTHETIC,26120
BWG-SIM-001,Baghewala-style representative,1,2026-01-04T17:00:00,production,24.081,21.281,101,31.8,36,47,589,67.783,5.691,54.392,42.09,10.681,6.03,1.523,83.376,46.631,21.74,0,GOOD,SYNTHETIC,26120
BWG-SIM-001,Baghewala-style representative,1,2026-01-04T18:00:00,production,24.01,21.21,101,31.8,36,47,589,66.879,6.366,51.359,39.423,10.527,6.303,1.522,77.018,49.849,22.375,7,GOOD,SYNTHETIC,26120
BWG-SIM-001,Baghewala-style representative,1,2026-01-04T19:00:00,production,23.992,21.192,101,31.8,36,47,589,67.382,5.689,53.268,40.655,10.261,6.244,1.521,78.779,49.227,22.912,5,GOOD,SYNTHETIC,26120
BWG-SIM-001,Baghewala-style representative,1,2026-01-04T20:00:00,production,23.904,21.104,101,31.8,36,47,589,67.907,5.842,53.842,41.881,9.777,6.256,1.52,76.908,48.788,22.334,5,GOOD,SYNTHETIC,26120
BWG-SIM-001,Baghewala-style representative,1,2026-01-04T21:00:00,production,24.083,21.283,101,31.8,36,47,589,67.055,6.136,51.265,38.268,9.957,6.085,1.519,78.946,48.255,22.234,3,GOOD,SYNTHETIC,26120
BWG-SIM-001,Baghewala-style representative,1,2026-01-04T22:00:00,production,24.122,21.322,101,31.8,36,47,589,67.067,5.71,52.997,40.019,10.357,6.34,1.518,76.029,46.372,22.409,0,GOOD,SYNTHETIC,26120
BWG-SIM-001,Baghewala-style representative,1,2026-01-04T23:00:00,production,24.025,21.225,101,31.8,36,47,589,67.305,5.67,53.802,41.837,10.598,6.319,1.517,76.979,48.508,22.76,4,GOOD,SYNTHETIC,26120
BWG-SIM-001,Baghewala-style representative,1,2026-01-05T00:00:00,production,24.051,21.251,101,31.8,36,47,589,67.13,5.973,53.596,40.627,10.617,6.325,1.516,76.951,47.71,22.487,2,GOOD,SYNTHETIC,26120
BWG-SIM-001,Baghewala-style representative,1,2026-01-05T01:00:00,production,23.951,21.151,101,31.8,36,47,589,67.482,5.899,52.192,40.948,10.295,6.287,1.515,76.097,49.568,22.675,6,GOOD,SYNTHETIC,26120
BWG-SIM-001,Baghewala-style representative,1,2026-01-05T02:00:00,production,23.913,21.113,101,31.8,36,47,589,65.866,6.294,50.614,37.817,10.029,6.343,1.514,71.196,48.368,22.709,6,GOOD,SYNTHETIC,26120
BWG-SIM-001,Baghewala-style representative,1,2026-01-05T03:00:00,production,23.65,20.85,101,31.8,36,47,589,67.019,5.68,53.73,41.871,10.308,6.409,1.513,77.278,48.414,22.425,4,GOOD,SYNTHETIC,26120
BWG-SIM-001,Baghewala-style representative,1,2026-01-05T04:00:00,production,23.71,20.91,101,31.8,36,47,589,66.633,6.064,52.193,40.203,10.56,6.331,1.513,74.986,49.981,22.439,8,GOOD,SYNTHETIC,26120
BWG-SIM-001,Baghewala-style representative,1,2026-01-05T05:00:00,production,23.831,21.031,101,31.8,36,47,589,67.148,5.743,53.411,39.97,10.901,6.468,1.512,75.267,49.075,22.733,6,GOOD,SYNTHETIC,26120
BWG-SIM-001,Baghewala-style representative,1,2026-01-05T06:00:00,production,23.748,20.948,101,31.8,36,47,589,66.166,6.392,50.932,38.516,10.361,6.371,1.512,72.259,49.057,22.481,7,GOOD,SYNTHETIC,26120
BWG-SIM-001,Baghewala-style representative,1,2026-01-05T07:00:00,production,23.698,20.898,101,31.8,36,47,589,66.702,6.039,51.799,38.561,10.397,6.49,1.511,75.373,51.456,22.197,11,GOOD,SYNTHETIC,26120
BWG-SIM-001,Baghewala-style representative,1,2026-01-05T08:00:00,production,23.714,20.914,101,31.8,36,47,589,66.798,6.025,51.444,38.061,10.98,6.472,1.511,71.262,49.035,22.175,8,GOOD,SYNTHETIC,26120
BWG-SIM-001,Baghewala-style representative,1,2026-01-05T09:00:00,production,23.74,20.94,101,31.8,36,47,589,66.289,6.076,50.611,37.182,10.636,6.413,1.51,71.537,49.136,22.991,8,GOOD,SYNTHETIC,26120
BWG-SIM-001,Baghewala-style representative,1,2026-01-05T10:00:00,production,23.415,20.615,101,31.8,36,47,589,66.711,5.859,52.247,40.59,11.274,6.406,1.51,73.839,48.663,22.345,6,GOOD,SYNTHETIC,26120
BWG-SIM-001,Baghewala-style representative,1,2026-01-05T11:00:00,production,23.544,20.744,101,31.8,36,47,589,65.863,6.188,50.948,38.265,10.577,6.439,1.51,72.859,50.44,22.696,10,GOOD,SYNTHETIC,26120
BWG-SIM-001,Baghewala-style representative,1,2026-01-05T12:00:00,production,23.842,21.042,101,31.8,36,47,589,65.876,6.3,50.256,36.822,10.823,6.412,1.51,72.558,48.948,22.482,7,GOOD,SYNTHETIC,26120
BWG-SIM-001,Baghewala-style representative,1,2026-01-05T13:00:00,production,23.458,20.658,101,31.8,36,47,589,66.748,5.688,52.769,38.811,11.251,6.548,1.51,72.946,50.687,23.172,10,GOOD,SYNTHETIC,26120
BWG-SIM-001,Baghewala-style representative,1,2026-01-05T14:00:00,production,23.627,20.827,101,31.8,36,47,589,66.536,5.91,52.161,40.954,10.818,6.553,1.51,74.678,49.089,22.351,6,GOOD,SYNTHETIC,26120
BWG-SIM-001,Baghewala-style representative,1,2026-01-05T15:00:00,production,23.421,20.621,101,31.8,36,47,589,66.054,6.27,50.2,35.993,10.592,6.54,1.51,69.599,51.894,23.138,14,GOOD,SYNTHETIC,26120
BWG-SIM-001,Baghewala-style representative,1,2026-01-05T16:00:00,production,23.506,20.706,101,31.8,36,47,589,66.036,6.346,50.876,38.265,11.457,6.516,1.51,72.56,51.05,22.505,11,GOOD,SYNTHETIC,26120
BWG-SIM-001,Baghewala-style representative,1,2026-01-05T17:00:00,production,23.645,20.845,101,31.8,36,47,589,66.608,6.108,51.921,39.32,10.958,6.481,1.511,74.335,49.309,21.974,7,GOOD,SYNTHETIC,26120
BWG-SIM-001,Baghewala-style representative,1,2026-01-05T18:00:00,production,23.37,20.57,101,31.8,36,47,589,66.821,5.792,53.046,40.264,11.253,6.621,1.511,71.993,51.9,23.297,13,GOOD,SYNTHETIC,26120
BWG-SIM-001,Baghewala-style representative,1,2026-01-05T19:00:00,production,23.341,20.541,101,31.8,36,47,589,66.476,6.423,50.762,37.208,11.199,6.758,1.512,66.924,51.714,22.921,15,GOOD,SYNTHETIC,26120
BWG-SIM-001,Baghewala-style representative,1,2026-01-05T20:00:00,production,23.305,20.505,101,31.8,36,47,589,66.206,6.118,50.715,36.929,11.065,6.78,1.512,67.124,51.837,23.535,15,GOOD,SYNTHETIC,26120
BWG-SIM-001,Baghewala-style representative,1,2026-01-05T21:00:00,production,23.439,20.639,101,31.8,36,47,589,66.35,6.056,51.8,39.751,10.955,6.694,1.513,73.229,47.696,22.481,4,GOOD,SYNTHETIC,26120
BWG-SIM-001,Baghewala-style representative,1,2026-01-05T22:00:00,production,23.215,20.415,101,31.8,36,47,589,66.119,6.224,50.665,36.719,10.698,6.721,1.513,68.317,49.425,23.058,10,GOOD,SYNTHETIC,26120
BWG-SIM-001,Baghewala-style representative,1,2026-01-05T23:00:00,production,23.061,20.261,101,31.8,36,47,589,66.309,6.145,50.582,37.523,10.934,6.768,1.514,66.706,51.077,23.177,14,GOOD,SYNTHETIC,26120
BWG-SIM-001,Baghewala-style representative,1,2026-01-06T00:00:00,production,23.182,20.382,101,31.8,36,47,589,66.125,6.33,50.789,38.834,11.252,6.825,1.515,70.46,51.639,22.781,13,GOOD,SYNTHETIC,26120
BWG-SIM-001,Baghewala-style representative,1,2026-01-06T01:00:00,production,23.104,20.304,101,31.8,36,47,589,65.611,6.515,49.398,35.948,11.232,6.856,1.516,64.9,51.845,23.331,16,GOOD,SYNTHETIC,26120
BWG-SIM-001,Baghewala-style representative,1,2026-01-06T02:00:00,production,23.448,20.648,101,31.8,36,47,589,65.906,6.405,49.825,36.964,11.026,6.781,1.517,65.002,50.713,22.745,14,GOOD,SYNTHETIC,26120
BWG-SIM-001,Baghewala-style representative,1,2026-01-06T03:00:00,production,23.324,20.524,101,31.8,36,47,589,66.309,6.29,50.517,38.607,11.288,6.952,1.518,67.395,53.269,23.149,18,GOOD,SYNTHETIC,26120
BWG-SIM-001,Baghewala-style representative,1,2026-01-06T04:00:00,production,23.145,20.345,101,31.8,36,47,589,66.015,6.187,51.402,38.005,10.873,6.824,1.519,69.492,51.906,22.962,14,GOOD,SYNTHETIC,26120
BWG-SIM-001,Baghewala-style representative,1,2026-01-06T05:00:00,production,23.109,20.309,101,31.8,36,47,589,65.55,6.345,49.892,36.82,11.243,6.831,1.52,64.62,50.44,22.987,13,GOOD,SYNTHETIC,26120
BWG-SIM-001,Baghewala-style representative,1,2026-01-06T06:00:00,production,22.951,20.151,101,31.8,36,47,589,65.836,6.152,50.608,38.063,10.94,6.814,1.521,66.017,50.365,23.2,13,GOOD,SYNTHETIC,26120
BWG-SIM-001,Baghewala-style representative,1,2026-01-06T07:00:00,production,22.98,20.18,101,31.8,36,47,589,66.176,6.34,50.657,37.746,11.541,6.734,1.522,68.745,51.662,22.896,14,GOOD,SYNTHETIC,26120
BWG-SIM-001,Baghewala-style representative,1,2026-01-06T08:00:00,production,23.106,20.306,101,31.8,36,47,589,66.161,6.268,50.567,37.334,11.666,6.69,1.524,68.928,53.375,23.304,17,GOOD,SYNTHETIC,26120
BWG-SIM-001,Baghewala-style representative,1,2026-01-06T09:00:00,production,22.762,19.962,101,31.8,36,47,589,65.788,6.383,50.914,38.581,11.801,6.857,1.525,68.842,49.611,23.123,10,GOOD,SYNTHETIC,26120
BWG-SIM-001,Baghewala-style representative,1,2026-01-06T10:00:00,production,23.003,20.203,101,31.8,36,47,589,66.025,6.256,49.797,37.805,10.356,6.765,1.526,67.387,51.427,22.818,14,GOOD,SYNTHETIC,26120
BWG-SIM-001,Baghewala-style representative,1,2026-01-06T11:00:00,production,23.281,20.481,101,31.8,36,47,589,66.409,6.157,50.542,38.149,11.662,6.671,1.528,70.54,49.278,22.919,8,GOOD,SYNTHETIC,26120
BWG-SIM-001,Baghewala-style representative,1,2026-01-06T12:00:00,production,22.955,20.155,101,31.8,36,47,589,65.389,6.403,51.183,38.005,11.32,6.828,1.529,68.289,49.795,23.105,10,GOOD,SYNTHETIC,26120
BWG-SIM-001,Baghewala-style representative,1,2026-01-06T13:00:00,production,22.848,20.048,101,31.8,36,47,589,65.619,6.25,50.581,37.72,11.562,6.889,1.531,64.398,50.401,23.263,13,GOOD,SYNTHETIC,26120
BWG-SIM-001,Baghewala-style representative,1,2026-01-06T14:00:00,production,23.178,20.378,101,31.8,36,47,589,65.975,6.233,49.884,36.917,10.854,6.772,1.532,66.008,50.316,22.767,13,GOOD,SYNTHETIC,26120
BWG-SIM-001,Baghewala-style representative,1,2026-01-06T15:00:00,production,22.922,20.122,101,31.8,36,47,589,65.696,6.398,49.697,37.689,12.155,6.781,1.534,67.235,51.681,23.392,15,GOOD,SYNTHETIC,26120
BWG-SIM-001,Baghewala-style representative,1,2026-01-06T16:00:00,production,22.94,20.14,101,31.8,36,47,589,65.435,6.372,49.692,36.829,12.052,7.008,1.536,65.547,51.753,23.173,16,GOOD,SYNTHETIC,26120
BWG-SIM-001,Baghewala-style representative,1,2026-01-06T17:00:00,production,23.046,20.246,101,31.8,36,47,589,65.595,5.983,51.805,40.333,11.138,6.828,1.537,68.235,52.601,23.371,16,GOOD,SYNTHETIC,26120
BWG-SIM-001,Baghewala-style representative,1,2026-01-06T18:00:00,production,23.152,20.352,101,31.8,36,47,589,65.358,6.497,50.112,37.94,12.129,6.913,1.539,64.362,52.09,22.653,17,GOOD,SYNTHETIC,26120
BWG-SIM-001,Baghewala-style representative,1,2026-01-06T19:00:00,production,22.852,20.052,101,31.8,36,47,589,65.785,6.541,49.912,36.862,11.655,6.966,1.541,65.632,52.405,23.693,17,GOOD,SYNTHETIC,26120
BWG-SIM-001,Baghewala-style representative,1,2026-01-06T20:00:00,production,22.853,20.053,101,31.8,36,47,589,65.074,6.749,48.466,35.173,12.259,6.835,1.542,63.361,54.379,23.387,22,GOOD,SYNTHETIC,26120
BWG-SIM-001,Baghewala-style representative,1,2026-01-06T21:00:00,production,22.921,20.121,101,31.8,36,47,589,65.009,6.746,49.089,37.151,11.897,6.707,1.544,65.704,53.106,23.136,18,GOOD,SYNTHETIC,26120
BWG-SIM-001,Baghewala-style representative,1,2026-01-06T22:00:00,production,22.854,20.054,101,31.8,36,47,589,65.776,6.126,50.906,38.11,12.291,6.834,1.546,67.482,49.379,23.147,10,GOOD,SYNTHETIC,26120
BWG-SIM-001,Baghewala-style representative,1,2026-01-06T23:00:00,production,22.868,20.068,101,31.8,36,47,589,65.534,6.54,49.344,35.696,11.649,6.77,1.547,66.089,51.914,23.118,16,GOOD,SYNTHETIC,26120
BWG-SIM-001,Baghewala-style representative,1,2026-01-07T00:00:00,production,22.95,20.15,101,31.8,36,47,589,65.012,6.594,49.529,36.615,11.588,6.854,1.549,65.467,52.538,23.057,17,GOOD,SYNTHETIC,26120
BWG-SIM-001,Baghewala-style representative,1,2026-01-07T01:00:00,production,22.9,20.1,101,31.8,36,47,589,65.469,6.255,50.687,38.279,11.924,6.623,1.551,66.872,49.992,22.274,11,GOOD,SYNTHETIC,26120
BWG-SIM-001,Baghewala-style representative,1,2026-01-07T02:00:00,production,22.694,19.894,101,31.8,36,47,589,64.557,6.467,50.445,37.499,12.253,6.806,1.553,66.049,51.233,23.072,14,GOOD,SYNTHETIC,26120
BWG-SIM-001,Baghewala-style representative,1,2026-01-07T03:00:00,production,22.662,19.862,101,31.8,36,47,589,64.713,6.64,48.491,37.046,11.679,6.686,1.554,65.176,52.048,22.796,16,GOOD,SYNTHETIC,26120
BWG-SIM-001,Baghewala-style representative,1,2026-01-07T04:00:00,production,22.73,19.93,101,31.8,36,47,589,64.523,6.542,49.377,36.76,11.936,6.723,1.556,67.502,51.228,23.161,14,GOOD,SYNTHETIC,26120
BWG-SIM-001,Baghewala-style representative,1,2026-01-07T05:00:00,production,22.689,19.889,101,31.8,36,47,589,64.41,6.729,48.637,34.808,13.026,6.671,1.558,64.834,50.886,22.968,14,GOOD,SYNTHETIC,26120
BWG-SIM-001,Baghewala-style representative,1,2026-01-07T06:00:00,production,22.82,20.02,101,31.8,36,47,589,64.053,6.988,47.476,34.144,11.752,6.699,1.559,60.72,53.3,22.838,21,GOOD,SYNTHETIC,26120
BWG-SIM-001,Baghewala-style representative,1,2026-01-07T07:00:00,production,22.997,20.197,101,31.8,36,47,589,64.812,6.877,48.81,36.452,11.695,6.7,1.561,65.601,50.746,22.848,14,GOOD,SYNTHETIC,26120
BWG-SIM-001,Baghewala-style representative,1,2026-01-07T08:00:00,production,22.617,19.817,101,31.8,36,47,589,64.113,6.988,48.399,36.299,12.023,6.552,1.563,65.283,51.453,23.105,15,GOOD,SYNTHETIC,26120
BWG-SIM-001,Baghewala-style representative,1,2026-01-07T09:00:00,production,22.892,20.092,101,31.8,36,47,589,64.059,6.716,48.808,35.375,11.667,6.601,1.564,67.762,53.199,22.867,18,GOOD,SYNTHETIC,26120
BWG-SIM-001,Baghewala-style representative,1,2026-01-07T10:00:00,production,22.765,19.965,101,31.8,36,47,589,63.982,6.47,48.381,36.454,12.146,6.587,1.566,65.208,50.951,22.68,14,GOOD,SYNTHETIC,26120
BWG-SIM-001,Baghewala-style representative,1,2026-01-07T11:00:00,production,22.88,20.08,101,31.8,36,47,589,63.446,7.217,47.476,34.531,12.912,6.71,1.568,64.1,53.511,23.593,20,GOOD,SYNTHETIC,26120
BWG-SIM-001,Baghewala-style representative,1,2026-01-07T12:00:00,production,22.769,19.969,101,31.8,36,47,589,64.17,6.629,48.66,35.282,12.717,6.437,1.569,67.765,50.588,22.698,12,GOOD,SYNTHETIC,26120
BWG-SIM-001,Baghewala-style representative,1,2026-01-07T13:00:00,production,23.018,20.218,101,31.8,36,47,589,64.051,6.615,49.051,35.714,12.405,6.532,1.571,66.237,51.785,22.837,15,GOOD,SYNTHETIC,26120
BWG-SIM-001,Baghewala-style representative,1,2026-01-07T14:00:00,production,22.892,20.092,101,31.8,36,47,589,63.261,6.836,48.755,37.347,11.982,6.504,1.572,64.668,50.848,22.856,14,GOOD,SYNTHETIC,26120
BWG-SIM-001,Baghewala-style representative,1,2026-01-07T15:00:00,production,22.711,19.911,101,31.8,36,47,589,63.063,7.084,46.973,33.566,12.331,6.493,1.574,62.973,51.662,22.927,17,GOOD,SYNTHETIC,26120
BWG-SIM-001,Baghewala-style representative,1,2026-01-07T16:00:00,production,22.991,20.191,101,31.8,36,47,589,62.932,7.372,46.647,33.981,12.256,6.366,1.575,62.193,49.077,22.744,12,GOOD,SYNTHETIC,26120
BWG-SIM-001,Baghewala-style representative,1,2026-01-07T17:00:00,production,22.649,19.849,101,31.8,36,47,589,62.886,7.193,46.518,33.562,13.103,6.531,1.576,63.2,52.549,23.19,18,GOOD,SYNTHETIC,26120
BWG-SIM-001,Baghewala-style representative,1,2026-01-07T18:00:00,production,22.836,20.036,101,31.8,36,47,589,62.455,7.268,47.518,34.619,11.969,6.477,1.578,65.26,52.191,23.137,17,GOOD,SYNTHETIC,26120
BWG-SIM-001,Baghewala-style representative,1,2026-01-07T19:00:00,production,22.886,20.086,101,31.8,36,47,589,62.554,7.29,47.38,34.952,12.332,6.533,1.579,61.511,52.841,23.142,20,GOOD,SYNTHETIC,26120
BWG-SIM-001,Baghewala-style representative,1,2026-01-07T20:00:00,production,22.651,19.851,101,31.8,36,47,589,62.261,7.179,47.152,35.245,12.848,6.388,1.58,65.495,50.55,22.489,13,GOOD,SYNTHETIC,26120
BWG-SIM-001,Baghewala-style representative,1,2026-01-07T21:00:00,production,22.978,20.178,101,31.8,36,47,589,62.072,7.542,45.336,32.033,12.373,6.294,1.581,62.757,50.957,22.934,15,GOOD,SYNTHETIC,26120
BWG-SIM-001,Baghewala-style representative,1,2026-01-07T22:00:00,production,22.783,19.983,101,31.8,36,47,589,61.729,7.6,45.27,32.475,12.759,6.39,1.582,62.796,50.89,22.778,15,GOOD,SYNTHETIC,26120
BWG-SIM-001,Baghewala-style representative,1,2026-01-07T23:00:00,production,22.922,20.122,101,31.8,36,47,589,61.652,7.606,45.476,33.663,12.38,6.217,1.583,63.438,51.064,22.526,15,GOOD,SYNTHETIC,26120
BWG-SIM-001,Baghewala-style representative,1,2026-01-08T00:00:00,production,22.833,20.033,101,31.8,36,47,589,61.129,7.693,45.386,32.165,12.106,6.585,1.584,60.016,51.935,23.065,18,GOOD,SYNTHETIC,26120
BWG-SIM-001,Baghewala-style representative,1,2026-01-08T01:00:00,production,22.791,19.991,101,31.8,36,47,589,61.188,7.585,46.107,33.071,12.591,6.329,1.585,65.125,51.115,23.014,15,GOOD,SYNTHETIC,26120
BWG-SIM-001,Baghewala-style representative,1,2026-01-08T02:00:00,production,23.118,20.318,101,31.8,36,47,589,61.191,7.809,45.834,33.698,12.094,6.196,1.586,65.617,49.626,22.127,11,GOOD,SYNTHETIC,26120
BWG-SIM-001,Baghewala-style representative,1,2026-01-08T03:00:00,production,22.852,20.052,101,31.8,36,47,589,61.045,7.813,44.522,32.807,12.957,6.286,1.587,63.325,51.616,22.546,16,GOOD,SYNTHETIC,26120
BWG-SIM-001,Baghewala-style representative,1,2026-01-08T04:00:00,production,23.014,20.214,101,31.8,36,47,589,60.656,7.937,46.478,35.664,13.061,6.226,1.587,69.048,48.698,22.364,8,GOOD,SYNTHETIC,26120
BWG-SIM-001,Baghewala-style representative,1,2026-01-08T05:00:00,production,23.22,20.42,101,31.8,36,47,589,60.213,8.396,45.276,32.46,12.591,6.172,1.588,63.157,51.259,22.517,16,GOOD,SYNTHETIC,26120
BWG-SIM-001,Baghewala-style representative,1,2026-01-08T06:00:00,production,22.924,20.124,101,31.8,36,47,589,60.553,7.911,45.532,32.844,13.237,6.212,1.588,63.658,51.439,22.295,16,GOOD,SYNTHETIC,26120
BWG-SIM-001,Baghewala-style representative,1,2026-01-08T07:00:00,production,23.089,20.289,101,31.8,36,47,589,59.98,8.054,44.74,32.86,12.252,6.355,1.589,62.843,51.488,22.27,16,GOOD,SYNTHETIC,26120
BWG-SIM-001,Baghewala-style representative,1,2026-01-08T08:00:00,production,23.105,20.305,101,31.8,36,47,589,59.174,8.269,44.433,32.632,12.47,6.228,1.589,62.113,52.832,22.897,19,GOOD,SYNTHETIC,26120
BWG-SIM-001,Baghewala-style representative,1,2026-01-08T09:00:00,production,23.021,20.221,101,31.8,36,47,589,59.177,8.707,42.398,30.886,12.403,6.223,1.589,60.84,51.214,22.801,17,GOOD,SYNTHETIC,26120
BWG-SIM-001,Baghewala-style representative,1,2026-01-08T10:00:00,production,23.017,20.217,101,31.8,36,47,589,59.185,8.522,43.938,30.01,12.621,6.177,1.59,62.048,50.92,22.811,16,GOOD,SYNTHETIC,26120
BWG-SIM-001,Baghewala-style representative,1,2026-01-08T11:00:00,production,23.068,20.268,101,31.8,36,47,589,59.25,8.592,44.154,31.713,12.534,6.229,1.59,62.007,51.977,23.282,18,GOOD,SYNTHETIC,26120
BWG-SIM-001,Baghewala-style representative,1,2026-01-08T12:00:00,production,23.026,20.226,101,31.8,36,47,589,58.336,9.114,43.107,30.574,12.795,6.236,1.59,58.541,51.266,22.712,18,GOOD,SYNTHETIC,26120
BWG-SIM-001,Baghewala-style representative,1,2026-01-08T13:00:00,production,23.017,20.217,101,31.8,36,47,589,58.989,8.578,43.163,30.231,13.482,6.211,1.59,60.46,51.663,22.775,18,GOOD,SYNTHETIC,26120
BWG-SIM-001,Baghewala-style representative,1,2026-01-08T14:00:00,production,23.005,20.205,101,31.8,36,47,589,58.665,8.94,43.41,31.502,12.913,6.049,1.59,64.163,50.045,22.624,13,GOOD,SYNTHETIC,26120
BWG-SIM-001,Baghewala-style representative,1,2026-01-08T15:00:00,production,23.074,20.274,101,31.8,36,47,589,58.864,8.454,42.942,30.306,13.128,6.228,1.59,61.899,50.981,22.481,16,GOOD,SYNTHETIC,26120
BWG-SIM-001,Baghewala-style representative,1,2026-01-08T16:00:00,production,23.044,20.244,101,31.8,36,47,589,58.669,8.638,43.879,32.305,12.155,6.102,1.59,64.805,50.773,22.907,14,GOOD,SYNTHETIC,26120
BWG-SIM-001,Baghewala-style representative,1,2026-01-08T17:00:00,production,23.291,20.491,101,31.8,36,47,589,58.032,9.156,41.498,28.361,13.348,6.192,1.589,58.948,53.308,22.957,22,GOOD,SYNTHETIC,26120
BWG-SIM-001,Baghewala-style representative,1,2026-01-08T18:00:00,production,23.103,20.303,101,31.8,36,47,589,57.653,9.124,42.848,30.245,13.091,6.065,1.589,61.551,51.586,22.515,17,GOOD,SYNTHETIC,26120
BWG-SIM-001,Baghewala-style representative,1,2026-01-08T19:00:00,production,22.974,20.174,101,31.8,36,47,589,57.3,9.572,42.003,31.173,12.695,6.257,1.588,56.841,51.531,22.442,19,GOOD,SYNTHETIC,26120
BWG-SIM-001,Baghewala-style representative,1,2026-01-08T20:00:00,production,23.332,20.532,101,31.8,36,47,589,56.535,9.293,42.986,31.981,13.727,6.017,1.588,62.449,51.188,22.449,16,GOOD,SYNTHETIC,26120
BWG-SIM-001,Baghewala-style representative,1,2026-01-08T21:00:00,production,23.278,20.478,101,31.8,36,47,589,57.252,9.291,43.097,30.885,13.23,6.07,1.587,61.135,50.0,22.486,14,GOOD,SYNTHETIC,26120
BWG-SIM-001,Baghewala-style representative,1,2026-01-08T22:00:00,production,23.272,20.472,101,31.8,36,47,589,57.115,9.55,42.382,29.935,13.413,6.136,1.587,58.629,51.314,22.63,18,GOOD,SYNTHETIC,26120
BWG-SIM-001,Baghewala-style representative,1,2026-01-08T23:00:00,production,23.47,20.67,101,31.8,36,47,589,56.779,9.319,42.03,29.607,13.494,6.193,1.586,58.842,51.569,22.845,18,GOOD,SYNTHETIC,26120
BWG-SIM-001,Baghewala-style representative,1,2026-01-09T00:00:00,production,23.094,20.294,101,31.8,36,47,589,56.32,9.366,42.19,29.889,13.508,6.23,1.585,59.333,52.018,22.503,19,GOOD,SYNTHETIC,26120
BWG-SIM-001,Baghewala-style representative,1,2026-01-09T01:00:00,production,23.207,20.407,101,31.8,36,47,589,56.419,9.654,40.868,28.213,13.547,6.18,1.584,58.699,52.038,22.769,19,GOOD,SYNTHETIC,26120
BWG-SIM-001,Baghewala-style representative,1,2026-01-09T02:00:00,production,23.268,20.468,101,31.8,36,47,589,55.914,10.078,40.064,28.032,13.215,6.173,1.583,56.736,53.744,23.128,24,GOOD,SYNTHETIC,26120
BWG-SIM-001,Baghewala-style representative,1,2026-01-09T03:00:00,production,23.397,20.597,101,31.8,36,47,589,56.401,9.643,42.149,28.638,13.006,6.402,1.582,54.841,53.662,23.5,24,GOOD,SYNTHETIC,26120
BWG-SIM-001,Baghewala-style representative,1,2026-01-09T04:00:00,production,23.306,20.506,101,31.8,36,47,589,55.73,9.649,41.84,29.431,14.094,6.254,1.581,56.017,52.046,22.683,20,GOOD,SYNTHETIC,26120
BWG-SIM-001,Baghewala-style representative,1,2026-01-09T05:00:00,production,23.236,20.436,101,31.8,36,47,589,55.426,10.059,40.486,29.341,13.399,6.257,1.58,57.474,48.969,22.277,14,GOOD,SYNTHETIC,26120
BWG-SIM-001,Baghewala-style representative,1,2026-01-09T06:00:00,production,23.436,20.636,101,31.8,36,47,589,55.696,9.992,41.025,28.113,13.527,6.196,1.579,59.907,51.715,22.267,18,GOOD,SYNTHETIC,26120
BWG-SIM-001,Baghewala-style representative,1,2026-01-09T07:00:00,production,23.322,20.522,101,31.8,36,47,589,55.268,10.064,41.026,29.799,13.171,6.359,1.578,57.679,54.765,22.971,25,GOOD,SYNTHETIC,26120
BWG-SIM-001,Baghewala-style representative,1,2026-01-09T08:00:00,production,23.558,20.758,101,31.8,36,47,589,55.061,10.314,40.426,29.106,12.886,6.162,1.577,59.209,53.674,22.774,22,GOOD,SYNTHETIC,26120
BWG-SIM-001,Baghewala-style representative,1,2026-01-09T09:00:00,production,23.505,20.705,101,31.8,36,47,589,55.277,10.125,42.174,29.504,14.233,6.215,1.575,60.924,53.069,23.243,20,GOOD,SYNTHETIC,26120
BWG-SIM-001,Baghewala-style representative,1,2026-01-09T10:00:00,production,23.66,20.86,101,31.8,36,47,589,54.679,10.367,41.952,29.828,13.952,6.132,1.574,60.541,52.428,22.549,19,GOOD,SYNTHETIC,26120
BWG-SIM-001,Baghewala-style representative,1,2026-01-09T11:00:00,production,23.539,20.739,101,31.8,36,47,589,54.852,10.091,41.202,29.458,13.629,6.216,1.573,59.761,52.935,22.51,21,GOOD,SYNTHETIC,26120
BWG-SIM-001,Baghewala-style representative,1,2026-01-09T12:00:00,production,23.529,20.729,101,31.8,36,47,589,54.78,10.26,42.263,29.86,13.799,6.4,1.571,60.383,53.104,23.091,21,GOOD,SYNTHETIC,26120
BWG-SIM-001,Baghewala-style representative,1,2026-01-09T13:00:00,production,23.7,20.9,101,31.8,36,47,589,54.299,10.826,41.185,29.619,14.172,6.268,1.57,58.302,53.176,22.319,22,GOOD,SYNTHETIC,26120
BWG-SIM-001,Baghewala-style representative,1,2026-01-09T14:00:00,production,23.567,20.767,101,31.8,36,47,589,55.1,10.306,40.833,29.327,13.75,6.309,1.568,58.509,52.332,22.502,20,GOOD,SYNTHETIC,26120
BWG-SIM-001,Baghewala-style representative,1,2026-01-09T15:00:00,production,23.53,20.73,101,31.8,36,47,589,53.703,11.051,40.177,28.18,13.278,6.305,1.566,57.162,56.437,23.507,29,GOOD,SYNTHETIC,26120
BWG-SIM-001,Baghewala-style representative,1,2026-01-09T16:00:00,production,23.664,20.864,101,31.8,36,47,589,53.923,10.606,40.046,28.391,13.858,6.501,1.565,55.665,54.015,23.409,25,GOOD,SYNTHETIC,26120
BWG-SIM-001,Baghewala-style representative,1,2026-01-09T17:00:00,production,23.689,20.889,101,31.8,36,47,589,53.462,11.0,40.359,27.503,13.442,6.424,1.563,54.255,54.016,23.089,25,GOOD,SYNTHETIC,26120
BWG-SIM-001,Baghewala-style representative,1,2026-01-09T18:00:00,production,23.595,20.795,101,31.8,36,47,589,54.21,10.783,41.312,28.233,14.005,6.331,1.562,57.87,54.351,23.058,24,GOOD,SYNTHETIC,26120
BWG-SIM-001,Baghewala-style representative,1,2026-01-09T19:00:00,production,23.672,20.872,101,31.8,36,47,589,53.296,11.279,38.748,27.301,13.938,6.292,1.56,56.868,54.039,23.365,24,GOOD,SYNTHETIC,26120
BWG-SIM-001,Baghewala-style representative,1,2026-01-09T20:00:00,production,23.592,20.792,101,31.8,36,47,589,53.823,10.736,40.586,27.311,13.341,6.402,1.558,57.935,55.532,23.007,27,GOOD,SYNTHETIC,26120
BWG-SIM-001,Baghewala-style representative,1,2026-01-09T21:00:00,production,23.807,21.007,101,31.8,36,47,589,53.711,11.086,39.97,27.98,13.853,6.455,1.557,53.328,55.708,23.148,29,GOOD,SYNTHETIC,26120
BWG-SIM-001,Baghewala-style representative,1,2026-01-09T22:00:00,production,23.83,21.03,101,31.8,36,47,589,54.078,10.466,40.143,29.07,14.144,6.617,1.555,54.844,54.401,23.161,26,GOOD,SYNTHETIC,26120
BWG-SIM-001,Baghewala-style representative,1,2026-01-09T23:00:00,production,23.577,20.777,101,31.8,36,47,589,52.809,11.347,39.745,28.516,14.288,6.517,1.553,55.674,53.474,22.902,23,GOOD,SYNTHETIC,26120
BWG-SIM-001,Baghewala-style representative,1,2026-01-10T00:00:00,production,23.833,21.033,101,31.8,36,47,589,52.547,11.597,38.996,25.558,13.558,6.663,1.551,50.006,57.594,23.536,34,GOOD,SYNTHETIC,26120
BWG-SIM-001,Baghewala-style representative,1,2026-01-10T01:00:00,production,23.83,21.03,101,31.8,36,47,589,53.116,11.43,40.149,28.969,14.317,6.465,1.55,53.891,54.406,22.687,26,GOOD,SYNTHETIC,26120
BWG-SIM-001,Baghewala-style representative,1,2026-01-10T02:00:00,production,23.667,20.867,101,31.8,36,47,589,52.817,11.168,40.328,27.423,14.833,6.539,1.548,55.723,54.739,23.363,26,GOOD,SYNTHETIC,26120
BWG-SIM-001,Baghewala-style representative,1,2026-01-10T03:00:00,production,23.754,20.954,101,31.8,36,47,589,53.122,11.413,40.302,27.646,14.145,6.571,1.546,53.159,55.258,23.328,28,GOOD,SYNTHETIC,26120
BWG-SIM-001,Baghewala-style representative,1,2026-01-10T04:00:00,production,23.928,21.128,101,31.8,36,47,589,52.634,11.688,38.89,27.396,14.493,6.609,1.544,54.099,54.498,23.656,26,GOOD,SYNTHETIC,26120
BWG-SIM-001,Baghewala-style representative,1,2026-01-10T05:00:00,production,23.976,21.176,101,31.8,36,47,589,53.386,11.446,39.896,27.211,14.264,6.686,1.543,55.167,53.934,23.291,25,GOOD,SYNTHETIC,26120
BWG-SIM-001,Baghewala-style representative,1,2026-01-10T06:00:00,production,23.696,20.896,101,31.8,36,47,589,52.472,11.599,39.611,27.452,13.995,6.864,1.541,49.179,58.0,23.627,35,GOOD,SYNTHETIC,26120
BWG-SIM-001,Baghewala-style representative,1,2026-01-10T07:00:00,production,24.113,21.313,101,31.8,36,47,589,53.342,11.072,40.383,28.207,14.539,6.678,1.539,55.06,56.572,23.906,30,GOOD,SYNTHETIC,26120
BWG-SIM-001,Baghewala-style representative,1,2026-01-10T08:00:00,production,23.805,21.005,101,31.8,36,47,589,52.968,11.352,39.893,26.872,13.657,6.714,1.538,53.966,55.963,23.699,29,GOOD,SYNTHETIC,26120
BWG-SIM-001,Baghewala-style representative,1,2026-01-10T09:00:00,production,23.891,21.091,101,31.8,36,47,589,53.514,11.26,39.349,26.342,13.431,6.705,1.536,52.951,54.075,23.19,26,GOOD,SYNTHETIC,26120
BWG-SIM-001,Baghewala-style representative,1,2026-01-10T10:00:00,production,23.832,21.032,101,31.8,36,47,589,52.819,11.46,39.809,27.619,14.813,6.842,1.534,53.691,58.0,23.539,33,GOOD,SYNTHETIC,26120
BWG-SIM-001,Baghewala-style representative,1,2026-01-10T11:00:00,production,24.018,21.218,101,31.8,36,47,589,52.695,11.763,39.988,27.597,14.548,6.548,1.533,53.45,55.507,23.34,29,GOOD,SYNTHETIC,26120
BWG-SIM-001,Baghewala-style representative,1,2026-01-10T12:00:00,production,23.885,21.085,101,31.8,36,47,589,52.864,11.305,39.862,28.827,14.224,6.688,1.531,54.054,55.047,22.965,27,GOOD,SYNTHETIC,26120
BWG-SIM-001,Baghewala-style representative,1,2026-01-10T13:00:00,production,23.857,21.057,101,31.8,36,47,589,53.2,11.173,39.804,28.456,14.364,6.716,1.53,55.22,55.696,23.806,28,GOOD,SYNTHETIC,26120
BWG-SIM-001,Baghewala-style representative,1,2026-01-10T14:00:00,production,23.839,21.039,101,31.8,36,47,589,52.462,11.736,40.022,28.404,14.839,6.707,1.528,55.899,56.134,22.975,29,GOOD,SYNTHETIC,26120
BWG-SIM-001,Baghewala-style representative,1,2026-01-10T15:00:00,production,23.517,20.717,101,31.8,36,47,589,52.75,11.664,37.636,26.471,13.765,6.77,1.527,49.311,58.0,23.789,35,GOOD,SYNTHETIC,26120
BWG-SIM-001,Baghewala-style representative,1,2026-01-10T16:00:00,production,23.736,20.936,101,31.8,36,47,589,52.821,11.631,38.879,26.672,13.835,6.86,1.525,51.922,56.669,23.487,32,GOOD,SYNTHETIC,26120
BWG-SIM-001,Baghewala-style representative,1,2026-01-10T17:00:00,production,23.867,21.067,101,31.8,36,47,589,53.048,11.459,39.443,28.565,14.801,6.88,1.524,53.258,56.93,23.826,31,GOOD,SYNTHETIC,26120
BWG-SIM-001,Baghewala-style representative,1,2026-01-10T18:00:00,production,23.926,21.126,101,31.8,36,47,589,53.114,11.285,39.682,26.391,14.704,6.913,1.523,51.458,56.238,23.852,31,GOOD,SYNTHETIC,26120
BWG-SIM-001,Baghewala-style representative,1,2026-01-10T19:00:00,production,23.845,21.045,101,31.8,36,47,589,52.358,11.677,39.109,26.73,14.495,6.657,1.522,51.629,56.311,23.009,31,GOOD,SYNTHETIC,26120
BWG-SIM-001,Baghewala-style representative,1,2026-01-10T20:00:00,production,23.949,21.149,101,31.8,36,47,589,52.712,11.481,39.381,26.85,14.68,6.799,1.52,52.383,56.363,23.462,31,GOOD,SYNTHETIC,26120
BWG-SIM-001,Baghewala-style representative,1,2026-01-10T21:00:00,production,24.006,21.206,101,31.8,36,47,589,52.826,11.42,39.447,27.406,14.714,6.947,1.519,49.208,58.0,24.0,35,GOOD,SYNTHETIC,26120
BWG-SIM-001,Baghewala-style representative,1,2026-01-10T22:00:00,production,23.864,21.064,101,31.8,36,47,589,52.697,11.61,39.362,27.602,15.0,6.866,1.518,52.087,58.0,23.999,34,GOOD,SYNTHETIC,26120
BWG-SIM-001,Baghewala-style representative,1,2026-01-10T23:00:00,production,24.003,21.203,101,31.8,36,47,589,52.467,11.555,39.07,26.696,13.814,6.783,1.517,50.928,55.503,23.625,30,GOOD,SYNTHETIC,26120
BWG-SIM-001,Baghewala-style representative,1,2026-01-11T00:00:00,production,23.965,21.165,101,31.8,36,47,589,51.743,12.067,39.36,28.732,15.0,6.912,1.516,51.567,56.897,23.805,32,GOOD,SYNTHETIC,26120
BWG-SIM-001,Baghewala-style representative,1,2026-01-11T01:00:00,production,23.958,21.158,101,31.8,36,47,589,52.466,11.51,40.65,29.887,15.0,6.756,1.515,56.716,53.125,23.421,22,GOOD,SYNTHETIC,26120
BWG-SIM-001,Baghewala-style representative,1,2026-01-11T02:00:00,production,23.788,20.988,101,31.8,36,47,589,52.466,11.551,39.212,27.308,14.57,6.752,1.514,54.064,56.148,23.403,30,GOOD,SYNTHETIC,26120
BWG-SIM-001,Baghewala-style representative,1,2026-01-11T03:00:00,production,23.751,20.951,101,31.8,36,47,589,52.183,11.742,38.453,26.925,14.673,6.906,1.514,53.593,56.992,23.72,31,GOOD,SYNTHETIC,26120
BWG-SIM-001,Baghewala-style representative,1,2026-01-11T04:00:00,production,23.973,21.173,101,31.8,36,47,589,52.644,11.69,39.409,27.403,15.0,6.735,1.513,54.308,56.986,23.503,31,GOOD,SYNTHETIC,26120
BWG-SIM-001,Baghewala-style representative,1,2026-01-11T05:00:00,production,23.859,21.059,101,31.8,36,47,589,52.176,11.755,39.275,26.123,15.0,6.828,1.512,52.68,55.942,23.656,30,GOOD,SYNTHETIC,26120
BWG-SIM-001,Baghewala-style representative,1,2026-01-11T06:00:00,production,23.686,20.886,101,31.8,36,47,589,52.491,11.513,38.33,26.864,14.581,6.996,1.512,49.857,55.997,23.447,31,GOOD,SYNTHETIC,26120
BWG-SIM-001,Baghewala-style representative,1,2026-01-11T07:00:00,production,23.816,21.016,101,31.8,36,47,589,52.75,11.377,39.793,27.903,15.0,6.777,1.511,56.131,54.995,23.374,26,GOOD,SYNTHETIC,26120
BWG-SIM-001,Baghewala-style representative,1,2026-01-11T08:00:00,production,23.76,20.96,101,31.8,36,47,589,52.61,11.587,38.7,26.123,14.179,6.796,1.511,52.143,56.339,23.334,31,GOOD,SYNTHETIC,26120
BWG-SIM-001,Baghewala-style representative,1,2026-01-11T09:00:00,production,23.722,20.922,101,31.8,36,47,589,52.111,11.801,39.244,27.051,15.0,6.971,1.511,53.43,57.571,23.778,33,GOOD,SYNTHETIC,26120
BWG-SIM-001,Baghewala-style representative,1,2026-01-11T10:00:00,production,23.833,21.033,101,31.8,36,47,589,51.867,12.065,38.53,25.368,15.0,6.757,1.51,51.149,55.672,23.559,30,GOOD,SYNTHETIC,26120
BWG-SIM-001,Baghewala-style representative,1,2026-01-11T11:00:00,production,23.958,21.158,101,31.8,36,47,589,51.284,12.084,38.56,28.091,15.0,6.788,1.51,52.733,56.17,23.927,30,GOOD,SYNTHETIC,26120
BWG-SIM-001,Baghewala-style representative,1,2026-01-11T12:00:00,production,23.806,21.006,101,31.8,36,47,589,52.152,11.895,37.181,26.231,15.0,6.8,1.51,53.256,55.484,23.399,29,GOOD,SYNTHETIC,26120
BWG-SIM-001,Baghewala-style representative,1,2026-01-11T13:00:00,production,23.885,21.085,101,31.8,36,47,589,51.834,12.098,39.037,26.302,15.0,6.688,1.51,55.321,55.561,22.848,28,GOOD,SYNTHETIC,26120
BWG-SIM-001,Baghewala-style representative,1,2026-01-11T14:00:00,production,23.594,20.794,101,31.8,36,47,589,51.964,11.886,38.954,27.302,14.424,6.716,1.51,54.521,53.93,23.571,25,GOOD,SYNTHETIC,26120
BWG-SIM-001,Baghewala-style representative,1,2026-01-11T15:00:00,production,23.608,20.808,101,31.8,36,47,589,52.286,11.76,39.505,26.755,15.0,6.726,1.51,54.465,54.356,23.528,26,GOOD,SYNTHETIC,26120
BWG-SIM-001,Baghewala-style representative,1,2026-01-11T16:00:00,production,23.797,20.997,101,31.8,36,47,589,51.737,11.874,39.8,26.967,14.795,6.85,1.51,54.619,57.023,23.846,31,GOOD,SYNTHETIC,26120
BWG-SIM-001,Baghewala-style representative,1,2026-01-11T17:00:00,production,23.81,21.01,101,31.8,36,47,589,51.374,12.257,38.725,27.094,14.656,6.748,1.511,53.668,54.389,23.279,26,GOOD,SYNTHETIC,26120
BWG-SIM-001,Baghewala-style representative,1,2026-01-11T18:00:00,production,23.681,20.881,101,31.8,36,47,589,51.985,12.006,37.99,25.2,15.0,6.684,1.511,50.914,56.395,23.005,31,GOOD,SYNTHETIC,26120
BWG-SIM-001,Baghewala-style representative,1,2026-01-11T19:00:00,production,23.698,20.898,101,31.8,36,47,589,51.708,12.358,40.086,27.626,15.0,6.644,1.511,55.576,54.419,23.337,25,GOOD,SYNTHETIC,26120
BWG-SIM-001,Baghewala-style representative,1,2026-01-11T20:00:00,production,23.625,20.825,101,31.8,36,47,589,51.535,12.062,38.591,26.602,15.0,6.698,1.512,53.174,57.815,23.856,33,GOOD,SYNTHETIC,26120
BWG-SIM-001,Baghewala-style representative,1,2026-01-11T21:00:00,production,23.526,20.726,101,31.8,36,47,589,50.78,12.497,37.747,24.868,15.0,6.424,1.512,55.307,57.148,23.198,31,GOOD,SYNTHETIC,26120
BWG-SIM-001,Baghewala-style representative,1,2026-01-11T22:00:00,production,23.53,20.73,101,31.8,36,47,589,51.386,12.29,37.002,24.96,15.0,6.669,1.513,50.761,58.0,23.371,35,GOOD,SYNTHETIC,26120
BWG-SIM-001,Baghewala-style representative,1,2026-01-11T23:00:00,production,23.724,20.924,101,31.8,36,47,589,51.251,12.313,38.905,27.486,15.0,6.536,1.514,53.816,56.733,23.621,31,GOOD,SYNTHETIC,26120
BWG-SIM-001,Baghewala-style representative,1,2026-01-12T00:00:00,production,23.586,20.786,101,31.8,36,47,589,50.862,12.688,37.399,25.939,14.583,6.61,1.515,54.968,54.191,23.322,25,GOOD,SYNTHETIC,26120
BWG-SIM-001,Baghewala-style representative,1,2026-01-12T01:00:00,production,23.49,20.69,101,31.8,36,47,589,50.907,12.341,38.407,24.415,15.0,6.551,1.515,52.511,54.692,23.341,27,GOOD,SYNTHETIC,26120
BWG-SIM-001,Baghewala-style representative,1,2026-01-12T02:00:00,production,23.544,20.744,101,31.8,36,47,589,51.381,11.974,38.705,26.881,15.0,6.532,1.516,54.803,56.518,23.811,30,GOOD,SYNTHETIC,26120
BWG-SIM-001,Baghewala-style representative,1,2026-01-12T03:00:00,production,23.521,20.721,101,31.8,36,47,589,50.619,12.696,38.274,26.651,15.0,6.675,1.517,54.24,57.776,23.995,33,GOOD,SYNTHETIC,26120
BWG-SIM-001,Baghewala-style representative,1,2026-01-12T04:00:00,production,23.539,20.739,101,31.8,36,47,589,51.062,12.105,38.599,27.774,15.0,6.455,1.518,53.369,54.744,23.158,27,GOOD,SYNTHETIC,26120
BWG-SIM-001,Baghewala-style representative,1,2026-01-12T05:00:00,production,23.156,20.356,101,31.8,36,47,589,50.755,12.476,37.279,24.289,15.0,6.486,1.519,53.076,56.441,23.585,31,GOOD,SYNTHETIC,26120
BWG-SIM-001,Baghewala-style representative,1,2026-01-12T06:00:00,production,23.517,20.717,101,31.8,36,47,589,51.541,11.896,38.232,26.506,15.0,6.302,1.521,54.903,55.907,22.912,29,GOOD,SYNTHETIC,26120
BWG-SIM-001,Baghewala-style representative,1,2026-01-12T07:00:00,production,23.419,20.619,101,31.8,36,47,589,50.213,12.81,37.9,26.997,15.0,6.396,1.522,53.095,55.441,23.173,29,GOOD,SYNTHETIC,26120
BWG-SIM-001,Baghewala-style representative,1,2026-01-12T08:00:00,production,23.643,20.843,101,31.8,36,47,589,50.221,12.835,37.815,27.434,15.0,6.27,1.523,57.566,55.456,23.263,27,GOOD,SYNTHETIC,26120
BWG-SIM-001,Baghewala-style representative,1,2026-01-12T09:00:00,production,23.253,20.453,101,31.8,36,47,589,50.848,12.304,37.724,26.453,15.0,6.438,1.524,54.732,53.566,22.919,24,GOOD,SYNTHETIC,26120
BWG-SIM-001,Baghewala-style representative,1,2026-01-12T10:00:00,production,23.48,20.68,101,31.8,36,47,589,49.961,13.001,37.706,26.14,15.0,6.366,1.526,53.922,56.208,23.251,30,GOOD,SYNTHETIC,26120
BWG-SIM-001,Baghewala-style representative,1,2026-01-12T11:00:00,production,23.153,20.353,101,31.8,36,47,589,49.944,13.083,37.789,25.86,15.0,6.36,1.527,53.127,56.44,23.077,31,GOOD,SYNTHETIC,26120
BWG-SIM-001,Baghewala-style representative,1,2026-01-12T12:00:00,production,23.208,20.408,101,31.8,36,47,589,50.436,12.648,38.02,26.633,15.0,6.433,1.529,55.944,54.291,23.051,25,GOOD,SYNTHETIC,26120
BWG-SIM-001,Baghewala-style representative,1,2026-01-12T13:00:00,production,23.21,20.41,101,31.8,36,47,589,50.041,13.032,37.549,27.077,15.0,6.298,1.53,51.287,57.195,23.614,33,GOOD,SYNTHETIC,26120
BWG-SIM-001,Baghewala-style representative,1,2026-01-12T14:00:00,production,23.225,20.425,101,31.8,36,47,589,49.127,13.769,36.495,24.34,15.0,6.303,1.532,52.394,56.142,23.054,30,GOOD,SYNTHETIC,26120
BWG-SIM-001,Baghewala-style representative,1,2026-01-12T15:00:00,production,23.191,20.391,101,31.8,36,47,589,49.05,13.47,37.784,25.105,15.0,6.366,1.533,53.23,55.813,23.329,29,GOOD,SYNTHETIC,26120
BWG-SIM-001,Baghewala-style representative,1,2026-01-12T16:00:00,production,23.35,20.55,101,31.8,36,47,589,49.338,13.601,37.063,25.146,15.0,6.238,1.535,49.847,55.948,23.59,31,GOOD,SYNTHETIC,26120
BWG-SIM-001,Baghewala-style representative,1,2026-01-12T17:00:00,production,22.972,20.172,101,31.8,36,47,589,48.648,13.512,36.486,25.378,15.0,6.113,1.536,53.01,55.039,22.822,28,GOOD,SYNTHETIC,26120
BWG-SIM-001,Baghewala-style representative,1,2026-01-12T18:00:00,production,23.111,20.311,101,31.8,36,47,589,49.193,13.411,37.616,25.756,15.0,6.312,1.538,55.987,54.71,23.336,26,GOOD,SYNTHETIC,26120
BWG-SIM-001,Baghewala-style representative,1,2026-01-12T19:00:00,production,23.091,20.291,101,31.8,36,47,589,48.215,14.03,37.51,26.108,15.0,6.244,1.54,57.022,56.951,23.225,30,GOOD,SYNTHETIC,26120
BWG-SIM-001,Baghewala-style representative,1,2026-01-12T20:00:00,production,23.148,20.348,101,31.8,36,47,589,48.124,14.175,36.036,24.27,15.0,6.219,1.541,50.576,57.131,23.33,33,GOOD,SYNTHETIC,26120
BWG-SIM-001,Baghewala-style representative,1,2026-01-12T21:00:00,production,23.002,20.202,101,31.8,36,47,589,48.0,14.431,36.225,24.484,15.0,6.166,1.543,54.667,55.51,23.073,28,GOOD,SYNTHETIC,26120
BWG-SIM-001,Baghewala-style representative,1,2026-01-12T22:00:00,production,22.771,19.971,101,31.8,36,47,589,48.0,14.226,35.744,24.15,15.0,6.058,1.545,55.088,57.625,22.957,32,GOOD,SYNTHETIC,26120
BWG-SIM-001,Baghewala-style representative,1,2026-01-12T23:00:00,production,22.631,19.831,101,31.8,36,47,589,48.0,14.229,36.1,25.665,15.0,6.235,1.546,55.283,55.562,22.627,28,GOOD,SYNTHETIC,26120
BWG-SIM-001,Baghewala-style representative,1,2026-01-13T00:00:00,production,22.95,20.15,101,31.8,36,47,589,48.0,14.278,36.604,24.832,15.0,6.249,1.548,54.849,55.845,22.944,29,GOOD,SYNTHETIC,26120
BWG-SIM-001,Baghewala-style representative,1,2026-01-13T01:00:00,production,22.923,20.123,101,31.8,36,47,589,48.0,14.396,35.525,23.35,15.0,6.108,1.55,50.324,54.84,22.851,29,GOOD,SYNTHETIC,26120
BWG-SIM-001,Baghewala-style representative,1,2026-01-13T02:00:00,production,22.792,19.992,101,31.8,36,47,589,48.0,14.362,36.824,24.068,15.0,6.069,1.552,53.753,56.411,22.816,30,GOOD,SYNTHETIC,26120
BWG-SIM-001,Baghewala-style representative,1,2026-01-13T03:00:00,production,22.746,19.946,101,31.8,36,47,589,48.0,14.29,36.116,24.42,15.0,6.093,1.553,52.357,55.313,22.78,29,GOOD,SYNTHETIC,26120
BWG-SIM-001,Baghewala-style representative,1,2026-01-13T04:00:00,production,22.657,19.857,101,31.8,36,47,589,48.0,14.265,36.513,25.598,15.0,6.173,1.555,52.975,56.394,22.748,31,GOOD,SYNTHETIC,26120
BWG-SIM-001,Baghewala-style representative,1,2026-01-13T05:00:00,production,22.663,19.863,101,31.8,36,47,589,48.0,14.32,35.459,24.15,15.0,5.987,1.557,52.617,55.512,22.768,29,GOOD,SYNTHETIC,26120
BWG-SIM-001,Baghewala-style representative,1,2026-01-13T06:00:00,production,22.753,19.953,101,31.8,36,47,589,48.0,13.9,35.966,24.051,15.0,6.297,1.559,52.185,57.001,23.074,32,GOOD,SYNTHETIC,26120
BWG-SIM-001,Baghewala-style representative,1,2026-01-13T07:00:00,production,22.715,19.915,101,31.8,36,47,589,48.0,14.394,35.945,24.78,15.0,6.116,1.56,50.613,55.893,22.993,31,GOOD,SYNTHETIC,26120
BWG-SIM-001,Baghewala-style representative,1,2026-01-13T08:00:00,production,22.64,19.84,101,31.8,36,47,589,48.0,14.315,36.514,24.455,15.0,6.258,1.562,51.505,55.17,22.894,29,GOOD,SYNTHETIC,26120
BWG-SIM-001,Baghewala-style representative,1,2026-01-13T09:00:00,production,22.582,19.782,101,31.8,36,47,589,48.0,14.244,36.325,25.296,15.0,6.239,1.564,52.948,57.668,23.088,33,GOOD,SYNTHETIC,26120
BWG-SIM-001,Baghewala-style representative,1,2026-01-13T10:00:00,production,22.52,19.72,101,31.8,36,47,589,48.0,13.862,35.639,24.189,15.0,6.097,1.565,54.796,56.353,23.365,30,GOOD,SYNTHETIC,26120
BWG-SIM-001,Baghewala-style representative,1,2026-01-13T11:00:00,production,22.552,19.752,101,31.8,36,47,589,48.0,14.063,36.263,25.752,15.0,6.246,1.567,50.543,55.014,22.745,29,GOOD,SYNTHETIC,26120
BWG-SIM-001,Baghewala-style representative,1,2026-01-13T12:00:00,production,22.696,19.896,101,31.8,36,47,589,48.0,14.154,35.878,23.644,15.0,6.161,1.568,49.768,55.152,22.651,30,GOOD,SYNTHETIC,26120
BWG-SIM-001,Baghewala-style representative,1,2026-01-13T13:00:00,production,22.444,19.644,101,31.8,36,47,589,48.0,13.989,35.291,23.92,15.0,6.108,1.57,51.66,57.328,23.573,33,GOOD,SYNTHETIC,26120
BWG-SIM-001,Baghewala-style representative,1,2026-01-13T14:00:00,production,22.55,19.75,101,31.8,36,47,589,48.0,14.266,35.937,23.182,15.0,6.285,1.571,51.604,56.442,23.235,31,GOOD,SYNTHETIC,26120
BWG-SIM-001,Baghewala-style representative,1,2026-01-13T15:00:00,production,22.638,19.838,101,31.8,36,47,589,48.0,14.162,36.506,25.851,15.0,6.156,1.573,53.969,57.582,22.963,32,GOOD,SYNTHETIC,26120
BWG-SIM-001,Baghewala-style representative,1,2026-01-13T16:00:00,production,22.489,19.689,101,31.8,36,47,589,48.0,13.997,35.693,24.767,15.0,6.239,1.574,50.953,54.645,23.11,28,GOOD,SYNTHETIC,26120
BWG-SIM-001,Baghewala-style representative,1,2026-01-13T17:00:00,production,22.363,19.563,101,31.8,36,47,589,48.0,14.3,36.205,24.629,15.0,6.131,1.576,52.511,57.365,23.21,33,GOOD,SYNTHETIC,26120
BWG-SIM-001,Baghewala-style representative,1,2026-01-13T18:00:00,production,22.125,19.325,101,31.8,36,47,589,48.0,14.288,35.869,24.307,15.0,6.217,1.577,48.905,55.747,23.565,31,GOOD,SYNTHETIC,26120
BWG-SIM-001,Baghewala-style representative,1,2026-01-13T19:00:00,production,22.362,19.562,101,31.8,36,47,589,48.0,14.182,36.593,25.42,15.0,6.249,1.578,51.456,55.608,22.588,30,GOOD,SYNTHETIC,26120
BWG-SIM-001,Baghewala-style representative,1,2026-01-13T20:00:00,production,22.137,19.337,101,31.8,36,47,589,48.0,13.996,36.342,24.686,15.0,6.312,1.579,50.493,57.018,23.163,33,GOOD,SYNTHETIC,26120
BWG-SIM-001,Baghewala-style representative,1,2026-01-13T21:00:00,production,22.134,19.334,101,31.8,36,47,589,48.0,14.207,35.575,24.133,15.0,6.367,1.581,50.036,56.192,23.351,31,GOOD,SYNTHETIC,26120
BWG-SIM-001,Baghewala-style representative,1,2026-01-13T22:00:00,production,22.157,19.357,101,31.8,36,47,589,48.0,14.419,35.654,23.999,15.0,6.291,1.582,49.917,56.592,23.317,32,GOOD,SYNTHETIC,26120
BWG-SIM-001,Baghewala-style representative,1,2026-01-13T23:00:00,production,22.116,19.316,101,31.8,36,47,589,48.0,14.255,35.09,23.304,15.0,6.337,1.583,46.741,55.305,23.09,31,GOOD,SYNTHETIC,26120
BWG-SIM-001,Baghewala-style representative,1,2026-01-14T00:00:00,production,21.956,19.156,101,31.8,36,47,589,48.0,14.346,36.059,24.46,15.0,6.403,1.584,49.444,56.502,23.298,32,GOOD,SYNTHETIC,26120
BWG-SIM-001,Baghewala-style representative,1,2026-01-14T01:00:00,production,22.006,19.206,101,31.8,36,47,589,48.0,14.209,34.918,23.542,15.0,6.332,1.585,50.858,56.67,23.932,32,GOOD,SYNTHETIC,26120
BWG-SIM-001,Baghewala-style representative,1,2026-01-14T02:00:00,production,22.213,19.413,101,31.8,36,47,589,48.0,14.147,35.399,22.848,15.0,6.389,1.585,47.848,58.0,23.948,36,GOOD,SYNTHETIC,26120
BWG-SIM-001,Baghewala-style representative,1,2026-01-14T03:00:00,production,22.177,19.377,101,31.8,36,47,589,48.0,14.08,35.939,23.618,15.0,6.355,1.586,48.119,57.167,23.071,34,GOOD,SYNTHETIC,26120
BWG-SIM-001,Baghewala-style representative,1,2026-01-14T04:00:00,production,22.023,19.223,101,31.8,36,47,589,48.0,14.374,34.668,23.059,15.0,6.526,1.587,48.256,58.0,23.516,36,GOOD,SYNTHETIC,26120
BWG-SIM-001,Baghewala-style representative,1,2026-01-14T05:00:00,production,22.206,19.406,101,31.8,36,47,589,48.0,14.186,35.698,23.818,15.0,6.408,1.588,49.056,57.233,23.794,34,GOOD,SYNTHETIC,26120
BWG-SIM-001,Baghewala-style representative,1,2026-01-14T06:00:00,production,22.002,19.202,101,31.8,36,47,589,48.0,14.058,35.879,24.991,15.0,6.349,1.588,49.156,54.989,22.916,29,GOOD,SYNTHETIC,26120
BWG-SIM-001,Baghewala-style representative,1,2026-01-14T07:00:00,production,22.097,19.297,101,31.8,36,47,589,48.0,14.137,35.577,23.197,15.0,6.517,1.589,47.574,57.437,23.516,35,GOOD,SYNTHETIC,26120
BWG-SIM-001,Baghewala-style representative,1,2026-01-14T08:00:00,production,22.007,19.207,101,31.8,36,47,589,48.0,14.401,35.302,24.93,15.0,6.427,1.589,48.166,58.0,23.293,36,GOOD,SYNTHETIC,26120
BWG-SIM-001,Baghewala-style representative,1,2026-01-14T09:00:00,production,22.157,19.357,101,31.8,36,47,589,48.0,14.244,34.743,21.671,15.0,6.433,1.589,44.638,58.0,23.922,38,GOOD,SYNTHETIC,26120
BWG-SIM-001,Baghewala-style representative,1,2026-01-14T10:00:00,production,21.874,19.074,101,31.8,36,47,589,48.0,14.48,35.337,24.239,15.0,6.551,1.59,47.191,56.51,22.966,33,GOOD,SYNTHETIC,26120
BWG-SIM-001,Baghewala-style representative,1,2026-01-14T11:00:00,production,22.085,19.285,101,31.8,36,47,589,48.0,14.169,34.573,23.255,15.0,6.587,1.59,44.708,55.713,23.448,33,GOOD,SYNTHETIC,26120
BWG-SIM-001,Baghewala-style representative,1,2026-01-14T12:00:00,production,21.81,19.01,101,31.8,36,47,589,48.0,14.694,34.134,22.709,15.0,6.532,1.59,43.765,57.686,23.287,37,GOOD,SYNTHETIC,26120
BWG-SIM-001,Baghewala-style representative,1,2026-01-14T13:00:00,production,21.921,19.121,101,31.8,36,47,589,48.0,14.28,36.306,23.754,15.0,6.608,1.59,47.69,57.965,24.0,36,GOOD,SYNTHETIC,26120
BWG-SIM-001,Baghewala-style representative,1,2026-01-14T14:00:00,production,21.85,19.05,101,31.8,36,47,589,48.0,14.226,34.967,22.957,15.0,6.488,1.59,47.445,56.786,23.796,34,GOOD,SYNTHETIC,26120
BWG-SIM-001,Baghewala-style representative,1,2026-01-14T15:00:00,production,21.747,18.947,101,31.8,36,47,589,48.0,14.051,36.631,25.239,15.0,6.657,1.59,49.213,57.058,23.33,34,GOOD,SYNTHETIC,26120
BWG-SIM-001,Baghewala-style representative,1,2026-01-14T16:00:00,production,21.855,19.055,101,31.8,36,47,589,48.0,14.45,35.193,23.795,15.0,6.798,1.59,44.249,57.817,23.704,37,GOOD,SYNTHETIC,26120
BWG-SIM-001,Baghewala-style representative,1,2026-01-14T17:00:00,production,21.716,18.916,101,31.8,36,47,589,48.0,14.488,35.425,22.623,15.0,6.58,1.589,47.462,58.0,23.391,36,GOOD,SYNTHETIC,26120
BWG-SIM-001,Baghewala-style representative,1,2026-01-14T18:00:00,production,21.885,19.085,101,31.8,36,47,589,48.0,14.296,36.438,25.821,15.0,6.691,1.589,48.586,58.0,23.807,36,GOOD,SYNTHETIC,26120
BWG-SIM-001,Baghewala-style representative,1,2026-01-14T19:00:00,production,21.687,18.887,101,31.8,36,47,589,48.0,14.209,35.946,23.975,15.0,6.871,1.589,46.412,58.0,23.588,37,GOOD,SYNTHETIC,26120
BWG-SIM-001,Baghewala-style representative,1,2026-01-14T20:00:00,production,21.845,19.045,101,31.8,36,47,589,48.0,14.027,35.948,24.38,15.0,6.705,1.588,45.26,57.408,23.701,36,GOOD,SYNTHETIC,26120
BWG-SIM-001,Baghewala-style representative,1,2026-01-14T21:00:00,production,21.817,19.017,101,31.8,36,47,589,48.0,14.329,35.284,23.3,15.0,6.769,1.588,46.955,58.0,23.518,36,GOOD,SYNTHETIC,26120
BWG-SIM-001,Baghewala-style representative,1,2026-01-14T22:00:00,production,21.522,18.722,101,31.8,36,47,589,48.0,14.26,36.136,26.237,15.0,6.649,1.587,48.079,56.283,23.53,33,GOOD,SYNTHETIC,26120
BWG-SIM-001,Baghewala-style representative,1,2026-01-14T23:00:00,production,21.678,18.878,101,31.8,36,47,589,48.0,14.15,35.454,23.732,15.0,6.864,1.586,46.097,57.901,23.732,37,GOOD,SYNTHETIC,26120
BWG-SIM-001,Baghewala-style representative,1,2026-01-15T00:00:00,production,21.554,18.754,101,31.8,36,47,589,48.0,14.45,35.39,22.692,15.0,6.9,1.586,44.374,58.0,23.616,38,GOOD,SYNTHETIC,26120
BWG-SIM-001,Baghewala-style representative,1,2026-01-15T01:00:00,production,21.677,18.877,101,31.8,36,47,589,48.0,13.864,36.023,23.321,15.0,6.715,1.585,47.904,58.0,23.779,36,GOOD,SYNTHETIC,26120
BWG-SIM-001,Baghewala-style representative,1,2026-01-15T02:00:00,production,21.862,19.062,101,31.8,36,47,589,48.0,14.295,34.969,22.572,15.0,6.83,1.584,43.185,56.7,24.0,36,GOOD,SYNTHETIC,26120
BWG-SIM-001,Baghewala-style representative,1,2026-01-15T03:00:00,production,21.846,19.046,101,31.8,36,47,589,48.0,14.133,36.076,24.299,15.0,6.852,1.583,46.799,58.0,23.506,37,GOOD,SYNTHETIC,26120
BWG-SIM-001,Baghewala-style representative,1,2026-01-15T04:00:00,production,21.748,18.948,101,31.8,36,47,589,48.0,14.022,35.668,23.895,15.0,6.874,1.582,44.889,58.0,24.0,37,GOOD,SYNTHETIC,26120
BWG-SIM-001,Baghewala-style representative,1,2026-01-15T05:00:00,production,21.627,18.827,101,31.8,36,47,589,48.0,14.219,35.607,23.725,15.0,6.871,1.581,46.418,58.0,23.73,37,GOOD,SYNTHETIC,26120
BWG-SIM-001,Baghewala-style representative,1,2026-01-15T06:00:00,production,21.616,18.816,101,31.8,36,47,589,48.0,14.191,35.346,23.837,15.0,6.755,1.58,45.05,58.0,23.799,37,GOOD,SYNTHETIC,26120
BWG-SIM-001,Baghewala-style representative,1,2026-01-15T07:00:00,production,21.694,18.894,101,31.8,36,47,589,48.0,13.917,35.165,23.229,15.0,6.775,1.579,44.91,58.0,23.798,37,GOOD,SYNTHETIC,26120
BWG-SIM-001,Baghewala-style representative,1,2026-01-15T08:00:00,production,21.743,18.943,101,31.8,36,47,589,48.0,13.954,36.311,24.064,15.0,6.753,1.577,47.349,58.0,23.701,36,GOOD,SYNTHETIC,26120
BWG-SIM-001,Baghewala-style representative,1,2026-01-15T09:00:00,production,21.71,18.91,101,31.8,36,47,589,48.0,14.154,35.424,22.351,15.0,6.759,1.576,45.679,57.53,24.0,36,GOOD,SYNTHETIC,26120
BWG-SIM-001,Baghewala-style representative,1,2026-01-15T10:00:00,production,21.626,18.826,101,31.8,36,47,589,48.0,14.357,35.277,22.97,15.0,6.894,1.575,42.876,58.0,23.581,38,GOOD,SYNTHETIC,26120
BWG-SIM-001,Baghewala-style representative,1,2026-01-15T11:00:00,production,21.724,18.924,101,31.8,36,47,589,48.0,14.254,35.332,23.126,15.0,6.845,1.573,44.627,57.795,23.971,37,GOOD,SYNTHETIC,26120
BWG-SIM-001,Baghewala-style representative,1,2026-01-15T12:00:00,production,21.606,18.806,101,31.8,36,47,589,48.0,14.196,34.02,23.273,15.0,6.904,1.572,42.946,58.0,23.837,38,GOOD,SYNTHETIC,26120
BWG-SIM-001,Baghewala-style representative,1,2026-01-15T13:00:00,production,21.367,18.567,101,31.8,36,47,589,48.0,14.507,35.052,24.488,15.0,6.772,1.57,49.324,57.288,23.863,34,GOOD,SYNTHETIC,26120
BWG-SIM-001,Baghewala-style representative,1,2026-01-15T14:00:00,production,21.638,18.838,101,31.8,36,47,589,48.0,14.01,35.808,24.217,15.0,6.98,1.569,46.177,57.702,24.0,36,GOOD,SYNTHETIC,26120
BWG-SIM-001,Baghewala-style representative,1,2026-01-15T15:00:00,production,21.727,18.927,101,31.8,36,47,589,48.0,13.928,35.984,24.634,15.0,6.844,1.567,50.249,57.662,24.0,34,GOOD,SYNTHETIC,26120
BWG-SIM-001,Baghewala-style representative,1,2026-01-15T16:00:00,production,21.675,18.875,101,31.8,36,47,589,48.0,14.126,35.533,24.945,15.0,6.806,1.566,47.584,58.0,23.947,36,GOOD,SYNTHETIC,26120
BWG-SIM-001,Baghewala-style representative,1,2026-01-15T17:00:00,production,21.739,18.939,101,31.8,36,47,589,48.0,14.31,35.443,23.216,15.0,6.776,1.564,45.028,58.0,23.885,37,GOOD,SYNTHETIC,26120
BWG-SIM-001,Baghewala-style representative,1,2026-01-15T18:00:00,production,21.786,18.986,101,31.8,36,47,589,48.0,14.155,35.613,24.71,15.0,6.918,1.562,48.123,56.039,23.301,32,GOOD,SYNTHETIC,26120
BWG-SIM-001,Baghewala-style representative,1,2026-01-15T19:00:00,production,21.689,18.889,101,31.8,36,47,589,48.0,14.28,35.146,23.15,15.0,6.935,1.561,44.883,58.0,23.749,37,GOOD,SYNTHETIC,26120
BWG-SIM-001,Baghewala-style representative,1,2026-01-15T20:00:00,production,21.631,18.831,101,31.8,36,47,589,48.0,14.353,35.777,23.348,15.0,6.784,1.559,46.603,58.0,23.332,37,GOOD,SYNTHETIC,26120
BWG-SIM-001,Baghewala-style representative,1,2026-01-15T21:00:00,production,21.652,18.852,101,31.8,36,47,589,48.0,14.339,34.742,22.762,15.0,6.623,1.557,45.863,58.0,23.673,37,GOOD,SYNTHETIC,26120
BWG-SIM-001,Baghewala-style representative,1,2026-01-15T22:00:00,production,21.589,18.789,101,31.8,36,47,589,48.0,14.24,35.366,24.085,15.0,6.819,1.556,46.87,58.0,24.0,37,GOOD,SYNTHETIC,26120
BWG-SIM-001,Baghewala-style representative,1,2026-01-15T23:00:00,production,21.56,18.76,101,31.8,36,47,589,48.0,14.109,34.651,23.258,15.0,6.673,1.554,47.652,57.706,23.843,36,GOOD,SYNTHETIC,26120
BWG-SIM-001,Baghewala-style representative,1,2026-01-16T00:00:00,production,21.682,18.882,101,31.8,36,47,589,48.0,14.226,35.309,23.867,15.0,6.666,1.552,45.787,57.474,23.632,36,GOOD,SYNTHETIC,26120
BWG-SIM-001,Baghewala-style representative,1,2026-01-16T01:00:00,production,21.621,18.821,101,31.8,36,47,589,48.0,14.051,35.439,22.884,15.0,6.835,1.55,43.965,58.0,23.868,38,GOOD,SYNTHETIC,26120
BWG-SIM-001,Baghewala-style representative,1,2026-01-16T02:00:00,production,21.981,19.181,101,31.8,36,47,589,48.0,14.152,36.07,24.898,15.0,6.679,1.549,49.355,58.0,23.772,35,GOOD,SYNTHETIC,26120
BWG-SIM-001,Baghewala-style representative,1,2026-01-16T03:00:00,production,21.742,18.942,101,31.8,36,47,589,48.0,14.652,34.61,22.896,15.0,6.731,1.547,42.165,58.0,23.968,39,GOOD,SYNTHETIC,26120
BWG-SIM-001,Baghewala-style representative,1,2026-01-16T04:00:00,production,21.655,18.855,101,31.8,36,47,589,48.0,14.1,36.364,24.271,15.0,6.681,1.545,49.723,56.759,23.722,33,GOOD,SYNTHETIC,26120
BWG-SIM-001,Baghewala-style representative,1,2026-01-16T05:00:00,production,21.689,18.889,101,31.8,36,47,589,48.0,14.358,35.367,23.665,15.0,6.642,1.544,48.314,58.0,23.499,36,GOOD,SYNTHETIC,26120
BWG-SIM-001,Baghewala-style representative,1,2026-01-16T06:00:00,production,21.76,18.96,101,31.8,36,47,589,48.0,14.66,35.256,24.261,15.0,6.64,1.542,45.483,57.272,23.443,36,GOOD,SYNTHETIC,26120
BWG-SIM-001,Baghewala-style representative,1,2026-01-16T07:00:00,production,21.682,18.882,101,31.8,36,47,589,48.0,14.037,34.679,24.022,15.0,6.654,1.54,46.279,57.755,23.761,36,GOOD,SYNTHETIC,26120
BWG-SIM-001,Baghewala-style representative,1,2026-01-16T08:00:00,production,21.81,19.01,101,31.8,36,47,589,48.0,14.16,35.177,23.598,15.0,6.728,1.538,45.881,58.0,23.441,37,GOOD,SYNTHETIC,26120
BWG-SIM-001,Baghewala-style representative,1,2026-01-16T09:00:00,production,21.9,19.1,101,31.8,36,47,589,48.0,14.213,34.3,23.493,15.0,6.683,1.537,45.807,58.0,23.987,37,GOOD,SYNTHETIC,26120
BWG-SIM-001,Baghewala-style representative,1,2026-01-16T10:00:00,production,21.84,19.04,101,31.8,36,47,589,48.0,14.135,34.897,24.195,15.0,6.624,1.535,47.09,58.0,23.615,36,GOOD,SYNTHETIC,26120
BWG-SIM-001,Baghewala-style representative,1,2026-01-16T11:00:00,production,21.808,19.008,101,31.8,36,47,589,48.0,14.163,35.033,24.684,15.0,6.428,1.534,50.835,58.0,23.747,35,GOOD,SYNTHETIC,26120
BWG-SIM-001,Baghewala-style representative,1,2026-01-16T12:00:00,production,21.833,19.033,101,31.8,36,47,589,48.0,14.218,34.773,24.593,15.0,6.601,1.532,45.982,57.455,23.612,36,GOOD,SYNTHETIC,26120
BWG-SIM-001,Baghewala-style representative,1,2026-01-16T13:00:00,production,21.848,19.048,101,31.8,36,47,589,48.0,14.142,35.837,24.327,15.0,6.566,1.53,47.243,58.0,23.57,36,GOOD,SYNTHETIC,26120
BWG-SIM-001,Baghewala-style representative,1,2026-01-16T14:00:00,production,21.847,19.047,101,31.8,36,47,589,48.0,14.007,35.584,23.057,15.0,6.422,1.529,50.323,58.0,23.661,35,GOOD,SYNTHETIC,26120
BWG-SIM-001,Baghewala-style representative,1,2026-01-16T15:00:00,production,21.954,19.154,101,31.8,36,47,589,48.0,14.587,35.028,22.402,15.0,6.495,1.528,47.519,56.934,23.487,34,GOOD,SYNTHETIC,26120
BWG-SIM-001,Baghewala-style representative,1,2026-01-16T16:00:00,production,21.939,19.139,101,31.8,36,47,589,48.0,14.259,35.648,25.027,15.0,6.319,1.526,50.236,55.549,23.097,30,GOOD,SYNTHETIC,26120
BWG-SIM-001,Baghewala-style representative,1,2026-01-16T17:00:00,production,21.799,18.999,101,31.8,36,47,589,48.0,14.289,35.337,23.737,15.0,6.55,1.525,46.79,57.308,23.4,35,GOOD,SYNTHETIC,26120
BWG-SIM-001,Baghewala-style representative,1,2026-01-16T18:00:00,production,21.923,19.123,101,31.8,36,47,589,48.0,14.154,35.838,23.988,15.0,6.321,1.523,53.376,58.0,23.287,34,GOOD,SYNTHETIC,26120
BWG-SIM-001,Baghewala-style representative,1,2026-01-16T19:00:00,production,22.008,19.208,101,31.8,36,47,589,48.0,14.291,36.065,24.472,15.0,6.278,1.522,51.951,56.345,23.209,31,GOOD,SYNTHETIC,26120
BWG-SIM-001,Baghewala-style representative,1,2026-01-16T20:00:00,production,21.895,19.095,101,31.8,36,47,589,48.0,14.032,35.769,23.94,15.0,6.391,1.521,50.419,57.617,23.313,34,GOOD,SYNTHETIC,26120
BWG-SIM-001,Baghewala-style representative,1,2026-01-16T21:00:00,production,21.967,19.167,101,31.8,36,47,589,48.0,14.235,35.612,24.078,15.0,6.317,1.52,51.848,55.349,23.215,29,GOOD,SYNTHETIC,26120
BWG-SIM-001,Baghewala-style representative,1,2026-01-16T22:00:00,production,21.992,19.192,101,31.8,36,47,589,48.0,14.086,36.174,25.334,15.0,6.389,1.519,53.611,54.433,23.234,26,GOOD,SYNTHETIC,26120
BWG-SIM-001,Baghewala-style representative,1,2026-01-16T23:00:00,production,21.865,19.065,101,31.8,36,47,589,48.0,14.297,35.313,23.128,15.0,6.337,1.518,48.291,55.118,23.305,30,GOOD,SYNTHETIC,26120
BWG-SIM-001,Baghewala-style representative,1,2026-01-17T00:00:00,production,21.985,19.185,101,31.8,36,47,589,48.0,14.283,35.781,25.117,15.0,6.165,1.517,50.738,56.672,23.296,32,GOOD,SYNTHETIC,26120
BWG-SIM-001,Baghewala-style representative,1,2026-01-17T01:00:00,production,22.188,19.388,101,31.8,36,47,589,48.0,14.32,35.716,23.519,15.0,6.272,1.516,53.725,56.726,23.464,31,GOOD,SYNTHETIC,26120
BWG-SIM-001,Baghewala-style representative,1,2026-01-17T02:00:00,production,22.022,19.222,101,31.8,36,47,589,48.0,14.202,35.992,24.511,15.0,6.176,1.515,54.202,54.594,22.917,26,GOOD,SYNTHETIC,26120
BWG-SIM-001,Baghewala-style representative,1,2026-01-17T03:00:00,production,22.003,19.203,101,31.8,36,47,589,48.0,14.151,35.304,22.876,15.0,6.329,1.514,50.348,58.0,23.753,35,GOOD,SYNTHETIC,26120
BWG-SIM-001,Baghewala-style representative,1,2026-01-17T04:00:00,production,21.948,19.148,101,31.8,36,47,589,48.0,14.227,35.441,24.423,15.0,6.275,1.513,50.547,56.255,23.501,31,GOOD,SYNTHETIC,26120
BWG-SIM-001,Baghewala-style representative,1,2026-01-17T05:00:00,production,21.989,19.189,101,31.8,36,47,589,48.0,14.015,36.316,26.012,15.0,6.273,1.513,52.43,57.906,23.332,34,GOOD,SYNTHETIC,26120
BWG-SIM-001,Baghewala-style representative,1,2026-01-17T06:00:00,production,22.125,19.325,101,31.8,36,47,589,48.0,14.363,34.871,23.465,15.0,6.318,1.512,51.862,53.96,22.688,26,GOOD,SYNTHETIC,26120
BWG-SIM-001,Baghewala-style representative,1,2026-01-17T07:00:00,production,22.193,19.393,101,31.8,36,47,589,48.0,14.459,36.118,25.261,15.0,6.226,1.512,54.541,56.162,23.023,29,GOOD,SYNTHETIC,26120
BWG-SIM-001,Baghewala-style representative,1,2026-01-17T08:00:00,production,22.188,19.388,101,31.8,36,47,589,48.0,14.276,36.725,25.364,15.0,6.068,1.511,56.303,56.713,23.017,30,GOOD,SYNTHETIC,26120
BWG-SIM-001,Baghewala-style representative,1,2026-01-17T09:00:00,production,22.221,19.421,101,31.8,36,47,589,48.0,14.512,34.83,23.063,15.0,6.282,1.511,48.881,54.644,23.264,29,GOOD,SYNTHETIC,26120
BWG-SIM-001,Baghewala-style representative,1,2026-01-17T10:00:00,production,22.242,19.442,101,31.8,36,47,589,48.0,14.042,36.041,24.785,15.0,6.243,1.51,51.954,55.9,23.578,30,GOOD,SYNTHETIC,26120
BWG-SIM-001,Baghewala-style representative,1,2026-01-17T11:00:00,production,22.327,19.527,101,31.8,36,47,589,48.0,14.231,35.581,24.333,15.0,6.052,1.51,53.91,56.22,23.371,30,GOOD,SYNTHETIC,26120
BWG-SIM-001,Baghewala-style representative,1,2026-01-17T12:00:00,production,22.229,19.429,101,31.8,36,47,589,48.0,14.139,35.018,22.741,15.0,6.231,1.51,49.122,57.337,23.031,34,GOOD,SYNTHETIC,26120
BWG-SIM-001,Baghewala-style representative,1,2026-01-17T13:00:00,production,22.485,19.685,101,31.8,36,47,589,48.0,14.316,35.245,24.42,15.0,6.187,1.51,51.476,58.0,23.553,34,GOOD,SYNTHETIC,26120
BWG-SIM-001,Baghewala-style representative,1,2026-01-17T14:00:00,production,22.294,19.494,101,31.8,36,47,589,48.0,14.071,35.666,24.161,15.0,6.167,1.51,52.363,56.404,22.802,31,GOOD,SYNTHETIC,26120
BWG-SIM-001,Baghewala-style representative,1,2026-01-17T15:00:00,production,22.335,19.535,101,31.8,36,47,589,48.0,14.15,36.186,24.121,15.0,6.145,1.51,56.545,55.666,23.077,27,GOOD,SYNTHETIC,26120
BWG-SIM-001,Baghewala-style representative,1,2026-01-17T16:00:00,production,22.423,19.623,101,31.8,36,47,589,48.0,14.562,35.964,24.616,15.0,6.082,1.51,56.398,54.831,23.212,26,GOOD,SYNTHETIC,26120
BWG-SIM-001,Baghewala-style representative,1,2026-01-17T17:00:00,production,22.287,19.487,101,31.8,36,47,589,48.0,14.319,36.213,24.575,15.0,6.062,1.51,54.76,55.309,22.944,28,GOOD,SYNTHETIC,26120
BWG-SIM-001,Baghewala-style representative,1,2026-01-17T18:00:00,production,22.183,19.383,101,31.8,36,47,589,48.0,14.233,35.505,24.659,15.0,5.985,1.511,54.903,54.412,22.833,26,GOOD,SYNTHETIC,26120
BWG-SIM-001,Baghewala-style representative,1,2026-01-17T19:00:00,production,22.449,19.649,101,31.8,36,47,589,48.0,14.44,35.261,24.094,15.0,6.145,1.511,50.811,56.453,23.441,32,GOOD,SYNTHETIC,26120
BWG-SIM-001,Baghewala-style representative,1,2026-01-17T20:00:00,production,22.305,19.505,101,31.8,36,47,589,48.0,14.226,35.325,23.639,15.0,6.117,1.512,54.244,55.976,22.675,29,GOOD,SYNTHETIC,26120
BWG-SIM-001,Baghewala-style representative,1,2026-01-17T21:00:00,production,22.462,19.662,101,31.8,36,47,589,48.0,13.941,35.002,24.556,15.0,6.065,1.512,54.289,54.755,22.65,27,GOOD,SYNTHETIC,26120
BWG-SIM-001,Baghewala-style representative,1,2026-01-17T22:00:00,production,22.607,19.807,101,31.8,36,47,589,48.0,14.384,36.357,23.653,15.0,6.107,1.513,55.695,54.869,22.488,26,GOOD,SYNTHETIC,26120
BWG-SIM-001,Baghewala-style representative,1,2026-01-17T23:00:00,production,22.399,19.599,101,31.8,36,47,589,48.0,14.24,35.905,25.839,15.0,6.125,1.513,54.77,54.595,23.105,26,GOOD,SYNTHETIC,26120
BWG-SIM-001,Baghewala-style representative,1,2026-01-18T00:00:00,production,22.611,19.811,101,31.8,36,47,589,48.0,14.453,34.956,24.857,15.0,6.308,1.514,52.108,55.25,22.886,29,GOOD,SYNTHETIC,26120
BWG-SIM-001,Baghewala-style representative,1,2026-01-18T01:00:00,production,22.504,19.704,101,31.8,36,47,589,48.0,14.234,36.968,25.422,15.0,6.167,1.515,54.024,55.366,23.083,28,GOOD,SYNTHETIC,26120
BWG-SIM-001,Baghewala-style representative,1,2026-01-18T02:00:00,production,22.393,19.593,101,31.8,36,47,589,48.0,14.138,36.73,25.62,15.0,6.246,1.516,54.914,54.869,23.176,27,GOOD,SYNTHETIC,26120
BWG-SIM-001,Baghewala-style representative,1,2026-01-18T03:00:00,production,22.395,19.595,101,31.8,36,47,589,48.0,14.494,34.857,23.121,15.0,6.272,1.517,50.827,56.417,23.108,32,GOOD,SYNTHETIC,26120
BWG-SIM-001,Baghewala-style representative,1,2026-01-18T04:00:00,production,22.541,19.741,101,31.8,36,47,589,48.0,14.142,35.307,22.581,15.0,6.297,1.518,51.15,54.264,23.395,27,GOOD,SYNTHETIC,26120
BWG-SIM-001,Baghewala-style representative,1,2026-01-18T05:00:00,production,22.582,19.782,101,31.8,36,47,589,48.0,14.347,35.807,24.044,15.0,6.32,1.519,49.553,58.0,23.55,35,GOOD,SYNTHETIC,26120
BWG-SIM-001,Baghewala-style representative,1,2026-01-18T06:00:00,production,22.726,19.926,101,31.8,36,47,589,48.0,14.338,35.733,23.37,15.0,6.276,1.52,51.343,57.049,23.252,33,GOOD,SYNTHETIC,26120
BWG-SIM-001,Baghewala-style representative,1,2026-01-18T07:00:00,production,22.639,19.839,101,31.8,36,47,589,48.0,14.117,36.072,25.264,15.0,6.296,1.521,52.215,56.297,22.76,31,GOOD,SYNTHETIC,26120
BWG-SIM-001,Baghewala-style representative,1,2026-01-18T08:00:00,production,22.649,19.849,101,31.8,36,47,589,48.0,14.238,35.439,23.072,15.0,6.285,1.522,50.835,58.0,23.454,35,GOOD,SYNTHETIC,26120
BWG-SIM-001,Baghewala-style representative,1,2026-01-18T09:00:00,production,22.478,19.678,101,31.8,36,47,589,48.0,14.201,35.465,23.824,15.0,6.429,1.524,48.36,58.0,23.443,36,GOOD,SYNTHETIC,26120
BWG-SIM-001,Baghewala-style representative,1,2026-01-18T10:00:00,production,22.684,19.884,101,31.8,36,47,589,48.0,14.03,35.994,25.317,15.0,6.365,1.525,52.283,58.0,23.657,34,GOOD,SYNTHETIC,26120
BWG-SIM-001,Baghewala-style representative,1,2026-01-18T11:00:00,production,22.63,19.83,101,31.8,36,47,589,48.0,14.147,37.294,25.766,15.0,6.315,1.526,55.613,57.186,23.219,31,GOOD,SYNTHETIC,26120
BWG-SIM-001,Baghewala-style representative,1,2026-01-18T12:00:00,production,22.744,19.944,101,31.8,36,47,589,48.0,13.984,36.98,24.553,15.0,6.447,1.528,51.642,55.808,22.923,30,GOOD,SYNTHETIC,26120
BWG-SIM-001,Baghewala-style representative,1,2026-01-18T13:00:00,production,22.461,19.661,101,31.8,36,47,589,48.0,14.149,35.901,23.865,15.0,6.532,1.529,50.195,57.217,23.368,33,GOOD,SYNTHETIC,26120
BWG-SIM-001,Baghewala-style representative,1,2026-01-18T14:00:00,production,22.725,19.925,101,31.8,36,47,589,48.0,14.204,37.306,25.177,15.0,6.429,1.531,53.559,56.65,23.333,31,GOOD,SYNTHETIC,26120
BWG-SIM-001,Baghewala-style representative,1,2026-01-18T15:00:00,production,22.752,19.952,101,31.8,36,47,589,48.0,14.133,36.544,24.21,15.0,6.489,1.532,51.518,55.61,23.07,30,GOOD,SYNTHETIC,26120
BWG-SIM-001,Baghewala-style representative,1,2026-01-18T16:00:00,production,22.709,19.909,101,31.8,36,47,589,48.0,14.205,35.225,23.992,15.0,6.412,1.534,51.92,57.082,23.363,32,GOOD,SYNTHETIC,26120
BWG-SIM-001,Baghewala-style representative,1,2026-01-18T17:00:00,production,22.576,19.776,101,31.8,36,47,589,48.0,14.114,36.168,23.933,15.0,6.451,1.535,53.179,58.0,23.313,34,GOOD,SYNTHETIC,26120
BWG-SIM-001,Baghewala-style representative,1,2026-01-18T18:00:00,production,22.622,19.822,101,31.8,36,47,589,48.0,14.401,35.417,23.008,15.0,6.414,1.537,47.078,56.799,23.337,34,GOOD,SYNTHETIC,26120
BWG-SIM-001,Baghewala-style representative,1,2026-01-18T19:00:00,production,22.658,19.858,101,31.8,36,47,589,48.0,14.403,36.767,24.707,15.0,6.51,1.539,48.159,56.564,22.87,33,GOOD,SYNTHETIC,26120
BWG-SIM-001,Baghewala-style representative,1,2026-01-18T20:00:00,production,22.694,19.894,101,31.8,36,47,589,48.0,14.574,36.172,24.571,15.0,6.524,1.54,49.749,58.0,23.435,35,GOOD,SYNTHETIC,26120
BWG-SIM-001,Baghewala-style representative,1,2026-01-18T21:00:00,production,22.56,19.76,101,31.8,36,47,589,48.0,14.409,35.565,22.52,15.0,6.616,1.542,49.585,58.0,23.399,35,GOOD,SYNTHETIC,26120
BWG-SIM-001,Baghewala-style representative,1,2026-01-18T22:00:00,production,22.791,19.991,101,31.8,36,47,589,48.0,14.115,35.68,23.64,15.0,6.645,1.544,50.304,57.389,23.576,34,GOOD,SYNTHETIC,26120
BWG-SIM-001,Baghewala-style representative,1,2026-01-18T23:00:00,production,22.818,20.018,101,31.8,36,47,589,48.0,14.192,36.597,24.247,15.0,6.57,1.546,49.673,57.605,23.226,34,GOOD,SYNTHETIC,26120
BWG-SIM-001,Baghewala-style representative,1,2026-01-19T00:00:00,production,22.653,19.853,101,31.8,36,47,589,48.0,14.121,36.415,25.748,15.0,6.528,1.547,50.678,56.848,23.142,32,GOOD,SYNTHETIC,26120
BWG-SIM-001,Baghewala-style representative,1,2026-01-19T01:00:00,production,22.786,19.986,101,31.8,36,47,589,48.0,14.264,36.127,25.293,15.0,6.53,1.549,51.654,58.0,23.645,34,GOOD,SYNTHETIC,26120
BWG-SIM-001,Baghewala-style representative,1,2026-01-19T02:00:00,production,22.814,20.014,101,31.8,36,47,589,48.0,14.224,36.814,24.482,15.0,6.749,1.551,47.687,58.0,23.7,36,GOOD,SYNTHETIC,26120
BWG-SIM-001,Baghewala-style representative,1,2026-01-19T03:00:00,production,22.607,19.807,101,31.8,36,47,589,48.0,14.07,36.74,25.913,15.0,6.63,1.553,51.625,58.0,23.686,34,GOOD,SYNTHETIC,26120
BWG-SIM-001,Baghewala-style representative,1,2026-01-19T04:00:00,production,22.658,19.858,101,31.8,36,47,589,48.0,14.296,35.811,25.11,15.0,6.69,1.554,48.342,58.0,23.516,36,GOOD,SYNTHETIC,26120
BWG-SIM-001,Baghewala-style representative,1,2026-01-19T05:00:00,production,22.646,19.846,101,31.8,36,47,589,48.0,13.975,36.715,25.888,15.0,6.788,1.556,47.871,58.0,23.512,36,GOOD,SYNTHETIC,26120
BWG-SIM-001,Baghewala-style representative,1,2026-01-19T06:00:00,production,22.71,19.91,101,31.8,36,47,589,48.0,14.039,36.076,23.6,15.0,6.614,1.558,50.859,58.0,23.062,35,GOOD,SYNTHETIC,26120
BWG-SIM-001,Baghewala-style representative,1,2026-01-19T07:00:00,production,22.737,19.937,101,31.8,36,47,589,48.0,14.3,35.247,22.832,15.0,6.55,1.559,46.597,55.21,23.129,31,GOOD,SYNTHETIC,26120
BWG-SIM-001,Baghewala-style representative,1,2026-01-19T08:00:00,production,22.769,19.969,101,31.8,36,47,589,48.0,14.079,36.227,23.993,15.0,6.634,1.561,50.97,58.0,23.355,35,GOOD,SYNTHETIC,26120
BWG-SIM-001,Baghewala-style representative,1,2026-01-19T09:00:00,production,22.618,19.818,101,31.8,36,47,589,48.0,14.053,35.936,24.299,15.0,6.69,1.563,50.401,58.0,23.748,35,GOOD,SYNTHETIC,26120
BWG-SIM-001,Baghewala-style representative,1,2026-01-19T10:00:00,production,22.679,19.879,101,31.8,36,47,589,48.0,14.211,35.686,23.51,15.0,6.843,1.564,43.252,58.0,23.928,38,GOOD,SYNTHETIC,26120
BWG-SIM-001,Baghewala-style representative,1,2026-01-19T11:00:00,production,22.561,19.761,101,31.8,36,47,589,48.0,14.144,35.62,23.171,15.0,6.859,1.566,44.616,58.0,23.727,38,GOOD,SYNTHETIC,26120
BWG-SIM-001,Baghewala-style representative,1,2026-01-19T12:00:00,production,22.711,19.911,101,31.8,36,47,589,48.0,14.2,36.089,24.61,15.0,6.81,1.568,44.693,58.0,24.0,37,GOOD,SYNTHETIC,26120
BWG-SIM-001,Baghewala-style representative,1,2026-01-19T13:00:00,production,22.672,19.872,101,31.8,36,47,589,48.0,14.154,36.683,25.059,15.0,6.858,1.569,47.651,57.679,23.557,36,GOOD,SYNTHETIC,26120
BWG-SIM-001,Baghewala-style representative,1,2026-01-19T14:00:00,production,22.625,19.825,101,31.8,36,47,589,48.0,14.195,36.067,23.87,15.0,6.903,1.571,45.513,58.0,23.747,37,GOOD,SYNTHETIC,26120
BWG-SIM-001,Baghewala-style representative,1,2026-01-19T15:00:00,production,22.529,19.729,101,31.8,36,47,589,48.0,14.175,35.604,22.81,15.0,6.754,1.572,45.179,58.0,23.834,37,GOOD,SYNTHETIC,26120
BWG-SIM-001,Baghewala-style representative,1,2026-01-19T16:00:00,production,22.507,19.707,101,31.8,36,47,589,48.0,13.966,35.955,23.932,15.0,6.888,1.574,44.107,58.0,23.584,38,GOOD,SYNTHETIC,26120
BWG-SIM-001,Baghewala-style representative,1,2026-01-19T17:00:00,production,22.499,19.699,101,31.8,36,47,589,48.0,14.453,35.717,22.907,15.0,6.988,1.575,48.097,58.0,24.0,36,GOOD,SYNTHETIC,26120
BWG-SIM-001,Baghewala-style representative,1,2026-01-19T18:00:00,production,22.341,19.541,101,31.8,36,47,589,48.0,14.081,36.108,22.669,15.0,6.903,1.576,44.596,58.0,23.787,38,GOOD,SYNTHETIC,26120
BWG-SIM-001,Baghewala-style representative,1,2026-01-19T19:00:00,production,22.617,19.817,101,31.8,36,47,589,48.0,14.468,35.865,24.5,15.0,6.996,1.578,44.231,58.0,23.912,38,GOOD,SYNTHETIC,26120
BWG-SIM-001,Baghewala-style representative,1,2026-01-19T20:00:00,production,22.348,19.548,101,31.8,36,47,589,48.0,14.226,37.213,24.867,15.0,6.844,1.579,48.912,57.46,23.821,35,GOOD,SYNTHETIC,26120
BWG-SIM-001,Baghewala-style representative,1,2026-01-19T21:00:00,production,22.718,19.918,101,31.8,36,47,589,48.0,14.309,37.627,26.102,15.0,6.965,1.58,49.622,58.0,24.0,35,GOOD,SYNTHETIC,26120
BWG-SIM-001,Baghewala-style representative,1,2026-01-19T22:00:00,production,22.502,19.702,101,31.8,36,47,589,48.0,14.619,35.599,22.719,15.0,6.972,1.581,46.302,55.904,23.655,33,GOOD,SYNTHETIC,26120
BWG-SIM-001,Baghewala-style representative,1,2026-01-19T23:00:00,production,22.566,19.766,101,31.8,36,47,589,48.0,14.301,36.174,24.171,15.0,6.825,1.582,48.603,57.839,23.907,35,GOOD,SYNTHETIC,26120
BWG-SIM-001,Baghewala-style representative,1,2026-01-20T00:00:00,production,22.495,19.695,101,31.8,36,47,589,48.0,14.166,36.755,25.733,15.0,6.815,1.583,49.213,57.188,23.514,34,GOOD,SYNTHETIC,26120
BWG-SIM-001,Baghewala-style representative,1,2026-01-20T01:00:00,production,22.359,19.559,101,31.8,36,47,589,48.0,14.487,35.644,24.397,15.0,6.847,1.584,45.394,58.0,24.0,37,GOOD,SYNTHETIC,26120
BWG-SIM-001,Baghewala-style representative,1,2026-01-20T02:00:00,production,22.558,19.758,101,31.8,36,47,589,48.0,14.452,35.8,24.669,15.0,6.765,1.585,45.492,58.0,23.237,37,GOOD,SYNTHETIC,26120
BWG-SIM-001,Baghewala-style representative,1,2026-01-20T03:00:00,production,22.454,19.654,101,31.8,36,47,589,48.0,14.257,36.489,25.173,15.0,6.846,1.586,47.525,58.0,23.613,36,GOOD,SYNTHETIC,26120
BWG-SIM-001,Baghewala-style representative,1,2026-01-20T04:00:00,production,22.24,19.44,101,31.8,36,47,589,48.0,14.406,34.413,22.268,15.0,6.733,1.587,45.952,58.0,23.854,37,GOOD,SYNTHETIC,26120
BWG-SIM-001,Baghewala-style representative,1,2026-01-20T05:00:00,production,22.369,19.569,101,31.8,36,47,589,48.0,14.166,34.994,23.199,15.0,6.831,1.587,45.74,55.625,23.591,32,GOOD,SYNTHETIC,26120
BWG-SIM-001,Baghewala-style representative,1,2026-01-20T06:00:00,production,22.43,19.63,101,31.8,36,47,589,48.0,14.346,36.034,24.709,15.0,6.792,1.588,44.732,56.553,23.775,35,GOOD,SYNTHETIC,26120
BWG-SIM-001,Baghewala-style representative,1,2026-01-20T07:00:00,production,22.214,19.414,101,31.8,36,47,589,48.0,14.105,34.905,23.43,15.0,6.789,1.588,42.739,58.0,23.725,38,GOOD,SYNTHETIC,26120
BWG-SIM-001,Baghewala-style representative,1,2026-01-20T08:00:00,production,22.299,19.499,101,31.8,36,47,589,48.0,14.164,36.277,25.588,15.0,6.668,1.589,48.687,57.99,23.706,36,GOOD,SYNTHETIC,26120
BWG-SIM-001,Baghewala-style representative,1,2026-01-20T09:00:00,production,22.417,19.617,101,31.8,36,47,589,48.0,14.162,35.748,22.537,15.0,6.761,1.589,46.304,58.0,23.522,37,GOOD,SYNTHETIC,26120
BWG-SIM-001,Baghewala-style representative,1,2026-01-20T10:00:00,production,22.151,19.351,101,31.8,36,47,589,48.0,14.126,35.628,24.242,15.0,6.715,1.589,45.494,56.571,23.066,34,GOOD,SYNTHETIC,26120
BWG-SIM-001,Baghewala-style representative,1,2026-01-20T11:00:00,production,22.243,19.443,101,31.8,36,47,589,48.0,14.29,35.557,23.415,15.0,6.674,1.59,45.393,58.0,23.583,37,GOOD,SYNTHETIC,26120
BWG-SIM-001,Baghewala-style representative,1,2026-01-20T12:00:00,production,22.195,19.395,101,31.8,36,47,589,48.0,14.108,36.251,23.273,15.0,6.77,1.59,46.013,58.0,23.568,37,GOOD,SYNTHETIC,26120
BWG-SIM-001,Baghewala-style representative,1,2026-01-20T13:00:00,production,21.98,19.18,101,31.8,36,47,589,48.0,14.429,35.963,23.772,15.0,6.684,1.59,49.42,56.965,23.472,33,GOOD,SYNTHETIC,26120
BWG-SIM-001,Baghewala-style representative,1,2026-01-20T14:00:00,production,21.93,19.13,101,31.8,36,47,589,48.0,14.711,34.271,22.934,15.0,6.553,1.59,45.518,58.0,23.286,37,GOOD,SYNTHETIC,26120
BWG-SIM-001,Baghewala-style representative,1,2026-01-20T15:00:00,production,22.037,19.237,101,31.8,36,47,589,48.0,14.515,34.898,23.863,15.0,6.544,1.59,48.281,55.817,23.51,32,GOOD,SYNTHETIC,26120
BWG-SIM-001,Baghewala-style representative,1,2026-01-20T16:00:00,production,21.728,18.928,101,31.8,36,47,589,48.0,14.369,35.438,25.488,15.0,6.613,1.59,48.826,58.0,23.728,36,GOOD,SYNTHETIC,26120
BWG-SIM-001,Baghewala-style representative,1,2026-01-20T17:00:00,production,21.941,19.141,101,31.8,36,47,589,48.0,14.273,35.588,23.757,15.0,6.485,1.59,48.045,58.0,23.245,36,GOOD,SYNTHETIC,26120
BWG-SIM-001,Baghewala-style representative,1,2026-01-20T18:00:00,production,21.89,19.09,101,31.8,36,47,589,48.0,14.345,36.108,23.95,15.0,6.635,1.589,47.533,58.0,23.825,36,GOOD,SYNTHETIC,26120
BWG-SIM-001,Baghewala-style representative,1,2026-01-20T19:00:00,production,21.931,19.131,101,31.8,36,47,589,48.0,14.131,35.462,25.101,15.0,6.612,1.589,48.039,56.894,23.586,34,GOOD,SYNTHETIC,26120
BWG-SIM-001,Baghewala-style representative,1,2026-01-20T20:00:00,production,22.052,19.252,101,31.8,36,47,589,48.0,14.425,34.455,22.323,15.0,6.681,1.588,45.3,58.0,23.409,37,GOOD,SYNTHETIC,26120
BWG-SIM-001,Baghewala-style representative,1,2026-01-20T21:00:00,production,21.774,18.974,101,31.8,36,47,589,48.0,14.116,35.408,23.382,15.0,6.637,1.588,47.159,57.896,23.221,36,GOOD,SYNTHETIC,26120
BWG-SIM-001,Baghewala-style representative,1,2026-01-20T22:00:00,production,21.883,19.083,101,31.8,36,47,589,48.0,14.231,36.149,25.645,15.0,6.493,1.587,49.968,56.474,23.16,32,GOOD,SYNTHETIC,26120
BWG-SIM-001,Baghewala-style representative,1,2026-01-20T23:00:00,production,21.948,19.148,101,31.8,36,47,589,48.0,14.222,35.087,24.551,15.0,6.439,1.587,48.711,58.0,23.478,36,GOOD,SYNTHETIC,26120
BWG-SIM-001,Baghewala-style representative,1,2026-01-21T00:00:00,production,21.738,18.938,101,31.8,36,47,589,48.0,14.659,34.674,22.801,15.0,6.48,1.586,45.946,57.023,23.413,35,GOOD,SYNTHETIC,26120
BWG-SIM-001,Baghewala-style representative,1,2026-01-21T01:00:00,production,21.706,18.906,101,31.8,36,47,589,48.0,14.195,36.108,24.335,15.0,6.514,1.585,46.721,56.809,23.582,34,GOOD,SYNTHETIC,26120
BWG-SIM-001,Baghewala-style representative,1,2026-01-21T02:00:00,production,21.724,18.924,101,31.8,36,47,589,48.0,14.143,35.548,24.557,15.0,6.487,1.584,46.476,57.878,23.73,36,GOOD,SYNTHETIC,26120
BWG-SIM-001,Baghewala-style representative,1,2026-01-21T03:00:00,production,21.643,18.843,101,31.8,36,47,589,48.0,14.053,35.616,24.879,15.0,6.33,1.583,48.868,55.157,23.213,30,GOOD,SYNTHETIC,26120
BWG-SIM-001,Baghewala-style representative,1,2026-01-21T04:00:00,production,21.729,18.929,101,31.8,36,47,589,48.0,14.584,35.191,23.365,15.0,6.338,1.582,47.601,57.546,23.537,35,GOOD,SYNTHETIC,26120
BWG-SIM-001,Baghewala-style representative,1,2026-01-21T05:00:00,production,21.591,18.791,101,31.8,36,47,589,48.0,14.312,35.344,24.645,15.0,6.411,1.581,48.676,58.0,23.162,36,GOOD,SYNTHETIC,26120
BWG-SIM-001,Baghewala-style representative,1,2026-01-21T06:00:00,production,21.534,18.734,101,31.8,36,47,589,48.0,14.253,34.683,22.814,15.0,6.409,1.58,47.191,58.0,23.275,36,GOOD,SYNTHETIC,26120
BWG-SIM-001,Baghewala-style representative,1,2026-01-21T07:00:00,production,21.506,18.706,101,31.8,36,47,589,48.0,14.394,35.858,23.113,15.0,6.421,1.579,47.663,56.207,23.64,33,GOOD,SYNTHETIC,26120
BWG-SIM-001,Baghewala-style representative,1,2026-01-21T08:00:00,production,21.363,18.563,101,31.8,36,47,589,48.0,14.422,35.066,24.256,15.0,6.19,1.578,50.473,57.171,22.401,33,GOOD,SYNTHETIC,26120
BWG-SIM-001,Baghewala-style representative,1,2026-01-21T09:00:00,production,21.74,18.94,101,31.8,36,47,589,48.0,14.36,36.167,24.787,15.0,6.27,1.577,50.837,58.0,22.69,35,GOOD,SYNTHETIC,26120
BWG-SIM-001,Baghewala-style representative,1,2026-01-21T10:00:00,production,21.294,18.494,101,31.8,36,47,589,48.0,14.52,35.278,23.173,15.0,6.183,1.575,50.125,54.582,22.914,28,GOOD,SYNTHETIC,26120
BWG-SIM-001,Baghewala-style representative,1,2026-01-21T11:00:00,production,21.375,18.575,101,31.8,36,47,589,48.0,14.322,35.155,24.974,15.0,6.49,1.574,45.73,58.0,23.433,37,GOOD,SYNTHETIC,26120
BWG-SIM-001,Baghewala-style representative,1,2026-01-21T12:00:00,production,21.661,18.861,101,31.8,36,47,589,48.0,14.297,35.848,24.151,15.0,6.326,1.573,51.654,56.353,22.906,31,GOOD,SYNTHETIC,26120
BWG-SIM-001,Baghewala-style representative,1,2026-01-21T13:00:00,production,21.42,18.62,101,31.8,36,47,589,48.0,14.287,34.869,22.838,15.0,6.172,1.571,50.567,56.992,23.597,33,GOOD,SYNTHETIC,26120
BWG-SIM-001,Baghewala-style representative,1,2026-01-21T14:00:00,production,21.136,18.336,101,31.8,36,47,589,48.0,14.219,35.183,24.7,15.0,6.339,1.57,48.583,58.0,23.902,36,GOOD,SYNTHETIC,26120
BWG-SIM-001,Baghewala-style representative,1,2026-01-21T15:00:00,production,21.128,18.328,101,31.8,36,47,589,48.0,14.251,35.034,24.47,15.0,6.272,1.568,50.855,58.0,23.103,35,GOOD,SYNTHETIC,26120
BWG-SIM-001,Baghewala-style representative,1,2026-01-21T16:00:00,production,21.392,18.592,101,31.8,36,47,589,48.0,14.153,34.417,22.66,15.0,6.204,1.567,49.005,55.877,22.618,31,GOOD,SYNTHETIC,26120
BWG-SIM-001,Baghewala-style representative,1,2026-01-21T17:00:00,production,21.132,18.332,101,31.8,36,47,589,48.0,14.04,35.299,24.249,15.0,6.295,1.565,48.373,55.551,22.623,31,GOOD,SYNTHETIC,26120
BWG-SIM-001,Baghewala-style representative,1,2026-01-21T18:00:00,production,21.151,18.351,101,31.8,36,47,589,48.0,14.215,35.101,23.171,15.0,6.272,1.563,50.632,56.139,22.808,31,GOOD,SYNTHETIC,26120
BWG-SIM-001,Baghewala-style representative,1,2026-01-21T19:00:00,production,21.351,18.551,101,31.8,36,47,589,48.0,14.064,35.423,24.086,15.0,6.326,1.562,50.129,54.856,23.136,29,GOOD,SYNTHETIC,26120
BWG-SIM-001,Baghewala-style representative,1,2026-01-21T20:00:00,production,21.294,18.494,101,31.8,36,47,589,48.0,14.408,34.279,23.709,15.0,6.199,1.56,48.063,57.083,22.885,34,GOOD,SYNTHETIC,26120
BWG-SIM-001,Baghewala-style representative,1,2026-01-21T21:00:00,production,21.009,18.209,101,31.8,36,47,589,48.0,14.435,34.904,24.754,15.0,6.184,1.558,48.716,55.925,23.1,32,GOOD,SYNTHETIC,26120
BWG-SIM-001,Baghewala-style representative,1,2026-01-21T22:00:00,production,21.18,18.38,101,31.8,36,47,589,48.0,14.193,34.152,22.81,15.0,6.208,1.557,51.139,56.981,22.734,33,GOOD,SYNTHETIC,26120
BWG-SIM-001,Baghewala-style representative,1,2026-01-21T23:00:00,production,21.133,18.333,101,31.8,36,47,589,48.0,14.147,34.788,23.252,15.0,6.25,1.555,48.509,54.362,22.722,28,GOOD,SYNTHETIC,26120
BWG-SIM-001,Baghewala-style representative,1,2026-01-22T00:00:00,production,21.104,18.304,101,31.8,36,47,589,48.0,14.345,34.899,22.778,15.0,6.159,1.553,49.722,54.927,22.994,29,GOOD,SYNTHETIC,26120
BWG-SIM-001,Baghewala-style representative,1,2026-01-22T01:00:00,production,21.076,18.276,101,31.8,36,47,589,48.0,14.291,35.134,22.751,15.0,6.283,1.551,49.596,58.0,23.28,35,GOOD,SYNTHETIC,26120
BWG-SIM-001,Baghewala-style representative,1,2026-01-22T02:00:00,production,20.977,18.177,101,31.8,36,47,589,48.0,14.185,35.912,24.496,15.0,6.174,1.55,53.421,57.195,23.592,32,GOOD,SYNTHETIC,26120
BWG-SIM-001,Baghewala-style representative,1,2026-01-22T03:00:00,production,20.983,18.183,101,31.8,36,47,589,48.0,14.262,33.87,23.17,15.0,6.254,1.548,48.135,58.0,23.536,36,GOOD,SYNTHETIC,26120
BWG-SIM-001,Baghewala-style representative,1,2026-01-22T04:00:00,production,20.985,18.185,101,31.8,36,47,589,48.0,14.037,34.873,22.368,15.0,6.268,1.546,51.682,57.818,23.33,34,GOOD,SYNTHETIC,26120
BWG-SIM-001,Baghewala-style representative,1,2026-01-22T05:00:00,production,20.906,18.106,101,31.8,36,47,589,48.0,14.289,34.404,22.878,15.0,6.09,1.544,52.178,58.0,23.115,34,GOOD,SYNTHETIC,26120
BWG-SIM-001,Baghewala-style representative,1,2026-01-22T06:00:00,production,20.826,18.026,101,31.8,36,47,589,48.0,13.958,34.925,22.913,15.0,6.156,1.543,49.181,57.746,23.179,35,GOOD,SYNTHETIC,26120
BWG-SIM-001,Baghewala-style representative,1,2026-01-22T07:00:00,production,20.485,17.685,101,31.8,36,47,589,48.0,13.933,34.454,22.162,15.0,6.209,1.541,50.506,56.01,22.756,31,GOOD,SYNTHETIC,26120
BWG-SIM-001,Baghewala-style representative,1,2026-01-22T08:00:00,production,20.778,17.978,101,31.8,36,47,589,48.0,14.197,35.282,23.159,15.0,6.224,1.539,51.307,57.65,22.973,34,GOOD,SYNTHETIC,26120
BWG-SIM-001,Baghewala-style representative,1,2026-01-22T09:00:00,production,20.928,18.128,101,31.8,36,47,589,48.0,14.224,35.218,24.553,15.0,6.17,1.538,52.629,57.56,23.262,33,GOOD,SYNTHETIC,26120
BWG-SIM-001,Baghewala-style representative,1,2026-01-22T10:00:00,production,20.558,17.758,101,31.8,36,47,589,48.0,14.125,35.358,23.782,15.0,6.058,1.536,51.258,56.687,22.905,32,GOOD,SYNTHETIC,26120
BWG-SIM-001,Baghewala-style representative,1,2026-01-22T11:00:00,production,20.788,17.988,101,31.8,36,47,589,48.0,14.316,35.599,26.111,15.0,6.19,1.534,52.758,55.013,23.381,28,GOOD,SYNTHETIC,26120
BWG-SIM-001,Baghewala-style representative,1,2026-01-22T12:00:00,production,20.526,17.726,101,31.8,36,47,589,48.0,14.362,34.409,23.632,15.0,6.152,1.533,49.101,57.494,22.867,34,GOOD,SYNTHETIC,26120
BWG-SIM-001,Baghewala-style representative,1,2026-01-22T13:00:00,production,20.735,17.935,101,31.8,36,47,589,48.0,14.317,34.641,23.583,15.0,6.183,1.531,49.78,54.196,22.768,28,GOOD,SYNTHETIC,26120
BWG-SIM-001,Baghewala-style representative,1,2026-01-22T14:00:00,production,20.846,18.046,101,31.8,36,47,589,48.0,14.176,35.018,24.251,15.0,6.266,1.53,53.238,55.921,23.18,29,GOOD,SYNTHETIC,26120
BWG-SIM-001,Baghewala-style representative,1,2026-01-22T15:00:00,production,20.577,17.777,101,31.8,36,47,589,48.0,14.16,34.469,23.388,15.0,6.288,1.528,50.005,58.0,23.447,35,GOOD,SYNTHETIC,26120
BWG-SIM-001,Baghewala-style representative,1,2026-01-22T16:00:00,production,20.606,17.806,101,31.8,36,47,589,48.0,13.993,33.903,23.12,15.0,6.243,1.527,51.494,55.605,23.011,30,GOOD,SYNTHETIC,26120
BWG-SIM-001,Baghewala-style representative,1,2026-01-22T17:00:00,production,20.622,17.822,101,31.8,36,47,589,48.0,13.87,35.444,24.138,15.0,6.227,1.525,54.515,55.93,23.282,29,GOOD,SYNTHETIC,26120
BWG-SIM-001,Baghewala-style representative,1,2026-01-22T18:00:00,production,20.868,18.068,101,31.8,36,47,589,48.0,14.255,34.389,22.863,15.0,6.409,1.524,49.441,58.0,23.564,35,GOOD,SYNTHETIC,26120
BWG-SIM-001,Baghewala-style representative,1,2026-01-22T19:00:00,production,20.547,17.747,101,31.8,36,47,589,48.0,14.216,35.326,24.982,15.0,6.173,1.523,54.947,53.983,23.189,25,GOOD,SYNTHETIC,26120
BWG-SIM-001,Baghewala-style representative,1,2026-01-22T20:00:00,production,20.627,17.827,101,31.8,36,47,589,48.0,14.093,34.76,23.634,15.0,6.431,1.522,48.285,56.982,23.345,34,GOOD,SYNTHETIC,26120
BWG-SIM-001,Baghewala-style representative,1,2026-01-22T21:00:00,production,20.608,17.808,101,31.8,36,47,589,48.0,14.378,33.873,22.287,15.0,6.402,1.52,50.299,58.0,23.643,35,GOOD,SYNTHETIC,26120
BWG-SIM-001,Baghewala-style representative,1,2026-01-22T22:00:00,production,20.501,17.701,101,31.8,36,47,589,48.0,14.305,34.859,24.25,15.0,6.418,1.519,51.792,56.551,24.0,31,GOOD,SYNTHETIC,26120
BWG-SIM-001,Baghewala-style representative,1,2026-01-22T23:00:00,production,20.633,17.833,101,31.8,36,47,589,48.0,14.075,35.418,23.773,15.0,6.429,1.518,50.935,55.028,23.127,29,GOOD,SYNTHETIC,26120
BWG-SIM-001,Baghewala-style representative,1,2026-01-23T00:00:00,production,20.533,17.733,101,31.8,36,47,589,48.0,14.448,34.171,22.086,15.0,6.428,1.517,47.14,58.0,23.385,36,GOOD,SYNTHETIC,26120
BWG-SIM-001,Baghewala-style representative,1,2026-01-23T01:00:00,production,20.488,17.688,101,31.8,36,47,589,48.0,14.209,35.263,24.843,15.0,6.373,1.516,50.154,56.802,23.117,33,GOOD,SYNTHETIC,26120
BWG-SIM-001,Baghewala-style representative,1,2026-01-23T02:00:00,production,20.543,17.743,101,31.8,36,47,589,48.0,14.393,35.563,23.696,15.0,6.309,1.515,50.939,58.0,23.399,35,GOOD,SYNTHETIC,26120
BWG-SIM-001,Baghewala-style representative,1,2026-01-23T03:00:00,production,20.67,17.87,101,31.8,36,47,589,48.0,14.176,35.246,22.838,15.0,6.296,1.514,49.614,55.806,22.512,31,GOOD,SYNTHETIC,26120
BWG-SIM-001,Baghewala-style representative,1,2026-01-23T04:00:00,production,20.365,17.565,101,31.8,36,47,589,48.0,14.287,35.368,25.292,15.0,6.472,1.514,50.055,56.491,23.895,32,GOOD,SYNTHETIC,26120
BWG-SIM-001,Baghewala-style representative,1,2026-01-23T05:00:00,production,20.486,17.686,101,31.8,36,47,589,48.0,14.128,34.191,22.406,15.0,6.507,1.513,50.063,57.496,23.212,34,GOOD,SYNTHETIC,26120
BWG-SIM-001,Baghewala-style representative,1,2026-01-23T06:00:00,production,20.296,17.496,101,31.8,36,47,589,48.0,14.249,33.74,22.293,15.0,6.505,1.512,48.638,58.0,23.042,36,GOOD,SYNTHETIC,26120
BWG-SIM-001,Baghewala-style representative,1,2026-01-23T07:00:00,production,20.672,17.872,101,31.8,36,47,589,48.0,13.961,35.193,23.418,15.0,6.438,1.512,49.92,57.887,23.423,35,GOOD,SYNTHETIC,26120
BWG-SIM-001,Baghewala-style representative,1,2026-01-23T08:00:00,production,20.433,17.633,101,31.8,36,47,589,48.0,14.361,34.298,22.749,15.0,6.435,1.511,48.404,57.114,23.739,34,GOOD,SYNTHETIC,26120
BWG-SIM-001,Baghewala-style representative,1,2026-01-23T09:00:00,production,20.419,17.619,101,31.8,36,47,589,48.0,14.226,34.717,23.434,15.0,6.497,1.511,48.212,57.042,23.041,34,GOOD,SYNTHETIC,26120
BWG-SIM-001,Baghewala-style representative,1,2026-01-23T10:00:00,production,20.434,17.634,101,31.8,36,47,589,48.0,14.2,35.151,23.285,15.0,6.617,1.511,47.75,57.904,23.355,36,GOOD,SYNTHETIC,26120
BWG-SIM-001,Baghewala-style representative,1,2026-01-23T11:00:00,production,20.486,17.686,101,31.8,36,47,589,48.0,14.283,34.706,23.32,15.0,6.579,1.51,48.417,58.0,23.431,36,GOOD,SYNTHETIC,26120
BWG-SIM-001,Baghewala-style representative,1,2026-01-23T12:00:00,production,20.341,17.541,101,31.8,36,47,589,48.0,14.148,34.575,22.225,15.0,6.682,1.51,48.403,57.399,23.353,35,GOOD,SYNTHETIC,26120
BWG-SIM-001,Baghewala-style representative,1,2026-01-23T13:00:00,production,20.628,17.828,101,31.8,36,47,589,48.0,14.353,35.456,22.162,15.0,6.739,1.51,47.453,58.0,23.636,36,GOOD,SYNTHETIC,26120
BWG-SIM-001,Baghewala-style representative,1,2026-01-23T14:00:00,production,20.387,17.587,101,31.8,36,47,589,48.0,14.201,33.576,20.966,15.0,6.55,1.51,47.92,58.0,23.308,36,GOOD,SYNTHETIC,26120
BWG-SIM-001,Baghewala-style representative,1,2026-01-23T15:00:00,production,20.463,17.663,101,31.8,36,47,589,48.0,14.402,34.918,22.647,15.0,6.57,1.51,49.564,58.0,23.797,35,GOOD,SYNTHETIC,26120
BWG-SIM-001,Baghewala-style representative,1,2026-01-23T16:00:00,production,20.415,17.615,101,31.8,36,47,589,48.0,14.126,34.887,23.808,15.0,6.713,1.51,49.068,58.0,23.9,36,GOOD,SYNTHETIC,26120
BWG-SIM-001,Baghewala-style representative,1,2026-01-23T17:00:00,production,20.375,17.575,101,31.8,36,47,589,48.0,13.894,34.875,23.515,15.0,6.589,1.51,47.995,58.0,23.09,36,GOOD,SYNTHETIC,26120
BWG-SIM-001,Baghewala-style representative,1,2026-01-23T18:00:00,production,20.402,17.602,101,31.8,36,47,589,48.0,14.166,34.078,23.828,15.0,6.699,1.511,47.236,57.142,23.556,35,GOOD,SYNTHETIC,26120
BWG-SIM-001,Baghewala-style representative,1,2026-01-23T19:00:00,production,20.475,17.675,101,31.8,36,47,589,48.0,14.469,33.704,22.871,15.0,6.652,1.511,46.653,58.0,24.0,37,GOOD,SYNTHETIC,26120
BWG-SIM-001,Baghewala-style representative,1,2026-01-23T20:00:00,production,20.762,17.962,101,31.8,36,47,589,48.0,14.382,34.622,23.482,15.0,6.734,1.511,45.305,57.191,23.703,36,GOOD,SYNTHETIC,26120
BWG-SIM-001,Baghewala-style representative,1,2026-01-23T21:00:00,production,20.752,17.952,101,31.8,36,47,589,48.0,14.273,34.493,23.148,15.0,6.654,1.512,46.576,57.12,23.447,35,GOOD,SYNTHETIC,26120
BWG-SIM-001,Baghewala-style representative,1,2026-01-23T22:00:00,production,20.62,17.82,101,31.8,36,47,589,48.0,14.165,34.218,23.444,15.0,6.609,1.512,45.923,56.892,23.473,35,GOOD,SYNTHETIC,26120
BWG-SIM-001,Baghewala-style representative,1,2026-01-23T23:00:00,production,20.37,17.57,101,31.8,36,47,589,48.0,14.466,34.229,21.842,15.0,6.862,1.513,47.008,58.0,23.839,36,GOOD,SYNTHETIC,26120
BWG-SIM-001,Baghewala-style representative,1,2026-01-24T00:00:00,production,20.603,17.803,101,31.8,36,47,589,48.0,14.265,35.107,23.504,15.0,6.729,1.514,45.531,57.445,23.499,36,GOOD,SYNTHETIC,26120
BWG-SIM-001,Baghewala-style representative,1,2026-01-24T01:00:00,production,20.431,17.631,101,31.8,36,47,589,48.0,14.762,34.273,22.478,15.0,6.701,1.515,48.621,58.0,23.974,36,GOOD,SYNTHETIC,26120
BWG-SIM-001,Baghewala-style representative,1,2026-01-24T02:00:00,production,20.456,17.656,101,31.8,36,47,589,48.0,14.188,35.101,23.141,15.0,6.91,1.515,47.517,58.0,24.0,36,GOOD,SYNTHETIC,26120
BWG-SIM-001,Baghewala-style representative,1,2026-01-24T03:00:00,production,20.439,17.639,101,31.8,36,47,589,48.0,14.441,34.366,21.973,15.0,6.789,1.516,44.729,58.0,23.588,37,GOOD,SYNTHETIC,26120
BWG-SIM-001,Baghewala-style representative,1,2026-01-24T04:00:00,production,20.614,17.814,101,31.8,36,47,589,48.0,14.402,35.07,22.24,15.0,6.825,1.517,46.596,58.0,24.0,37,GOOD,SYNTHETIC,26120
BWG-SIM-001,Baghewala-style representative,1,2026-01-24T05:00:00,production,20.358,17.558,101,31.8,36,47,589,48.0,14.339,34.553,22.64,15.0,6.888,1.518,47.009,58.0,23.83,36,GOOD,SYNTHETIC,26120
BWG-SIM-001,Baghewala-style representative,1,2026-01-24T06:00:00,production,20.558,17.758,101,31.8,36,47,589,48.0,14.281,35.431,24.648,15.0,6.781,1.519,50.247,57.155,23.426,33,GOOD,SYNTHETIC,26120
BWG-SIM-001,Baghewala-style representative,1,2026-01-24T07:00:00,production,20.675,17.875,101,31.8,36,47,589,48.0,13.978,33.863,21.729,15.0,6.821,1.521,47.738,58.0,23.523,36,GOOD,SYNTHETIC,26120
BWG-SIM-001,Baghewala-style representative,1,2026-01-24T08:00:00,production,20.374,17.574,101,31.8,36,47,589,48.0,14.555,34.371,23.844,15.0,7.018,1.522,45.949,58.0,24.0,37,GOOD,SYNTHETIC,26120
BWG-SIM-001,Baghewala-style representative,1,2026-01-24T09:00:00,production,20.585,17.785,101,31.8,36,47,589,48.0,14.225,34.583,22.525,15.0,6.796,1.523,46.452,58.0,23.723,37,GOOD,SYNTHETIC,26120
BWG-SIM-001,Baghewala-style representative,1,2026-01-24T10:00:00,production,20.83,18.03,101,31.8,36,47,589,48.0,14.113,35.021,24.262,15.0,6.889,1.524,45.456,58.0,23.672,37,GOOD,SYNTHETIC,26120
BWG-SIM-001,Baghewala-style representative,1,2026-01-24T11:00:00,production,20.457,17.657,101,31.8,36,47,589,48.0,14.11,33.967,21.611,15.0,6.694,1.526,44.51,57.897,23.519,37,GOOD,SYNTHETIC,26120
BWG-SIM-001,Baghewala-style representative,1,2026-01-24T12:00:00,production,20.473,17.673,101,31.8,36,47,589,48.0,14.452,34.305,22.425,15.0,6.901,1.527,43.655,58.0,23.917,38,GOOD,SYNTHETIC,26120
BWG-SIM-001,Baghewala-style representative,1,2026-01-24T13:00:00,production,20.72,17.92,101,31.8,36,47,589,48.0,14.222,34.681,24.096,15.0,6.893,1.528,44.835,58.0,23.86,37,GOOD,SYNTHETIC,26120
BWG-SIM-001,Baghewala-style representative,1,2026-01-24T14:00:00,production,20.65,17.85,101,31.8,36,47,589,48.0,14.268,34.351,22.801,15.0,6.956,1.53,45.864,58.0,24.0,37,GOOD,SYNTHETIC,26120
BWG-SIM-001,Baghewala-style representative,1,2026-01-24T15:00:00,production,20.722,17.922,101,31.8,36,47,589,48.0,14.652,34.29,24.14,15.0,6.836,1.532,43.471,58.0,23.726,38,GOOD,SYNTHETIC,26120
BWG-SIM-001,Baghewala-style representative,1,2026-01-24T16:00:00,production,20.514,17.714,101,31.8,36,47,589,48.0,14.185,34.009,21.463,15.0,6.861,1.533,45.245,58.0,24.0,37,GOOD,SYNTHETIC,26120
BWG-SIM-001,Baghewala-style representative,1,2026-01-24T17:00:00,production,20.54,17.74,101,31.8,36,47,589,48.0,13.85,34.843,23.395,15.0,6.764,1.535,46.095,57.901,23.278,37,GOOD,SYNTHETIC,26120
BWG-SIM-001,Baghewala-style representative,1,2026-01-24T18:00:00,production,20.637,17.837,101,31.8,36,47,589,48.0,14.136,34.896,22.681,15.0,6.799,1.536,46.059,57.886,23.864,37,GOOD,SYNTHETIC,26120
BWG-SIM-001,Baghewala-style representative,1,2026-01-24T19:00:00,production,20.682,17.882,101,31.8,36,47,589,48.0,14.286,34.333,23.579,15.0,6.779,1.538,46.444,58.0,23.4,37,GOOD,SYNTHETIC,26120
BWG-SIM-001,Baghewala-style representative,1,2026-01-24T20:00:00,production,20.745,17.945,101,31.8,36,47,589,48.0,14.052,35.012,23.894,15.0,6.808,1.54,45.87,58.0,23.615,37,GOOD,SYNTHETIC,26120
BWG-SIM-001,Baghewala-style representative,1,2026-01-24T21:00:00,production,20.776,17.976,101,31.8,36,47,589,48.0,14.328,34.236,23.709,15.0,6.675,1.541,45.994,57.253,23.7,35,GOOD,SYNTHETIC,26120
BWG-SIM-001,Baghewala-style representative,1,2026-01-24T22:00:00,production,20.715,17.915,101,31.8,36,47,589,48.0,14.372,34.82,21.988,15.0,6.816,1.543,46.894,58.0,23.551,36,GOOD,SYNTHETIC,26120
BWG-SIM-001,Baghewala-style representative,1,2026-01-24T23:00:00,production,20.674,17.874,101,31.8,36,47,589,48.0,14.318,35.138,23.279,15.0,6.742,1.545,48.941,58.0,23.447,36,GOOD,SYNTHETIC,26120
BWG-SIM-001,Baghewala-style representative,1,2026-01-25T00:00:00,production,20.718,17.918,101,31.8,36,47,589,48.0,14.323,34.405,23.583,15.0,6.842,1.546,45.964,58.0,23.857,37,GOOD,SYNTHETIC,26120
BWG-SIM-001,Baghewala-style representative,1,2026-01-25T01:00:00,production,20.926,18.126,101,31.8,36,47,589,48.0,14.396,34.664,23.893,15.0,6.718,1.548,48.041,56.404,23.459,33,GOOD,SYNTHETIC,26120
BWG-SIM-001,Baghewala-style representative,1,2026-01-25T02:00:00,production,20.703,17.903,101,31.8,36,47,589,48.0,14.005,34.651,22.643,15.0,6.696,1.55,47.306,58.0,23.651,36,GOOD,SYNTHETIC,26120
BWG-SIM-001,Baghewala-style representative,1,2026-01-25T03:00:00,production,20.772,17.972,101,31.8,36,47,589,48.0,13.995,35.231,24.069,15.0,6.681,1.552,48.107,56.7,23.359,33,GOOD,SYNTHETIC,26120
BWG-SIM-001,Baghewala-style representative,1,2026-01-25T04:00:00,production,20.893,18.093,101,31.8,36,47,589,48.0,13.985,34.376,22.753,15.0,6.646,1.553,43.713,58.0,23.289,38,GOOD,SYNTHETIC,26120
BWG-SIM-001,Baghewala-style representative,1,2026-01-25T05:00:00,production,21.079,18.279,101,31.8,36,47,589,48.0,14.452,34.844,23.276,15.0,6.677,1.555,46.914,58.0,23.84,36,GOOD,SYNTHETIC,26120
BWG-SIM-001,Baghewala-style representative,1,2026-01-25T06:00:00,production,20.958,18.158,101,31.8,36,47,589,48.0,13.987,35.679,24.0,15.0,6.484,1.557,46.822,58.0,23.611,37,GOOD,SYNTHETIC,26120
BWG-SIM-001,Baghewala-style representative,1,2026-01-25T07:00:00,production,21.02,18.22,101,31.8,36,47,589,48.0,14.403,36.303,23.488,15.0,6.661,1.559,48.7,58.0,23.599,36,GOOD,SYNTHETIC,26120
BWG-SIM-001,Baghewala-style representative,1,2026-01-25T08:00:00,production,20.964,18.164,101,31.8,36,47,589,48.0,14.338,34.137,23.543,15.0,6.581,1.56,45.445,58.0,23.957,37,GOOD,SYNTHETIC,26120
BWG-SIM-001,Baghewala-style representative,1,2026-01-25T09:00:00,production,20.987,18.187,101,31.8,36,47,589,48.0,13.944,34.693,23.562,15.0,6.717,1.562,48.082,58.0,23.547,36,GOOD,SYNTHETIC,26120
BWG-SIM-001,Baghewala-style representative,1,2026-01-25T10:00:00,production,20.979,18.179,101,31.8,36,47,589,48.0,14.33,34.155,21.526,15.0,6.564,1.564,44.672,57.2,23.694,36,GOOD,SYNTHETIC,26120
BWG-SIM-001,Baghewala-style representative,1,2026-01-25T11:00:00,production,20.955,18.155,101,31.8,36,47,589,48.0,13.992,34.228,22.077,15.0,6.513,1.565,44.416,57.293,23.236,36,GOOD,SYNTHETIC,26120
BWG-SIM-001,Baghewala-style representative,1,2026-01-25T12:00:00,production,21.312,18.512,101,31.8,36,47,589,48.0,14.162,35.142,23.765,15.0,6.585,1.567,45.46,58.0,23.458,37,GOOD,SYNTHETIC,26120
BWG-SIM-001,Baghewala-style representative,1,2026-01-25T13:00:00,production,21.081,18.281,101,31.8,36,47,589,48.0,14.236,35.86,23.277,15.0,6.593,1.568,45.669,58.0,23.292,37,GOOD,SYNTHETIC,26120
BWG-SIM-001,Baghewala-style representative,1,2026-01-25T14:00:00,production,21.21,18.41,101,31.8,36,47,589,48.0,14.488,35.451,23.69,15.0,6.466,1.57,49.019,57.469,22.958,34,GOOD,SYNTHETIC,26120
BWG-SIM-001,Baghewala-style representative,1,2026-01-25T15:00:00,production,20.98,18.18,101,31.8,36,47,589,48.0,14.279,34.757,24.636,15.0,6.438,1.571,46.864,57.222,22.806,35,GOOD,SYNTHETIC,26120
BWG-SIM-001,Baghewala-style representative,1,2026-01-25T16:00:00,production,21.063,18.263,101,31.8,36,47,589,48.0,14.261,34.769,23.574,15.0,6.323,1.573,49.947,55.851,22.944,31,GOOD,SYNTHETIC,26120
BWG-SIM-001,Baghewala-style representative,1,2026-01-25T17:00:00,production,21.016,18.216,101,31.8,36,47,589,48.0,14.235,35.003,24.216,15.0,6.388,1.574,46.204,58.0,23.101,37,GOOD,SYNTHETIC,26120
BWG-SIM-001,Baghewala-style representative,1,2026-01-25T18:00:00,production,21.152,18.352,101,31.8,36,47,589,48.0,14.377,34.349,24.084,15.0,6.547,1.576,49.548,58.0,23.614,35,GOOD,SYNTHETIC,26120
BWG-SIM-001,Baghewala-style representative,1,2026-01-25T19:00:00,production,21.289,18.489,101,31.8,36,47,589,48.0,14.104,35.519,23.487,15.0,6.269,1.577,48.125,56.88,23.07,34,GOOD,SYNTHETIC,26120
BWG-SIM-001,Baghewala-style representative,1,2026-01-25T20:00:00,production,21.213,18.413,101,31.8,36,47,589,48.0,14.102,34.833,24.133,15.0,6.308,1.578,49.962,56.337,23.334,32,GOOD,SYNTHETIC,26120
BWG-SIM-001,Baghewala-style representative,1,2026-01-25T21:00:00,production,21.318,18.518,101,31.8,36,47,589,48.0,14.226,35.099,23.786,15.0,6.398,1.579,48.637,57.587,23.211,35,GOOD,SYNTHETIC,26120
BWG-SIM-001,Baghewala-style representative,1,2026-01-25T22:00:00,production,21.315,18.515,101,31.8,36,47,589,48.0,14.132,34.944,22.35,15.0,6.229,1.581,49.571,58.0,23.362,35,GOOD,SYNTHETIC,26120
BWG-SIM-001,Baghewala-style representative,1,2026-01-25T23:00:00,production,21.383,18.583,101,31.8,36,47,589,48.0,14.155,35.548,23.564,15.0,6.121,1.582,51.137,57.613,23.043,34,GOOD,SYNTHETIC,26120
BWG-SIM-001,Baghewala-style representative,1,2026-01-26T00:00:00,production,21.226,18.426,101,31.8,36,47,589,48.0,14.516,34.775,23.453,15.0,6.237,1.583,46.902,56.224,22.715,33,GOOD,SYNTHETIC,26120
BWG-SIM-001,Baghewala-style representative,1,2026-01-26T01:00:00,production,21.392,18.592,101,31.8,36,47,589,48.0,14.291,35.937,24.387,15.0,6.305,1.584,50.803,55.353,23.25,29,GOOD,SYNTHETIC,26120
BWG-SIM-001,Baghewala-style representative,1,2026-01-26T02:00:00,production,21.147,18.347,101,31.8,36,47,589,48.0,14.453,35.456,23.725,15.0,6.18,1.585,50.626,56.467,23.243,32,GOOD,SYNTHETIC,26120
BWG-SIM-001,Baghewala-style representative,1,2026-01-26T03:00:00,production,21.424,18.624,101,31.8,36,47,589,48.0,14.179,35.941,24.978,15.0,6.18,1.585,51.726,54.491,22.762,27,GOOD,SYNTHETIC,26120
BWG-SIM-001,Baghewala-style representative,1,2026-01-26T04:00:00,production,21.307,18.507,101,31.8,36,47,589,48.0,14.441,35.944,23.877,15.0,6.338,1.586,49.435,56.99,23.238,33,GOOD,SYNTHETIC,26120
BWG-SIM-001,Baghewala-style representative,1,2026-01-26T05:00:00,production,21.32,18.52,101,31.8,36,47,589,48.0,14.485,35.506,25.153,15.0,6.017,1.587,54.052,55.172,23.221,28,GOOD,SYNTHETIC,26120
BWG-SIM-001,Baghewala-style representative,1,2026-01-26T06:00:00,production,21.547,18.747,101,31.8,36,47,589,48.0,14.281,34.801,23.871,15.0,6.119,1.587,50.722,56.624,23.267,32,GOOD,SYNTHETIC,26120
BWG-SIM-001,Baghewala-style representative,1,2026-01-26T07:00:00,production,21.435,18.635,101,31.8,36,47,589,48.0,14.581,34.888,23.888,15.0,6.104,1.588,48.319,55.552,22.735,31,GOOD,SYNTHETIC,26120
BWG-SIM-001,Baghewala-style representative,1,2026-01-26T08:00:00,production,21.568,18.768,101,31.8,36,47,589,48.0,14.204,34.788,24.291,15.0,6.256,1.589,49.779,56.85,23.45,33,GOOD,SYNTHETIC,26120
BWG-SIM-001,Baghewala-style representative,1,2026-01-26T09:00:00,production,21.355,18.555,101,31.8,36,47,589,48.0,14.129,35.807,25.413,15.0,6.188,1.589,53.208,56.81,23.004,31,GOOD,SYNTHETIC,26120
BWG-SIM-001,Baghewala-style representative,1,2026-01-26T10:00:00,production,21.526,18.726,101,31.8,36,47,589,48.0,14.332,36.164,24.956,15.0,6.296,1.589,48.297,56.421,23.275,33,GOOD,SYNTHETIC,26120
BWG-SIM-001,Baghewala-style representative,1,2026-01-26T11:00:00,production,21.626,18.826,101,31.8,36,47,589,48.0,14.254,35.77,24.111,15.0,6.255,1.59,52.353,55.624,22.792,29,GOOD,SYNTHETIC,26120
BWG-SIM-001,Baghewala-style representative,1,2026-01-26T12:00:00,production,21.315,18.515,101,31.8,36,47,589,48.0,14.2,35.576,25.453,15.0,6.22,1.59,49.253,58.0,23.376,35,GOOD,SYNTHETIC,26120
BWG-SIM-001,Baghewala-style representative,1,2026-01-26T13:00:00,production,21.412,18.612,101,31.8,36,47,589,48.0,14.342,35.074,22.506,15.0,6.097,1.59,50.281,57.586,22.984,34,GOOD,SYNTHETIC,26120
BWG-SIM-001,Baghewala-style representative,1,2026-01-26T14:00:00,production,21.538,18.738,101,31.8,36,47,589,48.0,14.349,36.147,25.409,15.0,6.051,1.59,53.01,55.984,22.805,30,GOOD,SYNTHETIC,26120
BWG-SIM-001,Baghewala-style representative,1,2026-01-26T15:00:00,production,21.599,18.799,101,31.8,36,47,589,48.0,14.052,35.211,23.255,15.0,6.066,1.59,51.145,56.48,22.992,32,GOOD,SYNTHETIC,26120
BWG-SIM-001,Baghewala-style representative,1,2026-01-26T16:00:00,production,21.489,18.689,101,31.8,36,47,589,48.0,14.305,35.571,24.528,15.0,6.093,1.59,53.564,56.144,22.624,30,GOOD,SYNTHETIC,26120
BWG-SIM-001,Baghewala-style representative,1,2026-01-26T17:00:00,production,21.474,18.674,101,31.8,36,47,589,48.0,14.185,35.165,23.603,15.0,6.186,1.59,50.047,58.0,23.209,35,GOOD,SYNTHETIC,26120
BWG-SIM-001,Baghewala-style representative,1,2026-01-26T18:00:00,production,21.575,18.775,101,31.8,36,47,589,48.0,14.327,35.12,23.722,15.0,6.212,1.589,49.631,56.1,23.084,31,GOOD,SYNTHETIC,26120
BWG-SIM-001,Baghewala-style representative,1,2026-01-26T19:00:00,production,21.348,18.548,101,31.8,36,47,589,48.0,14.185,35.773,24.297,15.0,6.213,1.589,49.026,58.0,23.263,36,GOOD,SYNTHETIC,26120
BWG-SIM-001,Baghewala-style representative,1,2026-01-26T20:00:00,production,21.507,18.707,101,31.8,36,47,589,48.0,14.028,35.44,23.581,15.0,6.131,1.589,50.248,56.546,23.302,32,GOOD,SYNTHETIC,26120
BWG-SIM-001,Baghewala-style representative,1,2026-01-26T21:00:00,production,21.608,18.808,101,31.8,36,47,589,48.0,14.204,35.548,24.744,15.0,6.106,1.588,52.067,55.613,22.913,29,GOOD,SYNTHETIC,26120
BWG-SIM-001,Baghewala-style representative,1,2026-01-26T22:00:00,production,21.448,18.648,101,31.8,36,47,589,48.0,14.405,35.192,24.349,15.0,6.243,1.588,50.009,58.0,23.689,35,GOOD,SYNTHETIC,26120
BWG-SIM-001,Baghewala-style representative,1,2026-01-26T23:00:00,production,21.426,18.626,101,31.8,36,47,589,48.0,14.483,34.834,22.606,15.0,6.171,1.587,49.608,57.012,23.49,33,GOOD,SYNTHETIC,26120
BWG-SIM-001,Baghewala-style representative,1,2026-01-27T00:00:00,production,21.342,18.542,101,31.8,36,47,589,48.0,13.917,34.895,23.468,15.0,6.039,1.586,50.991,58.0,23.075,35,GOOD,SYNTHETIC,26120
BWG-SIM-001,Baghewala-style representative,1,2026-01-27T01:00:00,production,21.334,18.534,101,31.8,36,47,589,48.0,14.168,35.048,24.168,15.0,6.188,1.586,49.479,55.874,22.529,31,GOOD,SYNTHETIC,26120
BWG-SIM-001,Baghewala-style representative,1,2026-01-27T02:00:00,production,21.536,18.736,101,31.8,36,47,589,48.0,14.179,35.379,23.844,15.0,6.19,1.585,47.879,57.132,22.746,34,GOOD,SYNTHETIC,26120
BWG-SIM-001,Baghewala-style representative,1,2026-01-27T03:00:00,production,21.444,18.644,101,31.8,36,47,589,48.0,14.236,35.587,24.033,15.0,6.119,1.584,50.534,58.0,23.335,35,GOOD,SYNTHETIC,26120
BWG-SIM-001,Baghewala-style representative,1,2026-01-27T04:00:00,production,21.232,18.432,101,31.8,36,47,589,48.0,14.017,35.223,23.661,15.0,6.289,1.583,48.769,55.11,22.91,30,GOOD,SYNTHETIC,26120
BWG-SIM-001,Baghewala-style representative,1,2026-01-27T05:00:00,production,21.471,18.671,101,31.8,36,47,589,48.0,14.288,35.558,24.046,15.0,6.246,1.582,51.622,55.028,23.215,28,GOOD,SYNTHETIC,26120
BWG-SIM-001,Baghewala-style representative,1,2026-01-27T06:00:00,production,21.698,18.898,101,31.8,36,47,589,48.0,14.109,35.781,23.631,15.0,6.322,1.581,51.965,56.592,22.872,31,GOOD,SYNTHETIC,26120
BWG-SIM-001,Baghewala-style representative,1,2026-01-27T07:00:00,production,21.515,18.715,101,31.8,36,47,589,48.0,14.458,34.716,23.507,15.0,6.194,1.58,47.581,56.626,22.942,33,GOOD,SYNTHETIC,26120
BWG-SIM-001,Baghewala-style representative,1,2026-01-27T08:00:00,production,21.626,18.826,101,31.8,36,47,589,48.0,14.0,35.793,25.575,15.0,6.344,1.579,49.289,55.205,23.375,30,GOOD,SYNTHETIC,26120
BWG-SIM-001,Baghewala-style representative,1,2026-01-27T09:00:00,production,21.634,18.834,101,31.8,36,47,589,48.0,14.136,35.591,24.851,15.0,6.22,1.577,51.936,54.185,22.902,27,GOOD,SYNTHETIC,26120
BWG-SIM-001,Baghewala-style representative,1,2026-01-27T10:00:00,production,21.613,18.813,101,31.8,36,47,589,48.0,14.505,35.265,23.721,15.0,6.327,1.576,50.217,56.828,23.42,33,GOOD,SYNTHETIC,26120
BWG-SIM-001,Baghewala-style representative,1,2026-01-27T11:00:00,production,21.622,18.822,101,31.8,36,47,589,48.0,14.311,35.644,24.398,15.0,6.509,1.575,48.926,58.0,23.509,36,GOOD,SYNTHETIC,26120
BWG-SIM-001,Baghewala-style representative,1,2026-01-27T12:00:00,production,21.542,18.742,101,31.8,36,47,589,48.0,14.273,35.22,23.279,15.0,6.441,1.573,48.227,57.671,24.0,35,GOOD,SYNTHETIC,26120
BWG-SIM-001,Baghewala-style representative,1,2026-01-27T13:00:00,production,21.437,18.637,101,31.8,36,47,589,48.0,14.259,35.821,24.939,15.0,6.394,1.572,48.194,58.0,23.421,36,GOOD,SYNTHETIC,26120
BWG-SIM-001,Baghewala-style representative,1,2026-01-27T14:00:00,production,21.232,18.432,101,31.8,36,47,589,48.0,14.17,34.904,23.332,15.0,6.419,1.57,50.557,57.46,23.527,34,GOOD,SYNTHETIC,26120
BWG-SIM-001,Baghewala-style representative,1,2026-01-27T15:00:00,production,21.49,18.69,101,31.8,36,47,589,48.0,14.193,34.701,22.525,15.0,6.43,1.569,45.097,58.0,23.693,37,GOOD,SYNTHETIC,26120
BWG-SIM-001,Baghewala-style representative,1,2026-01-27T16:00:00,production,21.341,18.541,101,31.8,36,47,589,48.0,14.414,34.624,23.819,15.0,6.49,1.567,47.505,57.571,23.58,35,GOOD,SYNTHETIC,26120
BWG-SIM-001,Baghewala-style representative,1,2026-01-27T17:00:00,production,21.609,18.809,101,31.8,36,47,589,48.0,14.001,35.066,22.225,15.0,6.465,1.566,48.115,58.0,23.512,36,GOOD,SYNTHETIC,26120
BWG-SIM-001,Baghewala-style representative,1,2026-01-27T18:00:00,production,21.319,18.519,101,31.8,36,47,589,48.0,14.081,34.415,23.449,15.0,6.548,1.564,47.212,55.529,23.384,31,GOOD,SYNTHETIC,26120
BWG-SIM-001,Baghewala-style representative,1,2026-01-27T19:00:00,production,21.561,18.761,101,31.8,36,47,589,48.0,14.208,35.998,24.909,15.0,6.608,1.562,49.609,58.0,23.264,35,GOOD,SYNTHETIC,26120
BWG-SIM-001,Baghewala-style representative,1,2026-01-27T20:00:00,production,21.311,18.511,101,31.8,36,47,589,48.0,14.282,35.342,23.315,15.0,6.623,1.561,46.336,55.92,23.866,33,GOOD,SYNTHETIC,26120
BWG-SIM-001,Baghewala-style representative,1,2026-01-27T21:00:00,production,21.327,18.527,101,31.8,36,47,589,48.0,14.268,34.881,23.447,15.0,6.512,1.559,48.652,57.371,23.878,34,GOOD,SYNTHETIC,26120
BWG-SIM-001,Baghewala-style representative,1,2026-01-27T22:00:00,production,21.323,18.523,101,31.8,36,47,589,48.0,14.198,35.341,24.785,15.0,6.552,1.557,49.31,57.761,23.548,35,GOOD,SYNTHETIC,26120
BWG-SIM-001,Baghewala-style representative,1,2026-01-27T23:00:00,production,21.311,18.511,101,31.8,36,47,589,48.0,14.01,36.507,24.394,15.0,6.694,1.556,50.058,56.688,23.741,32,GOOD,SYNTHETIC,26120
BWG-SIM-001,Baghewala-style representative,1,2026-01-28T00:00:00,production,21.131,18.331,101,31.8,36,47,589,48.0,14.26,35.385,24.011,15.0,6.66,1.554,48.412,57.189,23.545,34,GOOD,SYNTHETIC,26120
BWG-SIM-001,Baghewala-style representative,1,2026-01-28T01:00:00,production,21.189,18.389,101,31.8,36,47,589,48.0,14.095,35.331,22.996,15.0,6.635,1.552,49.555,58.0,23.469,35,GOOD,SYNTHETIC,26120
BWG-SIM-001,Baghewala-style representative,1,2026-01-28T02:00:00,production,21.381,18.581,101,31.8,36,47,589,48.0,14.455,35.181,23.734,15.0,6.65,1.551,47.287,57.461,23.513,35,GOOD,SYNTHETIC,26120
BWG-SIM-001,Baghewala-style representative,1,2026-01-28T03:00:00,production,21.38,18.58,101,31.8,36,47,589,48.0,14.259,34.994,23.086,15.0,6.55,1.549,45.053,58.0,23.592,37,GOOD,SYNTHETIC,26120
BWG-SIM-001,Baghewala-style representative,1,2026-01-28T04:00:00,production,21.222,18.422,101,31.8,36,47,589,48.0,14.064,35.768,24.397,15.0,6.617,1.547,50.784,57.243,23.752,33,GOOD,SYNTHETIC,26120
BWG-SIM-001,Baghewala-style representative,1,2026-01-28T05:00:00,production,21.258,18.458,101,31.8,36,47,589,48.0,14.385,35.094,23.411,15.0,6.697,1.545,47.376,57.676,23.613,36,GOOD,SYNTHETIC,26120
BWG-SIM-001,Baghewala-style representative,1,2026-01-28T06:00:00,production,21.1,18.3,101,31.8,36,47,589,48.0,14.279,34.93,24.242,15.0,6.801,1.544,42.021,58.0,23.663,39,GOOD,SYNTHETIC,26120
BWG-SIM-001,Baghewala-style representative,1,2026-01-28T07:00:00,production,21.363,18.563,101,31.8,36,47,589,48.0,14.438,34.358,22.084,15.0,6.708,1.542,44.71,58.0,23.383,37,GOOD,SYNTHETIC,26120
BWG-SIM-001,Baghewala-style representative,1,2026-01-28T08:00:00,production,21.235,18.435,101,31.8,36,47,589,48.0,13.995,35.015,23.873,15.0,6.736,1.54,49.137,57.877,23.345,35,GOOD,SYNTHETIC,26120
BWG-SIM-001,Baghewala-style representative,1,2026-01-28T09:00:00,production,21.042,18.242,101,31.8,36,47,589,48.0,14.267,34.291,21.937,15.0,6.875,1.539,47.063,58.0,23.639,36,GOOD,SYNTHETIC,26120
BWG-SIM-001,Baghewala-style representative,1,2026-01-28T10:00:00,production,21.164,18.364,101,31.8,36,47,589,48.0,14.383,34.977,23.643,15.0,6.95,1.537,46.836,58.0,24.0,37,GOOD,SYNTHETIC,26120
BWG-SIM-001,Baghewala-style representative,1,2026-01-28T11:00:00,production,21.217,18.417,101,31.8,36,47,589,48.0,14.424,33.959,22.343,15.0,6.665,1.535,46.665,58.0,23.586,37,GOOD,SYNTHETIC,26120
BWG-SIM-001,Baghewala-style representative,1,2026-01-28T12:00:00,production,21.118,18.318,101,31.8,36,47,589,48.0,14.324,35.054,23.7,15.0,6.789,1.534,46.425,58.0,23.621,37,GOOD,SYNTHETIC,26120
BWG-SIM-001,Baghewala-style representative,1,2026-01-28T13:00:00,production,20.95,18.15,101,31.8,36,47,589,48.0,14.185,35.085,22.984,15.0,6.823,1.532,45.774,58.0,23.784,37,GOOD,SYNTHETIC,26120
BWG-SIM-001,Baghewala-style representative,1,2026-01-28T14:00:00,production,21.022,18.222,101,31.8,36,47,589,48.0,14.055,34.1,21.683,15.0,6.841,1.531,43.766,58.0,24.0,38,GOOD,SYNTHETIC,26120
BWG-SIM-001,Baghewala-style representative,1,2026-01-28T15:00:00,production,20.918,18.118,101,31.8,36,47,589,48.0,14.178,34.64,23.716,15.0,6.795,1.529,46.925,58.0,23.472,36,GOOD,SYNTHETIC,26120
BWG-SIM-001,Baghewala-style representative,1,2026-01-28T16:00:00,production,21.022,18.222,101,31.8,36,47,589,48.0,14.144,35.671,23.417,15.0,6.76,1.528,47.906,57.33,23.495,35,GOOD,SYNTHETIC,26120
BWG-SIM-001,Baghewala-style representative,1,2026-01-28T17:00:00,production,21.147,18.347,101,31.8,36,47,589,48.0,14.133,35.558,23.48,15.0,6.892,1.526,47.082,58.0,23.952,36,GOOD,SYNTHETIC,26120
BWG-SIM-001,Baghewala-style representative,1,2026-01-28T18:00:00,production,21.05,18.25,101,31.8,36,47,589,48.0,14.272,35.897,22.666,15.0,6.719,1.525,47.025,56.675,23.746,34,GOOD,SYNTHETIC,26120
BWG-SIM-001,Baghewala-style representative,1,2026-01-28T19:00:00,production,20.868,18.068,101,31.8,36,47,589,48.0,14.068,35.758,22.208,15.0,6.892,1.523,48.341,57.071,23.325,34,GOOD,SYNTHETIC,26120
BWG-SIM-001,Baghewala-style representative,1,2026-01-28T20:00:00,production,20.721,17.921,101,31.8,36,47,589,48.0,14.276,34.118,22.154,15.0,6.898,1.522,44.26,58.0,23.661,38,GOOD,SYNTHETIC,26120
BWG-SIM-001,Baghewala-style representative,1,2026-01-28T21:00:00,production,20.92,18.12,101,31.8,36,47,589,48.0,14.205,35.851,24.303,15.0,6.943,1.521,47.195,57.981,23.89,36,GOOD,SYNTHETIC,26120
BWG-SIM-001,Baghewala-style representative,1,2026-01-28T22:00:00,production,20.826,18.026,101,31.8,36,47,589,48.0,14.069,34.291,23.511,15.0,6.981,1.52,44.19,58.0,23.663,38,GOOD,SYNTHETIC,26120
BWG-SIM-001,Baghewala-style representative,1,2026-01-28T23:00:00,production,20.832,18.032,101,31.8,36,47,589,48.0,14.213,34.069,21.66,15.0,6.785,1.519,42.561,58.0,23.48,38,GOOD,SYNTHETIC,26120
BWG-SIM-001,Baghewala-style representative,2,2026-02-04T00:00:00,injection,24.527,21.727,106,32.6,38,50,584,57.098,9.189,43.248,30.516,7.587,6.501,1.55,57.645,53.145,23.082,22,GOOD,SYNTHETIC,26120
BWG-SIM-001,Baghewala-style representative,2,2026-02-04T01:00:00,injection,24.603,21.803,106,32.6,38,50,584,56.812,9.36,43.4,31.0,7.909,6.536,1.552,61.345,53.04,23.235,20,GOOD,SYNTHETIC,26120
BWG-SIM-001,Baghewala-style representative,2,2026-02-04T02:00:00,injection,24.509,21.709,106,32.6,38,50,584,57.442,9.117,43.335,31.542,7.047,6.522,1.553,61.62,51.251,23.012,16,GOOD,SYNTHETIC,26120
BWG-SIM-001,Baghewala-style representative,2,2026-02-04T03:00:00,injection,24.669,21.869,106,32.6,38,50,584,57.836,8.913,44.235,30.887,7.768,6.553,1.555,57.702,52.831,23.408,21,GOOD,SYNTHETIC,26120
BWG-SIM-001,Baghewala-style representative,2,2026-02-04T04:00:00,injection,24.628,21.828,106,32.6,38,50,584,58.848,8.733,44.32,32.019,7.677,6.561,1.557,60.407,52.704,23.143,20,GOOD,SYNTHETIC,26120
BWG-SIM-001,Baghewala-style representative,2,2026-02-04T05:00:00,injection,24.406,21.606,106,32.6,38,50,584,58.271,8.915,44.2,30.698,7.993,6.548,1.559,59.128,52.992,23.04,21,GOOD,SYNTHETIC,26120
BWG-SIM-001,Baghewala-style representative,2,2026-02-04T06:00:00,injection,24.509,21.709,106,32.6,38,50,584,58.556,9.022,43.568,30.346,8.049,6.567,1.56,56.743,54.915,23.578,26,GOOD,SYNTHETIC,26120
BWG-SIM-001,Baghewala-style representative,2,2026-02-04T07:00:00,injection,24.625,21.825,106,32.6,38,50,584,58.574,8.89,43.832,30.752,6.95,6.563,1.562,60.43,54.12,22.693,23,GOOD,SYNTHETIC,26120
BWG-SIM-001,Baghewala-style representative,2,2026-02-04T08:00:00,injection,24.45,21.65,106,32.6,38,50,584,58.84,8.646,45.545,32.536,8.345,6.524,1.564,62.41,52.923,23.142,19,GOOD,SYNTHETIC,26120
BWG-SIM-001,Baghewala-style representative,2,2026-02-04T09:00:00,injection,24.76,21.96,106,32.6,38,50,584,59.188,8.102,46.002,33.081,7.831,6.686,1.565,60.441,53.868,23.074,22,GOOD,SYNTHETIC,26120
BWG-SIM-001,Baghewala-style representative,2,2026-02-04T10:00:00,injection,24.626,21.826,106,32.6,38,50,584,59.912,8.196,46.137,33.63,7.822,6.758,1.567,61.032,52.984,23.003,20,GOOD,SYNTHETIC,26120
BWG-SIM-001,Baghewala-style representative,2,2026-02-04T11:00:00,injection,24.456,21.656,106,32.6,38,50,584,59.34,8.638,43.869,32.459,7.918,6.828,1.568,57.067,53.653,24.0,23,GOOD,SYNTHETIC,26120
BWG-SIM-001,Baghewala-style representative,2,2026-02-04T12:00:00,injection,24.575,21.775,106,32.6,38,50,584,60.018,8.193,45.127,31.926,8.21,6.777,1.57,57.555,53.381,22.855,22,GOOD,SYNTHETIC,26120
BWG-SIM-001,Baghewala-style representative,2,2026-02-04T13:00:00,injection,24.704,21.904,106,32.6,38,50,584,59.573,8.324,46.053,33.703,7.771,6.652,1.571,59.305,52.942,23.336,21,GOOD,SYNTHETIC,26120
BWG-SIM-001,Baghewala-style representative,2,2026-02-04T14:00:00,injection,24.879,22.079,106,32.6,38,50,584,61.051,8.117,46.214,32.867,7.871,6.796,1.573,59.415,52.547,23.408,20,GOOD,SYNTHETIC,26120
BWG-SIM-001,Baghewala-style representative,2,2026-02-04T15:00:00,injection,24.925,22.125,106,32.6,38,50,584,60.267,8.103,45.37,33.395,7.38,6.899,1.574,59.714,54.157,23.53,23,GOOD,SYNTHETIC,26120
BWG-SIM-001,Baghewala-style representative,2,2026-02-04T16:00:00,injection,24.515,21.715,106,32.6,38,50,584,60.734,7.991,45.581,33.903,7.526,6.676,1.576,60.955,50.816,23.353,16,GOOD,SYNTHETIC,26120
BWG-SIM-001,Baghewala-style representative,2,2026-02-04T17:00:00,injection,24.78,21.98,106,32.6,38,50,584,60.684,7.741,46.518,34.165,8.05,6.977,1.577,57.293,54.812,23.6,25,GOOD,SYNTHETIC,26120
BWG-SIM-001,Baghewala-style representative,2,2026-02-04T18:00:00,injection,24.843,22.043,106,32.6,38,50,584,61.075,7.54,48.182,34.561,8.229,6.835,1.578,60.827,51.855,23.341,18,GOOD,SYNTHETIC,26120
BWG-SIM-001,Baghewala-style representative,2,2026-02-04T19:00:00,injection,24.988,22.188,106,32.6,38,50,584,60.308,7.894,46.189,33.673,8.345,6.909,1.579,61.261,55.604,23.702,25,GOOD,SYNTHETIC,26120
BWG-SIM-001,Baghewala-style representative,2,2026-02-04T20:00:00,injection,24.982,22.182,106,32.6,38,50,584,61.443,7.759,46.674,32.605,8.699,6.969,1.581,59.07,53.368,23.329,22,GOOD,SYNTHETIC,26120
BWG-SIM-001,Baghewala-style representative,2,2026-02-04T21:00:00,injection,24.998,22.198,106,32.6,38,50,584,60.886,8.083,45.858,32.948,8.463,6.822,1.582,59.094,51.747,23.484,19,GOOD,SYNTHETIC,26120
BWG-SIM-001,Baghewala-style representative,2,2026-02-04T22:00:00,injection,24.975,22.175,106,32.6,38,50,584,61.793,7.622,47.359,33.194,8.444,6.938,1.583,59.668,51.375,23.35,17,GOOD,SYNTHETIC,26120
BWG-SIM-001,Baghewala-style representative,2,2026-02-04T23:00:00,injection,25.077,22.277,106,32.6,38,50,584,61.489,7.722,47.252,34.188,7.224,6.797,1.584,60.811,53.105,23.104,20,GOOD,SYNTHETIC,26120
BWG-SIM-001,Baghewala-style representative,2,2026-02-05T00:00:00,injection,24.999,22.199,106,32.6,38,50,584,62.126,7.628,47.638,36.335,7.487,6.831,1.585,61.488,53.123,23.741,20,GOOD,SYNTHETIC,26120
BWG-SIM-001,Baghewala-style representative,2,2026-02-05T01:00:00,injection,24.924,22.124,106,32.6,38,50,584,61.993,7.287,48.421,34.892,8.035,7.097,1.585,58.65,55.198,23.926,26,GOOD,SYNTHETIC,26120
BWG-SIM-001,Baghewala-style representative,2,2026-02-05T02:00:00,injection,25.009,22.209,106,32.6,38,50,584,61.898,7.602,47.859,34.265,8.276,6.826,1.586,62.493,51.129,23.289,16,GOOD,SYNTHETIC,26120
BWG-SIM-001,Baghewala-style representative,2,2026-02-05T03:00:00,injection,25.023,22.223,106,32.6,38,50,584,62.296,7.282,48.319,34.692,8.819,6.72,1.587,61.844,51.439,22.815,17,GOOD,SYNTHETIC,26120
BWG-SIM-001,Baghewala-style representative,2,2026-02-05T04:00:00,injection,25.125,22.325,106,32.6,38,50,584,62.175,7.308,48.482,34.066,8.223,6.849,1.588,59.873,52.41,23.329,19,GOOD,SYNTHETIC,26120
BWG-SIM-001,Baghewala-style representative,2,2026-02-05T05:00:00,injection,25.269,22.469,106,32.6,38,50,584,62.52,7.395,48.288,34.181,8.218,6.81,1.588,63.577,53.652,22.898,20,GOOD,SYNTHETIC,26120
BWG-SIM-001,Baghewala-style representative,2,2026-02-05T06:00:00,injection,24.97,22.17,106,32.6,38,50,584,62.221,7.602,47.159,33.544,8.584,6.826,1.589,59.711,56.53,23.388,28,GOOD,SYNTHETIC,26120
BWG-SIM-001,Baghewala-style representative,2,2026-02-05T07:00:00,injection,24.838,22.038,106,32.6,38,50,584,62.749,7.002,49.563,37.248,8.75,6.79,1.589,62.774,50.358,23.016,14,GOOD,SYNTHETIC,26120
BWG-SIM-001,Baghewala-style representative,2,2026-02-05T08:00:00,injection,24.992,22.192,106,32.6,38,50,584,62.985,7.172,49.008,35.024,8.925,6.85,1.589,62.069,51.341,23.07,16,GOOD,SYNTHETIC,26120
BWG-SIM-001,Baghewala-style representative,2,2026-02-05T09:00:00,injection,25.209,22.409,106,32.6,38,50,584,62.785,7.167,49.306,34.276,8.164,6.783,1.59,64.042,53.926,23.108,21,GOOD,SYNTHETIC,26120
BWG-SIM-001,Baghewala-style representative,2,2026-02-05T10:00:00,injection,24.8,22.0,106,32.6,38,50,584,62.428,7.298,48.641,34.824,8.322,6.756,1.59,62.29,52.635,23.533,19,GOOD,SYNTHETIC,26120
BWG-SIM-001,Baghewala-style representative,2,2026-02-05T11:00:00,injection,25.138,22.338,106,32.6,38,50,584,62.761,7.236,49.264,35.606,8.878,6.856,1.59,61.286,50.739,22.786,16,GOOD,SYNTHETIC,26120
BWG-SIM-001,Baghewala-style representative,2,2026-02-05T12:00:00,injection,25.069,22.269,106,32.6,38,50,584,62.815,7.005,49.364,36.317,8.79,6.77,1.59,64.856,52.009,22.997,16,GOOD,SYNTHETIC,26120
BWG-SIM-001,Baghewala-style representative,2,2026-02-05T13:00:00,injection,25.013,22.213,106,32.6,38,50,584,63.156,7.048,49.879,37.878,9.303,6.701,1.59,66.206,50.385,22.932,13,GOOD,SYNTHETIC,26120
BWG-SIM-001,Baghewala-style representative,2,2026-02-05T14:00:00,soak,25.101,22.301,106,32.6,38,50,584,66.947,6.084,52.597,38.362,8.447,6.758,1.59,68.455,50.36,23.337,12,GOOD,SYNTHETIC,26120
BWG-SIM-001,Baghewala-style representative,2,2026-02-05T15:00:00,soak,25.12,22.32,106,32.6,38,50,584,67.521,5.839,53.635,39.212,8.458,6.765,1.59,70.706,50.935,22.662,12,GOOD,SYNTHETIC,26120
BWG-SIM-001,Baghewala-style representative,2,2026-02-05T16:00:00,soak,25.017,22.217,106,32.6,38,50,584,67.793,5.781,54.695,40.997,8.674,6.661,1.589,72.327,49.076,22.853,7,GOOD,SYNTHETIC,26120
BWG-SIM-001,Baghewala-style representative,2,2026-02-05T17:00:00,soak,24.754,21.954,106,32.6,38,50,584,67.198,5.956,53.254,39.124,8.9,6.718,1.589,67.858,50.433,22.959,12,GOOD,SYNTHETIC,26120
BWG-SIM-001,Baghewala-style representative,2,2026-02-05T18:00:00,soak,24.967,22.167,106,32.6,38,50,584,67.36,5.818,53.301,39.036,8.855,6.773,1.589,69.292,50.904,23.043,12,GOOD,SYNTHETIC,26120
BWG-SIM-001,Baghewala-style representative,2,2026-02-05T19:00:00,soak,25.111,22.311,106,32.6,38,50,584,67.758,5.602,54.722,42.1,8.967,6.744,1.588,69.601,48.962,22.658,8,GOOD,SYNTHETIC,26120
BWG-SIM-001,Baghewala-style representative,2,2026-02-05T20:00:00,soak,25.09,22.29,106,32.6,38,50,584,67.719,5.927,53.56,39.861,8.338,6.579,1.588,69.892,50.173,22.838,10,GOOD,SYNTHETIC,26120
BWG-SIM-001,Baghewala-style representative,2,2026-02-05T21:00:00,soak,25.003,22.203,106,32.6,38,50,584,68.176,5.487,55.78,42.53,8.351,6.692,1.587,73.012,49.171,22.84,7,GOOD,SYNTHETIC,26120
BWG-SIM-001,Baghewala-style representative,2,2026-02-05T22:00:00,soak,25.318,22.518,106,32.6,38,50,584,68.301,5.866,53.85,39.994,9.014,6.733,1.586,71.702,50.804,22.955,11,GOOD,SYNTHETIC,26120
BWG-SIM-001,Baghewala-style representative,2,2026-02-05T23:00:00,soak,24.861,22.061,106,32.6,38,50,584,67.908,5.785,53.915,42.036,8.861,6.63,1.586,72.258,51.638,22.967,12,GOOD,SYNTHETIC,26120
BWG-SIM-001,Baghewala-style representative,2,2026-02-06T00:00:00,soak,25.296,22.496,106,32.6,38,50,584,67.433,5.743,54.443,41.032,9.534,6.587,1.585,74.229,49.344,22.894,7,GOOD,SYNTHETIC,26120
BWG-SIM-001,Baghewala-style representative,2,2026-02-06T01:00:00,soak,25.182,22.382,106,32.6,38,50,584,67.675,5.867,53.292,40.206,8.322,6.516,1.584,69.986,51.376,22.921,13,GOOD,SYNTHETIC,26120
BWG-SIM-001,Baghewala-style representative,2,2026-02-06T02:00:00,soak,25.152,22.352,106,32.6,38,50,584,67.285,5.76,53.969,41.18,10.138,6.703,1.583,71.462,51.612,23.207,13,GOOD,SYNTHETIC,26120
BWG-SIM-001,Baghewala-style representative,2,2026-02-06T03:00:00,soak,24.89,22.09,106,32.6,38,50,584,67.979,5.511,55.673,43.676,8.954,6.733,1.582,71.897,49.844,22.946,9,GOOD,SYNTHETIC,26120
BWG-SIM-001,Baghewala-style representative,2,2026-02-06T04:00:00,soak,24.953,22.153,106,32.6,38,50,584,67.668,5.793,53.816,40.176,9.335,6.503,1.581,68.519,49.688,22.727,10,GOOD,SYNTHETIC,26120
BWG-SIM-001,Baghewala-style representative,2,2026-02-06T05:00:00,soak,25.162,22.362,106,32.6,38,50,584,68.083,5.841,53.28,39.438,9.354,6.526,1.58,69.954,49.681,22.622,9,GOOD,SYNTHETIC,26120
BWG-SIM-001,Baghewala-style representative,2,2026-02-06T06:00:00,soak,25.008,22.208,106,32.6,38,50,584,66.87,5.874,54.053,40.539,8.65,6.542,1.579,70.212,50.126,23.131,10,GOOD,SYNTHETIC,26120
BWG-SIM-001,Baghewala-style representative,2,2026-02-06T07:00:00,soak,24.999,22.199,106,32.6,38,50,584,67.79,5.626,54.254,40.834,9.723,6.543,1.577,73.984,48.377,22.754,5,GOOD,SYNTHETIC,26120
BWG-SIM-001,Baghewala-style representative,2,2026-02-06T08:00:00,soak,25.177,22.377,106,32.6,38,50,584,68.104,5.86,52.485,38.786,9.059,6.476,1.576,72.277,49.166,23.09,7,GOOD,SYNTHETIC,26120
BWG-SIM-001,Baghewala-style representative,2,2026-02-06T09:00:00,soak,24.775,21.975,106,32.6,38,50,584,68.066,5.662,54.492,42.764,9.581,6.49,1.575,74.455,48.408,22.852,5,GOOD,SYNTHETIC,26120
BWG-SIM-001,Baghewala-style representative,2,2026-02-06T10:00:00,soak,24.935,22.135,106,32.6,38,50,584,67.889,5.995,53.564,40.467,9.114,6.494,1.573,71.406,50.716,22.751,11,GOOD,SYNTHETIC,26120
BWG-SIM-001,Baghewala-style representative,2,2026-02-06T11:00:00,soak,24.877,22.077,106,32.6,38,50,584,68.056,5.564,55.314,42.736,9.293,6.458,1.572,74.536,48.235,22.443,5,GOOD,SYNTHETIC,26120
BWG-SIM-001,Baghewala-style representative,2,2026-02-06T12:00:00,soak,24.849,22.049,106,32.6,38,50,584,67.789,5.586,55.603,41.997,9.247,6.339,1.57,77.355,48.228,21.912,3,GOOD,SYNTHETIC,26120
BWG-SIM-001,Baghewala-style representative,2,2026-02-06T13:00:00,soak,24.975,22.175,106,32.6,38,50,584,68.239,5.65,54.715,42.075,8.506,6.369,1.569,76.474,48.18,22.852,4,GOOD,SYNTHETIC,26120
BWG-SIM-001,Baghewala-style representative,2,2026-02-06T14:00:00,soak,24.964,22.164,106,32.6,38,50,584,67.501,5.912,53.552,40.746,8.8,6.272,1.567,76.714,48.154,22.49,3,GOOD,SYNTHETIC,26120
BWG-SIM-001,Baghewala-style representative,2,2026-02-06T15:00:00,soak,24.854,22.054,106,32.6,38,50,584,68.557,5.646,54.58,41.267,9.53,6.405,1.566,75.793,49.882,22.651,7,GOOD,SYNTHETIC,26120
BWG-SIM-001,Baghewala-style representative,2,2026-02-06T16:00:00,soak,24.781,21.981,106,32.6,38,50,584,68.326,5.667,55.582,44.513,9.307,6.327,1.564,77.107,49.343,22.455,6,GOOD,SYNTHETIC,26120
BWG-SIM-001,Baghewala-style representative,2,2026-02-06T17:00:00,soak,24.88,22.08,106,32.6,38,50,584,68.19,5.74,53.335,42.026,9.135,6.281,1.562,76.597,45.778,21.562,0,GOOD,SYNTHETIC,26120
BWG-SIM-001,Baghewala-style representative,2,2026-02-06T18:00:00,soak,24.81,22.01,106,32.6,38,50,584,68.746,5.76,53.216,40.963,9.186,6.457,1.561,72.244,48.708,22.505,7,GOOD,SYNTHETIC,26120
BWG-SIM-001,Baghewala-style representative,2,2026-02-06T19:00:00,soak,24.629,21.829,106,32.6,38,50,584,67.605,5.624,54.451,42.603,9.053,6.263,1.559,78.529,46.245,21.905,0,GOOD,SYNTHETIC,26120
BWG-SIM-001,Baghewala-style representative,2,2026-02-06T20:00:00,soak,24.929,22.129,106,32.6,38,50,584,68.551,5.574,54.458,41.412,9.732,6.418,1.557,76.128,49.518,22.613,6,GOOD,SYNTHETIC,26120
BWG-SIM-001,Baghewala-style representative,2,2026-02-06T21:00:00,soak,24.778,21.978,106,32.6,38,50,584,67.974,5.652,54.403,42.04,9.369,6.332,1.556,78.909,48.603,22.828,3,GOOD,SYNTHETIC,26120
BWG-SIM-001,Baghewala-style representative,2,2026-02-06T22:00:00,soak,24.655,21.855,106,32.6,38,50,584,68.333,5.457,55.022,42.473,9.855,6.211,1.554,80.4,48.184,22.552,2,GOOD,SYNTHETIC,26120
BWG-SIM-001,Baghewala-style representative,2,2026-02-06T23:00:00,soak,24.746,21.946,106,32.6,38,50,584,68.489,5.75,53.405,41.233,10.187,6.226,1.552,77.227,47.163,21.875,1,GOOD,SYNTHETIC,26120
BWG-SIM-001,Baghewala-style representative,2,2026-02-07T00:00:00,soak,24.465,21.665,106,32.6,38,50,584,68.804,5.357,55.431,42.956,10.167,6.287,1.55,80.138,46.581,22.599,0,GOOD,SYNTHETIC,26120
BWG-SIM-001,Baghewala-style representative,2,2026-02-07T01:00:00,soak,24.745,21.945,106,32.6,38,50,584,68.417,5.772,53.779,42.169,10.101,6.212,1.549,76.538,46.042,22.416,0,GOOD,SYNTHETIC,26120
BWG-SIM-001,Baghewala-style representative,2,2026-02-07T02:00:00,soak,24.565,21.765,106,32.6,38,50,584,68.446,5.388,55.928,42.84,9.711,6.17,1.547,79.989,47.472,22.289,1,GOOD,SYNTHETIC,26120
BWG-SIM-001,Baghewala-style representative,2,2026-02-07T03:00:00,soak,24.523,21.723,106,32.6,38,50,584,68.405,5.632,54.221,41.043,9.624,6.264,1.545,78.326,47.814,22.704,2,GOOD,SYNTHETIC,26120
BWG-SIM-001,Baghewala-style representative,2,2026-02-07T04:00:00,soak,24.539,21.739,106,32.6,38,50,584,69.018,5.306,55.889,44.587,9.639,6.127,1.544,82.873,47.118,22.574,0,GOOD,SYNTHETIC,26120
BWG-SIM-001,Baghewala-style representative,2,2026-02-07T05:00:00,soak,24.609,21.809,106,32.6,38,50,584,68.27,5.333,56.209,44.385,9.75,6.217,1.542,82.895,48.214,22.135,1,GOOD,SYNTHETIC,26120
BWG-SIM-001,Baghewala-style representative,2,2026-02-07T06:00:00,soak,24.4,21.6,106,32.6,38,50,584,68.158,5.488,54.043,41.445,9.682,6.187,1.54,77.527,48.569,22.863,4,GOOD,SYNTHETIC,26120
BWG-SIM-001,Baghewala-style representative,2,2026-02-07T07:00:00,soak,24.593,21.793,106,32.6,38,50,584,68.373,5.594,54.118,40.85,10.294,6.175,1.538,78.267,48.592,22.613,4,GOOD,SYNTHETIC,26120
BWG-SIM-001,Baghewala-style representative,2,2026-02-07T08:00:00,soak,24.514,21.714,106,32.6,38,50,584,68.682,5.7,53.85,40.508,9.762,6.105,1.537,82.372,46.01,22.147,0,GOOD,SYNTHETIC,26120
BWG-SIM-001,Baghewala-style representative,2,2026-02-07T09:00:00,soak,24.584,21.784,106,32.6,38,50,584,68.461,5.516,54.817,43.79,9.994,6.189,1.535,81.888,46.782,22.094,0,GOOD,SYNTHETIC,26120
BWG-SIM-001,Baghewala-style representative,2,2026-02-07T10:00:00,soak,24.381,21.581,106,32.6,38,50,584,68.364,5.188,56.654,44.776,9.955,6.143,1.534,82.853,47.7,22.268,0,GOOD,SYNTHETIC,26120
BWG-SIM-001,Baghewala-style representative,2,2026-02-07T11:00:00,soak,24.441,21.641,106,32.6,38,50,584,68.902,5.553,55.194,42.769,9.922,6.125,1.532,83.478,48.302,22.334,1,GOOD,SYNTHETIC,26120
BWG-SIM-001,Baghewala-style representative,2,2026-02-07T12:00:00,soak,24.379,21.579,106,32.6,38,50,584,68.561,5.588,55.046,43.387,9.999,6.085,1.53,82.595,49.065,22.588,3,GOOD,SYNTHETIC,26120
BWG-SIM-001,Baghewala-style representative,2,2026-02-07T13:00:00,soak,24.35,21.55,106,32.6,38,50,584,69.032,5.412,55.621,43.266,9.508,6.069,1.529,83.534,46.561,22.35,0,GOOD,SYNTHETIC,26120
BWG-SIM-001,Baghewala-style representative,2,2026-02-07T14:00:00,soak,24.225,21.425,106,32.6,38,50,584,69.121,5.356,55.168,44.02,9.988,6.159,1.527,83.309,47.5,22.394,0,GOOD,SYNTHETIC,26120
BWG-SIM-001,Baghewala-style representative,2,2026-02-07T15:00:00,soak,24.378,21.578,106,32.6,38,50,584,68.598,5.468,55.017,42.606,9.543,6.148,1.526,80.908,48.195,22.807,2,GOOD,SYNTHETIC,26120
BWG-SIM-001,Baghewala-style representative,2,2026-02-07T16:00:00,production,24.374,21.574,106,32.6,38,50,584,68.595,5.405,54.445,41.886,10.317,6.253,1.525,78.095,49.093,22.616,5,GOOD,SYNTHETIC,26120
BWG-SIM-001,Baghewala-style representative,2,2026-02-07T17:00:00,production,24.142,21.342,106,32.6,38,50,584,68.786,5.733,52.757,40.894,10.416,6.237,1.523,76.944,49.029,22.388,5,GOOD,SYNTHETIC,26120
BWG-SIM-001,Baghewala-style representative,2,2026-02-07T18:00:00,production,24.106,21.306,106,32.6,38,50,584,68.908,5.73,53.246,42.137,9.904,6.282,1.522,76.786,50.431,22.393,8,GOOD,SYNTHETIC,26120
BWG-SIM-001,Baghewala-style representative,2,2026-02-07T19:00:00,production,24.149,21.349,106,32.6,38,50,584,68.889,5.191,57.196,44.224,10.521,6.273,1.521,82.053,44.719,22.338,0,GOOD,SYNTHETIC,26120
BWG-SIM-001,Baghewala-style representative,2,2026-02-07T20:00:00,production,23.99,21.19,106,32.6,38,50,584,68.409,5.595,54.329,41.024,10.679,6.19,1.52,79.798,47.516,22.706,1,GOOD,SYNTHETIC,26120
BWG-SIM-001,Baghewala-style representative,2,2026-02-07T21:00:00,production,23.965,21.165,106,32.6,38,50,584,68.269,5.727,53.955,41.177,10.124,6.294,1.519,77.93,48.282,22.824,3,GOOD,SYNTHETIC,26120
BWG-SIM-001,Baghewala-style representative,2,2026-02-07T22:00:00,production,23.953,21.153,106,32.6,38,50,584,68.497,5.545,55.104,43.285,10.751,6.234,1.518,81.864,48.131,22.452,1,GOOD,SYNTHETIC,26120
BWG-SIM-001,Baghewala-style representative,2,2026-02-07T23:00:00,production,23.861,21.061,106,32.6,38,50,584,68.581,5.789,53.542,40.741,11.134,6.282,1.517,78.413,48.321,22.754,3,GOOD,SYNTHETIC,26120
BWG-SIM-001,Baghewala-style representative,2,2026-02-08T00:00:00,production,24.072,21.272,106,32.6,38,50,584,68.29,5.595,53.387,40.266,10.015,6.263,1.516,77.444,46.5,22.19,0,GOOD,SYNTHETIC,26120
BWG-SIM-001,Baghewala-style representative,2,2026-02-08T01:00:00,production,23.764,20.964,106,32.6,38,50,584,68.034,5.553,54.337,41.821,10.81,6.21,1.515,80.257,46.783,22.989,0,GOOD,SYNTHETIC,26120
BWG-SIM-001,Baghewala-style representative,2,2026-02-08T02:00:00,production,23.964,21.164,106,32.6,38,50,584,68.246,5.584,54.294,42.696,10.685,6.318,1.514,78.76,46.765,22.122,0,GOOD,SYNTHETIC,26120
BWG-SIM-001,Baghewala-style representative,2,2026-02-08T03:00:00,production,23.964,21.164,106,32.6,38,50,584,67.66,5.707,53.564,41.68,10.402,6.373,1.513,78.917,47.138,22.47,0,GOOD,SYNTHETIC,26120
BWG-SIM-001,Baghewala-style representative,2,2026-02-08T04:00:00,production,23.863,21.063,106,32.6,38,50,584,67.622,5.836,52.641,40.339,10.458,6.197,1.513,76.707,46.532,22.367,0,GOOD,SYNTHETIC,26120
BWG-SIM-001,Baghewala-style representative,2,2026-02-08T05:00:00,production,23.811,21.011,106,32.6,38,50,584,67.75,5.643,53.789,41.208,10.457,6.426,1.512,78.479,48.753,22.943,4,GOOD,SYNTHETIC,26120
BWG-SIM-001,Baghewala-style representative,2,2026-02-08T06:00:00,production,23.776,20.976,106,32.6,38,50,584,67.587,5.765,52.5,40.01,10.796,6.369,1.512,75.975,48.87,22.385,5,GOOD,SYNTHETIC,26120
BWG-SIM-001,Baghewala-style representative,2,2026-02-08T07:00:00,production,23.858,21.058,106,32.6,38,50,584,67.793,5.799,52.403,40.045,10.654,6.362,1.511,74.867,50.225,22.973,8,GOOD,SYNTHETIC,26120
BWG-SIM-001,Baghewala-style representative,2,2026-02-08T08:00:00,production,23.666,20.866,106,32.6,38,50,584,68.038,5.596,53.937,41.021,10.733,6.533,1.511,74.144,48.203,22.698,5,GOOD,SYNTHETIC,26120
BWG-SIM-001,Baghewala-style representative,2,2026-02-08T09:00:00,production,23.642,20.842,106,32.6,38,50,584,68.448,5.409,54.884,42.196,10.808,6.395,1.51,79.799,48.558,22.647,3,GOOD,SYNTHETIC,26120
BWG-SIM-001,Baghewala-style representative,2,2026-02-08T10:00:00,production,23.445,20.645,106,32.6,38,50,584,67.848,5.748,53.528,40.789,10.595,6.48,1.51,74.41,48.205,22.677,5,GOOD,SYNTHETIC,26120
BWG-SIM-001,Baghewala-style representative,2,2026-02-08T11:00:00,production,23.686,20.886,106,32.6,38,50,584,67.487,5.862,53.392,40.849,10.653,6.608,1.51,74.288,50.328,23.437,9,GOOD,SYNTHETIC,26120
BWG-SIM-001,Baghewala-style representative,2,2026-02-08T12:00:00,production,23.705,20.905,106,32.6,38,50,584,67.795,5.521,53.791,42.124,11.407,6.426,1.51,76.478,48.079,22.497,3,GOOD,SYNTHETIC,26120
BWG-SIM-001,Baghewala-style representative,2,2026-02-08T13:00:00,production,23.601,20.801,106,32.6,38,50,584,67.212,5.765,53.18,40.146,11.324,6.638,1.51,71.677,50.177,23.141,10,GOOD,SYNTHETIC,26120
BWG-SIM-001,Baghewala-style representative,2,2026-02-08T14:00:00,production,23.379,20.579,106,32.6,38,50,584,67.439,6.131,51.344,40.078,10.526,6.678,1.51,71.855,49.038,22.87,7,GOOD,SYNTHETIC,26120
BWG-SIM-001,Baghewala-style representative,2,2026-02-08T15:00:00,production,23.38,20.58,106,32.6,38,50,584,67.221,5.918,52.564,39.428,11.02,6.52,1.51,72.988,46.979,22.286,3,GOOD,SYNTHETIC,26120
BWG-SIM-001,Baghewala-style representative,2,2026-02-08T16:00:00,production,23.598,20.798,106,32.6,38,50,584,66.964,5.904,51.623,38.754,11.219,6.522,1.51,74.857,49.504,22.535,7,GOOD,SYNTHETIC,26120
BWG-SIM-001,Baghewala-style representative,2,2026-02-08T17:00:00,production,23.333,20.533,106,32.6,38,50,584,67.492,5.798,53.445,39.944,11.777,6.77,1.511,72.271,48.616,22.844,6,GOOD,SYNTHETIC,26120
BWG-SIM-001,Baghewala-style representative,2,2026-02-08T18:00:00,production,23.151,20.351,106,32.6,38,50,584,67.365,6.17,50.493,37.604,10.886,6.712,1.511,68.195,48.513,22.651,8,GOOD,SYNTHETIC,26120
BWG-SIM-001,Baghewala-style representative,2,2026-02-08T19:00:00,production,23.355,20.555,106,32.6,38,50,584,67.133,6.132,52.618,39.515,11.577,6.703,1.512,70.03,50.458,23.115,11,GOOD,SYNTHETIC,26120
BWG-SIM-001,Baghewala-style representative,2,2026-02-08T20:00:00,production,23.205,20.405,106,32.6,38,50,584,66.996,6.313,50.637,38.379,11.12,6.706,1.512,70.057,51.691,23.182,13,GOOD,SYNTHETIC,26120
BWG-SIM-001,Baghewala-style representative,2,2026-02-08T21:00:00,production,23.543,20.743,106,32.6,38,50,584,66.809,6.178,52.702,39.601,10.937,6.79,1.513,70.755,51.118,23.25,12,GOOD,SYNTHETIC,26120
BWG-SIM-001,Baghewala-style representative,2,2026-02-08T22:00:00,production,23.31,20.51,106,32.6,38,50,584,68.154,5.549,54.121,39.963,11.369,6.679,1.513,72.833,48.949,22.645,7,GOOD,SYNTHETIC,26120
BWG-SIM-001,Baghewala-style representative,2,2026-02-08T23:00:00,production,23.134,20.334,106,32.6,38,50,584,67.671,5.942,51.888,38.647,10.823,6.751,1.514,69.557,51.882,23.182,14,GOOD,SYNTHETIC,26120
BWG-SIM-001,Baghewala-style representative,2,2026-02-09T00:00:00,production,23.527,20.727,106,32.6,38,50,584,67.563,5.868,52.388,39.125,10.848,6.879,1.515,68.296,50.313,22.935,11,GOOD,SYNTHETIC,26120
BWG-SIM-001,Baghewala-style representative,2,2026-02-09T01:00:00,production,23.036,20.236,106,32.6,38,50,584,67.307,5.769,53.004,39.17,11.197,6.641,1.516,72.205,50.9,23.087,11,GOOD,SYNTHETIC,26120
BWG-SIM-001,Baghewala-style representative,2,2026-02-09T02:00:00,production,22.939,20.139,106,32.6,38,50,584,67.389,5.863,52.009,38.881,11.555,6.638,1.517,72.472,48.974,22.95,7,GOOD,SYNTHETIC,26120
BWG-SIM-001,Baghewala-style representative,2,2026-02-09T03:00:00,production,23.19,20.39,106,32.6,38,50,584,67.54,5.866,52.786,39.528,11.402,6.933,1.518,68.159,51.874,22.826,15,GOOD,SYNTHETIC,26120
BWG-SIM-001,Baghewala-style representative,2,2026-02-09T04:00:00,production,23.198,20.398,106,32.6,38,50,584,67.787,5.682,53.728,39.539,10.684,6.882,1.519,70.754,51.045,23.528,12,GOOD,SYNTHETIC,26120
BWG-SIM-001,Baghewala-style representative,2,2026-02-09T05:00:00,production,23.179,20.379,106,32.6,38,50,584,66.68,6.066,51.167,38.529,10.837,6.803,1.52,69.086,49.733,22.62,10,GOOD,SYNTHETIC,26120
BWG-SIM-001,Baghewala-style representative,2,2026-02-09T06:00:00,production,23.155,20.355,106,32.6,38,50,584,67.364,6.085,51.625,39.863,10.938,6.865,1.521,70.074,51.793,22.959,14,GOOD,SYNTHETIC,26120
BWG-SIM-001,Baghewala-style representative,2,2026-02-09T07:00:00,production,23.172,20.372,106,32.6,38,50,584,67.292,5.82,52.469,39.761,11.513,6.792,1.522,69.39,50.529,22.909,11,GOOD,SYNTHETIC,26120
BWG-SIM-001,Baghewala-style representative,2,2026-02-09T08:00:00,production,23.107,20.307,106,32.6,38,50,584,67.241,5.767,52.575,40.246,11.768,6.783,1.524,73.228,51.579,23.371,12,GOOD,SYNTHETIC,26120
BWG-SIM-001,Baghewala-style representative,2,2026-02-09T09:00:00,production,23.205,20.405,106,32.6,38,50,584,67.33,5.685,54.44,40.728,9.947,6.852,1.525,73.352,49.484,23.239,8,GOOD,SYNTHETIC,26120
BWG-SIM-001,Baghewala-style representative,2,2026-02-09T10:00:00,production,23.095,20.295,106,32.6,38,50,584,66.611,6.085,50.916,37.677,11.795,7.057,1.526,68.778,50.24,23.402,11,GOOD,SYNTHETIC,26120
BWG-SIM-001,Baghewala-style representative,2,2026-02-09T11:00:00,production,23.136,20.336,106,32.6,38,50,584,66.922,6.091,52.2,38.461,10.587,6.792,1.528,69.976,49.204,23.109,9,GOOD,SYNTHETIC,26120
BWG-SIM-001,Baghewala-style representative,2,2026-02-09T12:00:00,production,22.849,20.049,106,32.6,38,50,584,67.008,5.945,52.086,39.414,11.099,6.876,1.529,72.307,49.868,23.5,9,GOOD,SYNTHETIC,26120
BWG-SIM-001,Baghewala-style representative,2,2026-02-09T13:00:00,production,23.079,20.279,106,32.6,38,50,584,67.127,6.147,50.595,37.174,11.437,6.918,1.531,66.895,53.275,23.685,18,GOOD,SYNTHETIC,26120
BWG-SIM-001,Baghewala-style representative,2,2026-02-09T14:00:00,production,22.957,20.157,106,32.6,38,50,584,66.126,6.106,51.572,37.822,11.585,6.912,1.532,67.238,50.05,23.337,11,GOOD,SYNTHETIC,26120
BWG-SIM-001,Baghewala-style representative,2,2026-02-09T15:00:00,production,22.93,20.13,106,32.6,38,50,584,67.249,6.155,50.619,37.747,11.254,6.879,1.534,64.097,51.569,23.298,16,GOOD,SYNTHETIC,26120
BWG-SIM-001,Baghewala-style representative,2,2026-02-09T16:00:00,production,22.873,20.073,106,32.6,38,50,584,67.084,5.556,53.733,40.71,11.649,6.798,1.536,70.128,51.285,23.166,13,GOOD,SYNTHETIC,26120
BWG-SIM-001,Baghewala-style representative,2,2026-02-09T17:00:00,production,22.966,20.166,106,32.6,38,50,584,65.72,6.394,50.299,37.511,11.638,6.732,1.537,65.603,51.325,23.406,15,GOOD,SYNTHETIC,26120
BWG-SIM-001,Baghewala-style representative,2,2026-02-09T18:00:00,production,22.874,20.074,106,32.6,38,50,584,66.383,5.844,52.221,39.141,10.837,6.835,1.539,69.176,50.8,22.807,12,GOOD,SYNTHETIC,26120
BWG-SIM-001,Baghewala-style representative,2,2026-02-09T19:00:00,production,22.926,20.126,106,32.6,38,50,584,66.084,6.13,50.79,37.978,11.218,6.845,1.541,69.33,48.905,23.119,8,GOOD,SYNTHETIC,26120
BWG-SIM-001,Baghewala-style representative,2,2026-02-09T20:00:00,production,22.78,19.98,106,32.6,38,50,584,66.708,6.183,52.79,40.836,12.021,6.784,1.542,71.974,52.763,23.382,15,GOOD,SYNTHETIC,26120
BWG-SIM-001,Baghewala-style representative,2,2026-02-09T21:00:00,production,22.975,20.175,106,32.6,38,50,584,66.609,6.395,50.4,37.346,11.596,6.877,1.544,66.456,54.15,23.395,20,GOOD,SYNTHETIC,26120
BWG-SIM-001,Baghewala-style representative,2,2026-02-09T22:00:00,production,22.931,20.131,106,32.6,38,50,584,66.931,5.926,51.319,37.346,11.482,6.804,1.546,65.988,52.689,23.13,17,GOOD,SYNTHETIC,26120
BWG-SIM-001,Baghewala-style representative,2,2026-02-09T23:00:00,production,22.646,19.846,106,32.6,38,50,584,66.703,5.866,52.343,38.64,11.897,6.905,1.547,65.653,51.293,23.039,15,GOOD,SYNTHETIC,26120
BWG-SIM-001,Baghewala-style representative,2,2026-02-10T00:00:00,production,22.819,20.019,106,32.6,38,50,584,65.702,6.381,50.158,37.674,11.571,6.785,1.549,67.62,52.334,23.396,16,GOOD,SYNTHETIC,26120
BWG-SIM-001,Baghewala-style representative,2,2026-02-10T01:00:00,production,22.791,19.991,106,32.6,38,50,584,65.258,6.299,50.828,38.229,11.716,6.694,1.551,67.309,51.078,22.762,13,GOOD,SYNTHETIC,26120
BWG-SIM-001,Baghewala-style representative,2,2026-02-10T02:00:00,production,22.882,20.082,106,32.6,38,50,584,66.313,6.021,51.159,38.388,11.531,6.887,1.553,68.901,52.982,23.264,17,GOOD,SYNTHETIC,26120
BWG-SIM-001,Baghewala-style representative,2,2026-02-10T03:00:00,production,23.049,20.249,106,32.6,38,50,584,66.278,6.306,50.732,36.77,11.537,6.777,1.554,66.166,52.513,22.938,17,GOOD,SYNTHETIC,26120
BWG-SIM-001,Baghewala-style representative,2,2026-02-10T04:00:00,production,22.631,19.831,106,32.6,38,50,584,65.529,6.216,51.159,37.726,12.236,6.951,1.556,64.438,50.927,23.081,14,GOOD,SYNTHETIC,26120
BWG-SIM-001,Baghewala-style representative,2,2026-02-10T05:00:00,production,22.846,20.046,106,32.6,38,50,584,66.079,6.376,50.437,36.997,12.229,6.683,1.558,66.86,51.177,23.22,14,GOOD,SYNTHETIC,26120
BWG-SIM-001,Baghewala-style representative,2,2026-02-10T06:00:00,production,22.665,19.865,106,32.6,38,50,584,65.92,6.276,50.164,38.748,12.302,6.666,1.559,67.473,51.899,22.801,15,GOOD,SYNTHETIC,26120
BWG-SIM-001,Baghewala-style representative,2,2026-02-10T07:00:00,production,22.894,20.094,106,32.6,38,50,584,65.236,6.294,50.045,37.625,12.456,6.608,1.561,67.424,49.066,22.479,9,GOOD,SYNTHETIC,26120
BWG-SIM-001,Baghewala-style representative,2,2026-02-10T08:00:00,production,22.987,20.187,106,32.6,38,50,584,65.08,6.652,48.392,34.643,12.223,6.602,1.563,64.537,51.221,23.216,15,GOOD,SYNTHETIC,26120
BWG-SIM-001,Baghewala-style representative,2,2026-02-10T09:00:00,production,22.847,20.047,106,32.6,38,50,584,65.139,6.287,50.861,37.07,12.075,6.672,1.564,68.254,50.188,22.829,11,GOOD,SYNTHETIC,26120
BWG-SIM-001,Baghewala-style representative,2,2026-02-10T10:00:00,production,22.829,20.029,106,32.6,38,50,584,65.36,6.585,49.348,37.138,12.574,6.536,1.566,67.515,49.903,23.34,11,GOOD,SYNTHETIC,26120
BWG-SIM-001,Baghewala-style representative,2,2026-02-10T11:00:00,production,22.892,20.092,106,32.6,38,50,584,64.973,6.604,49.669,37.969,11.779,6.602,1.568,66.92,49.399,22.701,10,GOOD,SYNTHETIC,26120
BWG-SIM-001,Baghewala-style representative,2,2026-02-10T12:00:00,production,22.819,20.019,106,32.6,38,50,584,65.038,6.478,49.453,36.189,11.754,6.589,1.569,70.221,49.978,22.623,10,GOOD,SYNTHETIC,26120
BWG-SIM-001,Baghewala-style representative,2,2026-02-10T13:00:00,production,22.968,20.168,106,32.6,38,50,584,64.289,6.733,48.434,36.989,11.856,6.503,1.571,66.715,49.423,22.593,10,GOOD,SYNTHETIC,26120
BWG-SIM-001,Baghewala-style representative,2,2026-02-10T14:00:00,production,22.92,20.12,106,32.6,38,50,584,64.712,6.557,49.423,38.265,12.328,6.691,1.572,66.503,49.945,22.783,12,GOOD,SYNTHETIC,26120
BWG-SIM-001,Baghewala-style representative,2,2026-02-10T15:00:00,production,22.857,20.057,106,32.6,38,50,584,64.345,6.703,49.474,36.4,12.39,6.547,1.574,67.525,51.017,23.025,13,GOOD,SYNTHETIC,26120
BWG-SIM-001,Baghewala-style representative,2,2026-02-10T16:00:00,production,22.614,19.814,106,32.6,38,50,584,64.158,6.723,48.987,36.073,12.115,6.55,1.575,65.953,50.494,23.054,13,GOOD,SYNTHETIC,26120
BWG-SIM-001,Baghewala-style representative,2,2026-02-10T17:00:00,production,22.621,19.821,106,32.6,38,50,584,63.646,7.308,46.419,32.194,12.754,6.522,1.576,60.36,51.064,23.145,17,GOOD,SYNTHETIC,26120
BWG-SIM-001,Baghewala-style representative,2,2026-02-10T18:00:00,production,23.033,20.233,106,32.6,38,50,584,63.273,7.247,46.848,34.437,12.899,6.504,1.578,59.786,49.473,22.585,14,GOOD,SYNTHETIC,26120
BWG-SIM-001,Baghewala-style representative,2,2026-02-10T19:00:00,production,22.937,20.137,106,32.6,38,50,584,63.369,7.028,47.865,34.881,12.753,6.446,1.579,66.143,49.962,22.966,12,GOOD,SYNTHETIC,26120
BWG-SIM-001,Baghewala-style representative,2,2026-02-10T20:00:00,production,22.873,20.073,106,32.6,38,50,584,63.295,7.112,49.191,36.413,12.001,6.386,1.58,69.623,48.357,22.374,7,GOOD,SYNTHETIC,26120
BWG-SIM-001,Baghewala-style representative,2,2026-02-10T21:00:00,production,22.8,20.0,106,32.6,38,50,584,63.717,6.85,48.914,37.034,13.015,6.47,1.581,65.961,49.954,22.273,12,GOOD,SYNTHETIC,26120
BWG-SIM-001,Baghewala-style representative,2,2026-02-10T22:00:00,production,23.292,20.492,106,32.6,38,50,584,63.377,7.121,47.145,33.961,12.508,6.36,1.582,65.227,52.027,22.222,16,GOOD,SYNTHETIC,26120
BWG-SIM-001,Baghewala-style representative,2,2026-02-10T23:00:00,production,22.922,20.122,106,32.6,38,50,584,63.257,6.974,48.103,35.736,12.625,6.249,1.583,67.976,49.549,22.843,10,GOOD,SYNTHETIC,26120
BWG-SIM-001,Baghewala-style representative,2,2026-02-11T00:00:00,production,22.815,20.015,106,32.6,38,50,584,62.851,7.402,46.261,35.279,12.137,6.267,1.584,64.729,50.767,22.651,14,GOOD,SYNTHETIC,26120
BWG-SIM-001,Baghewala-style representative,2,2026-02-11T01:00:00,production,22.824,20.024,106,32.6,38,50,584,62.854,7.168,46.879,34.152,12.565,6.407,1.585,63.852,50.025,22.643,13,GOOD,SYNTHETIC,26120
BWG-SIM-001,Baghewala-style representative,2,2026-02-11T02:00:00,production,22.703,19.903,106,32.6,38,50,584,62.446,7.46,45.943,32.199,12.414,6.307,1.586,63.58,51.604,22.961,16,GOOD,SYNTHETIC,26120
BWG-SIM-001,Baghewala-style representative,2,2026-02-11T03:00:00,production,23.082,20.282,106,32.6,38,50,584,62.309,7.653,45.718,31.44,12.617,6.447,1.587,57.459,52.378,23.036,20,GOOD,SYNTHETIC,26120
BWG-SIM-001,Baghewala-style representative,2,2026-02-11T04:00:00,production,22.782,19.982,106,32.6,38,50,584,62.436,7.681,45.873,32.722,12.514,6.267,1.587,63.581,51.873,22.815,17,GOOD,SYNTHETIC,26120
BWG-SIM-001,Baghewala-style representative,2,2026-02-11T05:00:00,production,22.996,20.196,106,32.6,38,50,584,62.03,7.608,45.897,32.983,12.524,6.253,1.588,62.16,51.612,23.006,17,GOOD,SYNTHETIC,26120
BWG-SIM-001,Baghewala-style representative,2,2026-02-11T06:00:00,production,22.75,19.95,106,32.6,38,50,584,61.489,7.575,47.709,36.288,12.311,6.096,1.588,66.695,50.001,22.537,12,GOOD,SYNTHETIC,26120
BWG-SIM-001,Baghewala-style representative,2,2026-02-11T07:00:00,production,23.038,20.238,106,32.6,38,50,584,60.421,8.141,44.743,32.4,12.127,6.294,1.589,61.58,52.568,23.157,19,GOOD,SYNTHETIC,26120
BWG-SIM-001,Baghewala-style representative,2,2026-02-11T08:00:00,production,23.068,20.268,106,32.6,38,50,584,60.584,7.983,44.936,32.337,13.587,6.124,1.589,63.909,50.698,22.583,14,GOOD,SYNTHETIC,26120
BWG-SIM-001,Baghewala-style representative,2,2026-02-11T09:00:00,production,22.886,20.086,106,32.6,38,50,584,61.461,7.937,45.265,31.604,12.714,6.233,1.589,62.107,52.075,22.745,18,GOOD,SYNTHETIC,26120
BWG-SIM-001,Baghewala-style representative,2,2026-02-11T10:00:00,production,23.113,20.313,106,32.6,38,50,584,60.157,8.255,45.56,33.527,12.891,6.197,1.59,61.258,51.664,22.166,17,GOOD,SYNTHETIC,26120
BWG-SIM-001,Baghewala-style representative,2,2026-02-11T11:00:00,production,22.877,20.077,106,32.6,38,50,584,59.782,8.14,44.765,33.112,12.944,6.223,1.59,64.068,51.062,22.454,15,GOOD,SYNTHETIC,26120
BWG-SIM-001,Baghewala-style representative,2,2026-02-11T12:00:00,production,23.097,20.297,106,32.6,38,50,584,60.334,7.723,45.437,32.183,12.854,6.164,1.59,64.718,48.954,22.662,10,GOOD,SYNTHETIC,26120
BWG-SIM-001,Baghewala-style representative,2,2026-02-11T13:00:00,production,23.145,20.345,106,32.6,38,50,584,60.311,7.919,44.964,32.268,12.829,6.11,1.59,63.248,50.907,22.496,15,GOOD,SYNTHETIC,26120
BWG-SIM-001,Baghewala-style representative,2,2026-02-11T14:00:00,production,23.274,20.474,106,32.6,38,50,584,59.289,8.428,43.555,30.553,13.175,6.178,1.59,61.824,52.273,22.875,18,GOOD,SYNTHETIC,26120
BWG-SIM-001,Baghewala-style representative,2,2026-02-11T15:00:00,production,23.097,20.297,106,32.6,38,50,584,59.742,8.527,44.541,32.828,12.7,6.118,1.59,64.807,49.64,22.485,12,GOOD,SYNTHETIC,26120
BWG-SIM-001,Baghewala-style representative,2,2026-02-11T16:00:00,production,23.172,20.372,106,32.6,38,50,584,58.799,8.778,43.075,31.058,12.96,6.067,1.59,62.213,52.184,22.618,18,GOOD,SYNTHETIC,26120
BWG-SIM-001,Baghewala-style representative,2,2026-02-11T17:00:00,production,23.09,20.29,106,32.6,38,50,584,58.987,8.668,44.749,32.477,12.976,6.139,1.589,63.416,49.366,22.234,12,GOOD,SYNTHETIC,26120
BWG-SIM-001,Baghewala-style representative,2,2026-02-11T18:00:00,production,23.271,20.471,106,32.6,38,50,584,59.22,8.457,43.425,29.987,12.937,6.146,1.589,61.126,49.586,22.256,13,GOOD,SYNTHETIC,26120
BWG-SIM-001,Baghewala-style representative,2,2026-02-11T19:00:00,production,23.186,20.386,106,32.6,38,50,584,59.137,8.705,43.204,30.489,13.319,6.17,1.588,60.212,55.259,23.173,25,GOOD,SYNTHETIC,26120
BWG-SIM-001,Baghewala-style representative,2,2026-02-11T20:00:00,production,23.264,20.464,106,32.6,38,50,584,58.477,8.484,43.771,31.816,13.295,6.252,1.588,62.552,51.914,22.553,17,GOOD,SYNTHETIC,26120
BWG-SIM-001,Baghewala-style representative,2,2026-02-11T21:00:00,production,23.249,20.449,106,32.6,38,50,584,58.42,8.669,43.836,30.952,12.544,6.275,1.587,61.127,51.333,22.454,17,GOOD,SYNTHETIC,26120
BWG-SIM-001,Baghewala-style representative,2,2026-02-11T22:00:00,production,23.234,20.434,106,32.6,38,50,584,57.799,9.129,42.539,30.907,12.754,6.099,1.587,62.859,50.896,22.743,15,GOOD,SYNTHETIC,26120
BWG-SIM-001,Baghewala-style representative,2,2026-02-11T23:00:00,production,23.356,20.556,106,32.6,38,50,584,57.694,9.084,42.183,30.01,13.31,6.279,1.586,59.529,53.02,22.744,21,GOOD,SYNTHETIC,26120
BWG-SIM-001,Baghewala-style representative,2,2026-02-12T00:00:00,production,23.36,20.56,106,32.6,38,50,584,58.041,9.05,42.36,30.879,12.886,6.153,1.585,58.942,50.219,22.162,16,GOOD,SYNTHETIC,26120
BWG-SIM-001,Baghewala-style representative,2,2026-02-12T01:00:00,production,23.275,20.475,106,32.6,38,50,584,58.568,9.095,43.008,31.708,14.047,6.179,1.584,61.157,51.118,22.427,16,GOOD,SYNTHETIC,26120
BWG-SIM-001,Baghewala-style representative,2,2026-02-12T02:00:00,production,23.271,20.471,106,32.6,38,50,584,56.948,9.298,42.847,30.983,13.715,6.098,1.583,59.289,52.007,22.906,19,GOOD,SYNTHETIC,26120
BWG-SIM-001,Baghewala-style representative,2,2026-02-12T03:00:00,production,23.377,20.577,106,32.6,38,50,584,56.56,9.831,41.429,28.712,13.177,6.232,1.582,57.284,54.39,22.914,25,GOOD,SYNTHETIC,26120
BWG-SIM-001,Baghewala-style representative,2,2026-02-12T04:00:00,production,23.43,20.63,106,32.6,38,50,584,57.363,9.201,43.166,30.353,12.144,6.186,1.581,62.166,51.455,22.612,17,GOOD,SYNTHETIC,26120
BWG-SIM-001,Baghewala-style representative,2,2026-02-12T05:00:00,production,23.33,20.53,106,32.6,38,50,584,57.198,9.327,42.348,30.093,13.776,6.157,1.58,63.396,51.318,23.202,16,GOOD,SYNTHETIC,26120
BWG-SIM-001,Baghewala-style representative,2,2026-02-12T06:00:00,production,23.219,20.419,106,32.6,38,50,584,56.908,9.255,42.386,30.331,13.593,6.197,1.579,61.345,51.951,22.777,18,GOOD,SYNTHETIC,26120
BWG-SIM-001,Baghewala-style representative,2,2026-02-12T07:00:00,production,23.456,20.656,106,32.6,38,50,584,56.669,9.26,42.593,30.807,13.134,6.157,1.578,57.808,52.883,22.677,21,GOOD,SYNTHETIC,26120
BWG-SIM-001,Baghewala-style representative,2,2026-02-12T08:00:00,production,23.301,20.501,106,32.6,38,50,584,56.614,9.339,42.198,30.906,13.366,6.296,1.577,59.435,54.242,22.808,23,GOOD,SYNTHETIC,26120
BWG-SIM-001,Baghewala-style representative,2,2026-02-12T09:00:00,production,23.34,20.54,106,32.6,38,50,584,56.183,9.724,42.043,30.101,13.992,6.328,1.575,59.383,55.285,23.113,25,GOOD,SYNTHETIC,26120
BWG-SIM-001,Baghewala-style representative,2,2026-02-12T10:00:00,production,23.583,20.783,106,32.6,38,50,584,56.279,9.677,42.175,30.394,12.912,6.36,1.574,58.729,50.264,23.053,16,GOOD,SYNTHETIC,26120
BWG-SIM-001,Baghewala-style representative,2,2026-02-12T11:00:00,production,23.723,20.923,106,32.6,38,50,584,56.207,9.861,41.285,28.497,13.73,6.218,1.573,57.372,54.463,22.836,25,GOOD,SYNTHETIC,26120
BWG-SIM-001,Baghewala-style representative,2,2026-02-12T12:00:00,production,23.551,20.751,106,32.6,38,50,584,55.834,9.91,41.022,28.957,13.16,6.333,1.571,57.111,53.969,22.761,24,GOOD,SYNTHETIC,26120
BWG-SIM-001,Baghewala-style representative,2,2026-02-12T13:00:00,production,23.437,20.637,106,32.6,38,50,584,55.854,10.031,41.953,30.527,13.283,6.381,1.57,59.241,50.776,22.867,16,GOOD,SYNTHETIC,26120
BWG-SIM-001,Baghewala-style representative,2,2026-02-12T14:00:00,production,23.474,20.674,106,32.6,38,50,584,55.516,9.962,41.076,27.88,13.977,6.301,1.568,56.208,53.161,22.704,23,GOOD,SYNTHETIC,26120
BWG-SIM-001,Baghewala-style representative,2,2026-02-12T15:00:00,production,23.403,20.603,106,32.6,38,50,584,55.326,9.972,41.237,29.564,14.051,6.429,1.566,56.844,54.385,23.083,25,GOOD,SYNTHETIC,26120
BWG-SIM-001,Baghewala-style representative,2,2026-02-12T16:00:00,production,23.443,20.643,106,32.6,38,50,584,55.024,10.252,42.239,29.299,13.382,6.524,1.565,55.958,54.929,23.212,26,GOOD,SYNTHETIC,26120
BWG-SIM-001,Baghewala-style representative,2,2026-02-12T17:00:00,production,23.249,20.449,106,32.6,38,50,584,55.563,10.133,40.027,28.054,13.828,6.485,1.563,58.164,53.275,23.228,22,GOOD,SYNTHETIC,26120
BWG-SIM-001,Baghewala-style representative,2,2026-02-12T18:00:00,production,23.461,20.661,106,32.6,38,50,584,54.325,10.547,41.043,29.281,13.643,6.492,1.562,55.992,53.434,23.08,23,GOOD,SYNTHETIC,26120
BWG-SIM-001,Baghewala-style representative,2,2026-02-12T19:00:00,production,23.618,20.818,106,32.6,38,50,584,54.416,10.641,39.358,27.453,14.189,6.578,1.56,50.759,54.326,23.467,27,GOOD,SYNTHETIC,26120
BWG-SIM-001,Baghewala-style representative,2,2026-02-12T20:00:00,production,23.382,20.582,106,32.6,38,50,584,54.477,10.676,39.882,26.909,13.74,6.467,1.558,55.413,56.506,23.415,30,GOOD,SYNTHETIC,26120
BWG-SIM-001,Baghewala-style representative,2,2026-02-12T21:00:00,production,23.595,20.795,106,32.6,38,50,584,54.58,10.642,41.391,28.885,13.75,6.299,1.557,56.897,53.54,22.74,23,GOOD,SYNTHETIC,26120
BWG-SIM-001,Baghewala-style representative,2,2026-02-12T22:00:00,production,23.773,20.973,106,32.6,38,50,584,54.153,10.706,40.092,28.2,13.776,6.49,1.555,56.487,52.374,23.359,21,GOOD,SYNTHETIC,26120
BWG-SIM-001,Baghewala-style representative,2,2026-02-12T23:00:00,production,23.765,20.965,106,32.6,38,50,584,55.455,10.033,42.501,30.936,14.343,6.614,1.553,58.251,52.618,23.076,21,GOOD,SYNTHETIC,26120
BWG-SIM-001,Baghewala-style representative,2,2026-02-13T00:00:00,production,23.688,20.888,106,32.6,38,50,584,53.821,11.016,38.526,27.338,13.97,6.55,1.551,54.011,56.36,23.339,30,GOOD,SYNTHETIC,26120
BWG-SIM-001,Baghewala-style representative,2,2026-02-13T01:00:00,production,23.698,20.898,106,32.6,38,50,584,54.685,10.758,39.875,27.562,13.977,6.584,1.55,53.569,52.674,22.885,23,GOOD,SYNTHETIC,26120
BWG-SIM-001,Baghewala-style representative,2,2026-02-13T02:00:00,production,23.676,20.876,106,32.6,38,50,584,53.951,10.953,40.645,27.244,13.459,6.607,1.548,55.256,54.373,23.302,25,GOOD,SYNTHETIC,26120
BWG-SIM-001,Baghewala-style representative,2,2026-02-13T03:00:00,production,23.789,20.989,106,32.6,38,50,584,54.283,10.764,40.468,27.885,14.341,6.543,1.546,54.737,52.422,22.625,22,GOOD,SYNTHETIC,26120
BWG-SIM-001,Baghewala-style representative,2,2026-02-13T04:00:00,production,23.775,20.975,106,32.6,38,50,584,54.229,10.589,40.654,27.873,13.753,6.471,1.544,57.44,56.426,23.074,29,GOOD,SYNTHETIC,26120
BWG-SIM-001,Baghewala-style representative,2,2026-02-13T05:00:00,production,23.773,20.973,106,32.6,38,50,584,54.219,10.871,40.86,28.33,14.018,6.54,1.543,55.28,55.284,23.369,27,GOOD,SYNTHETIC,26120
BWG-SIM-001,Baghewala-style representative,2,2026-02-13T06:00:00,production,23.994,21.194,106,32.6,38,50,584,54.342,10.732,39.426,27.369,14.77,6.773,1.541,51.72,56.716,23.621,32,GOOD,SYNTHETIC,26120
BWG-SIM-001,Baghewala-style representative,2,2026-02-13T07:00:00,production,23.72,20.92,106,32.6,38,50,584,53.542,11.112,39.968,27.593,13.709,6.78,1.539,50.459,55.716,23.745,30,GOOD,SYNTHETIC,26120
BWG-SIM-001,Baghewala-style representative,2,2026-02-13T08:00:00,production,23.798,20.998,106,32.6,38,50,584,53.313,10.725,39.86,27.019,15.0,6.686,1.538,52.022,54.861,23.62,28,GOOD,SYNTHETIC,26120
BWG-SIM-001,Baghewala-style representative,2,2026-02-13T09:00:00,production,23.895,21.095,106,32.6,38,50,584,53.769,10.875,40.139,27.457,14.174,6.647,1.536,55.834,57.113,23.502,31,GOOD,SYNTHETIC,26120
BWG-SIM-001,Baghewala-style representative,2,2026-02-13T10:00:00,production,23.781,20.981,106,32.6,38,50,584,53.534,10.956,39.864,28.786,14.465,6.764,1.534,50.999,58.0,23.613,35,GOOD,SYNTHETIC,26120
BWG-SIM-001,Baghewala-style representative,2,2026-02-13T11:00:00,production,23.673,20.873,106,32.6,38,50,584,53.933,10.914,40.206,27.925,14.371,6.669,1.533,55.746,57.331,23.663,31,GOOD,SYNTHETIC,26120
BWG-SIM-001,Baghewala-style representative,2,2026-02-13T12:00:00,production,23.852,21.052,106,32.6,38,50,584,53.833,11.119,39.812,27.429,14.617,6.984,1.531,52.214,56.054,24.0,30,GOOD,SYNTHETIC,26120
BWG-SIM-001,Baghewala-style representative,2,2026-02-13T13:00:00,production,23.939,21.139,106,32.6,38,50,584,53.895,10.974,39.362,27.095,14.573,6.786,1.53,52.689,56.672,23.659,31,GOOD,SYNTHETIC,26120
BWG-SIM-001,Baghewala-style representative,2,2026-02-13T14:00:00,production,23.741,20.941,106,32.6,38,50,584,53.648,10.948,39.632,28.018,15.0,6.789,1.528,53.039,54.988,23.81,28,GOOD,SYNTHETIC,26120
BWG-SIM-001,Baghewala-style representative,2,2026-02-13T15:00:00,production,23.966,21.166,106,32.6,38,50,584,53.24,11.32,39.755,26.695,14.712,6.741,1.527,53.796,56.274,23.431,30,GOOD,SYNTHETIC,26120
BWG-SIM-001,Baghewala-style representative,2,2026-02-13T16:00:00,production,23.948,21.148,106,32.6,38,50,584,53.615,11.007,40.036,27.658,13.842,6.68,1.525,57.085,55.75,24.0,27,GOOD,SYNTHETIC,26120
BWG-SIM-001,Baghewala-style representative,2,2026-02-13T17:00:00,production,23.728,20.928,106,32.6,38,50,584,53.374,11.167,40.259,28.025,14.866,6.694,1.524,55.265,54.915,23.537,27,GOOD,SYNTHETIC,26120
BWG-SIM-001,Baghewala-style representative,2,2026-02-13T18:00:00,production,23.811,21.011,106,32.6,38,50,584,54.482,10.66,40.253,27.173,14.054,6.929,1.523,53.096,55.229,23.866,28,GOOD,SYNTHETIC,26120
BWG-SIM-001,Baghewala-style representative,2,2026-02-13T19:00:00,production,23.797,20.997,106,32.6,38,50,584,53.889,10.947,39.508,26.351,14.711,6.855,1.522,51.824,54.305,23.768,27,GOOD,SYNTHETIC,26120
BWG-SIM-001,Baghewala-style representative,2,2026-02-13T20:00:00,production,23.914,21.114,106,32.6,38,50,584,53.404,11.026,39.948,27.101,13.83,6.762,1.52,53.126,55.964,23.797,30,GOOD,SYNTHETIC,26120
BWG-SIM-001,Baghewala-style representative,2,2026-02-13T21:00:00,production,23.787,20.987,106,32.6,38,50,584,53.741,11.019,40.971,28.134,15.0,6.817,1.519,55.101,53.895,23.388,25,GOOD,SYNTHETIC,26120
BWG-SIM-001,Baghewala-style representative,2,2026-02-13T22:00:00,production,23.928,21.128,106,32.6,38,50,584,53.344,11.21,40.527,27.718,14.132,6.915,1.518,53.268,56.692,23.474,31,GOOD,SYNTHETIC,26120
BWG-SIM-001,Baghewala-style representative,2,2026-02-13T23:00:00,production,23.841,21.041,106,32.6,38,50,584,53.738,10.779,40.604,28.074,14.921,6.938,1.517,52.204,57.152,23.792,32,GOOD,SYNTHETIC,26120
BWG-SIM-001,Baghewala-style representative,2,2026-02-14T00:00:00,production,23.79,20.99,106,32.6,38,50,584,53.604,10.864,40.569,29.423,13.981,6.923,1.516,54.45,54.999,23.365,27,GOOD,SYNTHETIC,26120
BWG-SIM-001,Baghewala-style representative,2,2026-02-14T01:00:00,production,23.97,21.17,106,32.6,38,50,584,52.908,11.662,39.13,26.138,14.737,6.9,1.515,50.108,58.0,24.0,35,GOOD,SYNTHETIC,26120
BWG-SIM-001,Baghewala-style representative,2,2026-02-14T02:00:00,production,23.83,21.03,106,32.6,38,50,584,53.726,10.837,40.382,28.154,14.447,6.8,1.514,55.53,55.213,23.537,27,GOOD,SYNTHETIC,26120
BWG-SIM-001,Baghewala-style representative,2,2026-02-14T03:00:00,production,23.763,20.963,106,32.6,38,50,584,52.894,11.549,39.537,27.008,14.596,6.807,1.514,51.986,54.848,23.112,28,GOOD,SYNTHETIC,26120
BWG-SIM-001,Baghewala-style representative,2,2026-02-14T04:00:00,production,23.821,21.021,106,32.6,38,50,584,53.679,11.222,39.884,27.757,14.751,6.723,1.513,54.937,56.02,23.041,29,GOOD,SYNTHETIC,26120
BWG-SIM-001,Baghewala-style representative,2,2026-02-14T05:00:00,production,23.759,20.959,106,32.6,38,50,584,53.821,11.012,40.337,29.051,15.0,6.875,1.512,54.142,55.135,23.445,28,GOOD,SYNTHETIC,26120
BWG-SIM-001,Baghewala-style representative,2,2026-02-14T06:00:00,production,23.851,21.051,106,32.6,38,50,584,53.193,11.294,39.683,27.712,14.265,6.814,1.512,53.322,58.0,23.268,34,GOOD,SYNTHETIC,26120
BWG-SIM-001,Baghewala-style representative,2,2026-02-14T07:00:00,production,24.04,21.24,106,32.6,38,50,584,52.832,11.443,39.464,27.866,15.0,6.737,1.511,54.07,56.396,23.892,30,GOOD,SYNTHETIC,26120
BWG-SIM-001,Baghewala-style representative,2,2026-02-14T08:00:00,production,23.789,20.989,106,32.6,38,50,584,53.216,10.867,40.766,29.913,14.786,6.78,1.511,56.188,53.574,23.587,23,GOOD,SYNTHETIC,26120
BWG-SIM-001,Baghewala-style representative,2,2026-02-14T09:00:00,production,23.781,20.981,106,32.6,38,50,584,53.267,11.191,39.734,27.291,15.0,6.991,1.511,52.612,56.626,23.624,31,GOOD,SYNTHETIC,26120
BWG-SIM-001,Baghewala-style representative,2,2026-02-14T10:00:00,production,23.839,21.039,106,32.6,38,50,584,53.801,10.995,39.612,26.289,15.0,6.817,1.51,52.965,55.637,23.793,29,GOOD,SYNTHETIC,26120
BWG-SIM-001,Baghewala-style representative,2,2026-02-14T11:00:00,production,23.648,20.848,106,32.6,38,50,584,52.841,11.491,38.937,27.707,14.839,6.735,1.51,53.54,55.854,23.47,29,GOOD,SYNTHETIC,26120
BWG-SIM-001,Baghewala-style representative,2,2026-02-14T12:00:00,production,23.818,21.018,106,32.6,38,50,584,53.205,11.212,39.801,27.201,14.835,6.642,1.51,54.98,56.496,23.633,30,GOOD,SYNTHETIC,26120
BWG-SIM-001,Baghewala-style representative,2,2026-02-14T13:00:00,production,23.857,21.057,106,32.6,38,50,584,53.484,11.042,38.706,26.83,14.609,6.816,1.51,52.517,55.398,23.642,29,GOOD,SYNTHETIC,26120
BWG-SIM-001,Baghewala-style representative,2,2026-02-14T14:00:00,production,23.655,20.855,106,32.6,38,50,584,52.906,11.369,39.639,26.206,15.0,6.71,1.51,54.625,56.021,23.299,29,GOOD,SYNTHETIC,26120
BWG-SIM-001,Baghewala-style representative,2,2026-02-14T15:00:00,production,23.749,20.949,106,32.6,38,50,584,53.338,11.386,39.904,27.232,14.759,6.759,1.51,52.343,55.876,23.686,30,GOOD,SYNTHETIC,26120
BWG-SIM-001,Baghewala-style representative,2,2026-02-14T16:00:00,production,23.699,20.899,106,32.6,38,50,584,52.973,11.302,40.374,28.186,14.867,6.629,1.51,54.252,54.232,23.133,26,GOOD,SYNTHETIC,26120
BWG-SIM-001,Baghewala-style representative,2,2026-02-14T17:00:00,production,23.525,20.725,106,32.6,38,50,584,52.124,12.035,38.524,25.781,15.0,6.736,1.511,50.386,55.814,23.294,31,GOOD,SYNTHETIC,26120
BWG-SIM-001,Baghewala-style representative,2,2026-02-14T18:00:00,production,23.819,21.019,106,32.6,38,50,584,52.776,11.445,39.198,27.798,15.0,6.681,1.511,53.79,57.594,23.585,33,GOOD,SYNTHETIC,26120
BWG-SIM-001,Baghewala-style representative,2,2026-02-14T19:00:00,production,23.615,20.815,106,32.6,38,50,584,53.237,11.406,38.656,27.211,15.0,6.541,1.511,52.835,56.52,23.665,31,GOOD,SYNTHETIC,26120
BWG-SIM-001,Baghewala-style representative,2,2026-02-14T20:00:00,production,23.648,20.848,106,32.6,38,50,584,52.035,11.893,38.463,26.374,15.0,6.764,1.512,50.847,57.157,23.637,33,GOOD,SYNTHETIC,26120
BWG-SIM-001,Baghewala-style representative,2,2026-02-14T21:00:00,production,23.691,20.891,106,32.6,38,50,584,52.782,11.358,39.05,26.173,14.262,6.499,1.512,55.279,54.794,23.465,26,GOOD,SYNTHETIC,26120
BWG-SIM-001,Baghewala-style representative,2,2026-02-14T22:00:00,production,23.565,20.765,106,32.6,38,50,584,52.76,11.404,39.148,26.111,14.682,6.616,1.513,51.018,56.019,23.629,31,GOOD,SYNTHETIC,26120
BWG-SIM-001,Baghewala-style representative,2,2026-02-14T23:00:00,production,23.414,20.614,106,32.6,38,50,584,52.259,11.797,38.938,26.873,15.0,6.529,1.514,54.355,56.99,23.829,31,GOOD,SYNTHETIC,26120
BWG-SIM-001,Baghewala-style representative,2,2026-02-15T00:00:00,production,23.549,20.749,106,32.6,38,50,584,52.385,11.676,39.141,28.081,15.0,6.558,1.515,53.959,56.331,23.322,30,GOOD,SYNTHETIC,26120
BWG-SIM-001,Baghewala-style representative,2,2026-02-15T01:00:00,production,23.599,20.799,106,32.6,38,50,584,52.086,12.02,39.973,25.031,15.0,6.476,1.515,57.256,56.748,23.745,29,GOOD,SYNTHETIC,26120
BWG-SIM-001,Baghewala-style representative,2,2026-02-15T02:00:00,production,23.496,20.696,106,32.6,38,50,584,52.25,11.82,38.575,27.948,15.0,6.576,1.516,56.449,54.672,23.199,26,GOOD,SYNTHETIC,26120
BWG-SIM-001,Baghewala-style representative,2,2026-02-15T03:00:00,production,23.605,20.805,106,32.6,38,50,584,52.397,11.779,38.695,27.287,15.0,6.489,1.517,56.255,55.217,23.04,27,GOOD,SYNTHETIC,26120
BWG-SIM-001,Baghewala-style representative,2,2026-02-15T04:00:00,production,23.439,20.639,106,32.6,38,50,584,51.58,12.354,37.962,26.215,15.0,6.447,1.518,55.106,57.788,23.636,32,GOOD,SYNTHETIC,26120
BWG-SIM-001,Baghewala-style representative,2,2026-02-15T05:00:00,production,23.492,20.692,106,32.6,38,50,584,52.293,11.491,39.457,27.429,15.0,6.536,1.519,53.518,54.266,22.99,26,GOOD,SYNTHETIC,26120
BWG-SIM-001,Baghewala-style representative,2,2026-02-15T06:00:00,production,23.36,20.56,106,32.6,38,50,584,51.971,11.753,39.285,28.309,15.0,6.374,1.521,57.1,53.585,23.204,23,GOOD,SYNTHETIC,26120
BWG-SIM-001,Baghewala-style representative,2,2026-02-15T07:00:00,production,23.412,20.612,106,32.6,38,50,584,51.953,11.886,38.25,26.59,15.0,6.472,1.522,53.435,52.511,23.206,23,GOOD,SYNTHETIC,26120
BWG-SIM-001,Baghewala-style representative,2,2026-02-15T08:00:00,production,23.308,20.508,106,32.6,38,50,584,51.628,12.256,37.399,26.023,15.0,6.286,1.523,57.46,55.567,22.803,27,GOOD,SYNTHETIC,26120
BWG-SIM-001,Baghewala-style representative,2,2026-02-15T09:00:00,production,23.377,20.577,106,32.6,38,50,584,51.359,12.029,38.578,27.158,15.0,6.362,1.524,55.063,55.842,23.267,29,GOOD,SYNTHETIC,26120
BWG-SIM-001,Baghewala-style representative,2,2026-02-15T10:00:00,production,23.425,20.625,106,32.6,38,50,584,51.327,12.171,37.187,26.26,15.0,6.44,1.526,52.098,57.136,23.255,32,GOOD,SYNTHETIC,26120
BWG-SIM-001,Baghewala-style representative,2,2026-02-15T11:00:00,production,23.302,20.502,106,32.6,38,50,584,50.589,12.712,38.842,26.048,15.0,6.33,1.527,52.982,56.548,23.212,31,GOOD,SYNTHETIC,26120
BWG-SIM-001,Baghewala-style representative,2,2026-02-15T12:00:00,production,23.334,20.534,106,32.6,38,50,584,50.702,12.874,37.365,24.598,15.0,6.425,1.529,53.821,56.593,23.227,31,GOOD,SYNTHETIC,26120
BWG-SIM-001,Baghewala-style representative,2,2026-02-15T13:00:00,production,23.368,20.568,106,32.6,38,50,584,50.475,12.603,37.449,25.038,15.0,6.315,1.53,53.719,56.45,23.357,30,GOOD,SYNTHETIC,26120
BWG-SIM-001,Baghewala-style representative,2,2026-02-15T14:00:00,production,23.09,20.29,106,32.6,38,50,584,50.968,12.444,37.563,25.068,15.0,6.389,1.532,52.385,56.757,23.419,32,GOOD,SYNTHETIC,26120
BWG-SIM-001,Baghewala-style representative,2,2026-02-15T15:00:00,production,23.393,20.593,106,32.6,38,50,584,50.616,12.773,37.593,26.281,15.0,6.263,1.533,53.925,56.661,23.029,31,GOOD,SYNTHETIC,26120
BWG-SIM-001,Baghewala-style representative,2,2026-02-15T16:00:00,production,23.019,20.219,106,32.6,38,50,584,51.085,12.438,37.353,26.105,15.0,6.162,1.535,56.957,54.626,23.56,25,GOOD,SYNTHETIC,26120
BWG-SIM-001,Baghewala-style representative,2,2026-02-15T17:00:00,production,23.261,20.461,106,32.6,38,50,584,50.261,12.752,38.756,27.342,15.0,6.299,1.536,55.4,55.951,23.522,29,GOOD,SYNTHETIC,26120
BWG-SIM-001,Baghewala-style representative,2,2026-02-15T18:00:00,production,23.331,20.531,106,32.6,38,50,584,50.087,13.027,38.227,26.808,15.0,6.153,1.538,56.767,56.303,23.1,29,GOOD,SYNTHETIC,26120
BWG-SIM-001,Baghewala-style representative,2,2026-02-15T19:00:00,production,23.002,20.202,106,32.6,38,50,584,50.111,13.234,36.42,24.054,15.0,6.235,1.54,53.37,55.883,22.73,29,GOOD,SYNTHETIC,26120
BWG-SIM-001,Baghewala-style representative,2,2026-02-15T20:00:00,production,23.065,20.265,106,32.6,38,50,584,49.861,12.89,37.806,25.736,15.0,6.125,1.541,57.087,53.512,23.057,23,GOOD,SYNTHETIC,26120
BWG-SIM-001,Baghewala-style representative,2,2026-02-15T21:00:00,production,23.044,20.244,106,32.6,38,50,584,49.196,13.531,36.04,24.694,15.0,6.242,1.543,51.778,55.625,23.407,30,GOOD,SYNTHETIC,26120
BWG-SIM-001,Baghewala-style representative,2,2026-02-15T22:00:00,production,22.939,20.139,106,32.6,38,50,584,49.212,13.503,36.537,25.907,15.0,6.188,1.545,54.301,52.764,22.692,23,GOOD,SYNTHETIC,26120
BWG-SIM-001,Baghewala-style representative,2,2026-02-15T23:00:00,production,22.817,20.017,106,32.6,38,50,584,49.013,13.425,37.321,26.009,15.0,6.157,1.546,55.657,55.528,23.177,28,GOOD,SYNTHETIC,26120
BWG-SIM-001,Baghewala-style representative,2,2026-02-16T00:00:00,production,22.699,19.899,106,32.6,38,50,584,49.159,13.704,36.56,26.308,15.0,6.125,1.548,54.256,54.821,22.636,27,GOOD,SYNTHETIC,26120
BWG-SIM-001,Baghewala-style representative,2,2026-02-16T01:00:00,production,23.128,20.328,106,32.6,38,50,584,48.614,13.94,36.421,25.294,15.0,6.276,1.55,51.973,54.351,23.381,27,GOOD,SYNTHETIC,26120
BWG-SIM-001,Baghewala-style representative,2,2026-02-16T02:00:00,production,22.659,19.859,106,32.6,38,50,584,48.464,13.914,36.788,24.393,15.0,6.265,1.552,50.943,57.233,23.583,33,GOOD,SYNTHETIC,26120
BWG-SIM-001,Baghewala-style representative,2,2026-02-16T03:00:00,production,22.986,20.186,106,32.6,38,50,584,48.615,13.962,36.852,24.549,15.0,6.16,1.553,52.136,57.942,23.158,34,GOOD,SYNTHETIC,26120
BWG-SIM-001,Baghewala-style representative,2,2026-02-16T04:00:00,production,22.795,19.995,106,32.6,38,50,584,48.0,14.437,35.859,24.712,15.0,6.187,1.555,53.749,56.703,23.293,31,GOOD,SYNTHETIC,26120
BWG-SIM-001,Baghewala-style representative,2,2026-02-16T05:00:00,production,22.662,19.862,106,32.6,38,50,584,48.101,14.108,35.848,23.622,15.0,6.15,1.557,54.069,57.892,23.794,33,GOOD,SYNTHETIC,26120
BWG-SIM-001,Baghewala-style representative,2,2026-02-16T06:00:00,production,22.853,20.053,106,32.6,38,50,584,48.0,14.448,36.74,25.183,15.0,6.306,1.559,51.57,55.377,22.584,29,GOOD,SYNTHETIC,26120
BWG-SIM-001,Baghewala-style representative,2,2026-02-16T07:00:00,production,22.884,20.084,106,32.6,38,50,584,48.0,14.265,36.341,25.304,15.0,6.072,1.56,53.244,54.216,22.795,26,GOOD,SYNTHETIC,26120
BWG-SIM-001,Baghewala-style representative,2,2026-02-16T08:00:00,production,22.586,19.786,106,32.6,38,50,584,48.0,14.076,35.711,24.617,15.0,6.15,1.562,52.618,55.543,22.696,29,GOOD,SYNTHETIC,26120
BWG-SIM-001,Baghewala-style representative,2,2026-02-16T09:00:00,production,22.624,19.824,106,32.6,38,50,584,48.0,14.224,35.662,24.846,15.0,6.087,1.564,52.353,55.578,23.115,29,GOOD,SYNTHETIC,26120
BWG-SIM-001,Baghewala-style representative,2,2026-02-16T10:00:00,production,22.518,19.718,106,32.6,38,50,584,48.0,14.22,36.421,24.634,15.0,6.143,1.565,51.567,56.662,23.368,32,GOOD,SYNTHETIC,26120
BWG-SIM-001,Baghewala-style representative,2,2026-02-16T11:00:00,production,22.666,19.866,106,32.6,38,50,584,48.0,14.159,35.041,23.977,15.0,6.216,1.567,50.317,56.025,23.021,31,GOOD,SYNTHETIC,26120
BWG-SIM-001,Baghewala-style representative,2,2026-02-16T12:00:00,production,22.485,19.685,106,32.6,38,50,584,48.0,14.452,36.458,24.314,15.0,6.297,1.568,53.725,56.425,23.259,30,GOOD,SYNTHETIC,26120
BWG-SIM-001,Baghewala-style representative,2,2026-02-16T13:00:00,production,22.624,19.824,106,32.6,38,50,584,48.0,14.424,36.325,24.667,15.0,6.163,1.57,53.176,56.73,23.293,31,GOOD,SYNTHETIC,26120
BWG-SIM-001,Baghewala-style representative,2,2026-02-16T14:00:00,production,22.21,19.41,106,32.6,38,50,584,48.0,14.323,34.972,24.095,15.0,6.082,1.571,48.745,57.032,22.891,34,GOOD,SYNTHETIC,26120
BWG-SIM-001,Baghewala-style representative,2,2026-02-16T15:00:00,production,22.429,19.629,106,32.6,38,50,584,48.0,14.23,36.122,23.743,15.0,6.332,1.573,48.613,58.0,23.409,36,GOOD,SYNTHETIC,26120
BWG-SIM-001,Baghewala-style representative,2,2026-02-16T16:00:00,production,22.093,19.293,106,32.6,38,50,584,48.0,13.869,35.224,22.75,15.0,6.102,1.574,53.201,57.177,23.463,32,GOOD,SYNTHETIC,26120
BWG-SIM-001,Baghewala-style representative,2,2026-02-16T17:00:00,production,22.317,19.517,106,32.6,38,50,584,48.0,14.321,36.412,25.213,15.0,6.111,1.576,52.849,57.901,22.958,34,GOOD,SYNTHETIC,26120
BWG-SIM-001,Baghewala-style representative,2,2026-02-16T18:00:00,production,22.23,19.43,106,32.6,38,50,584,48.0,14.315,35.288,23.485,15.0,6.128,1.577,51.259,55.729,23.197,30,GOOD,SYNTHETIC,26120
BWG-SIM-001,Baghewala-style representative,2,2026-02-16T19:00:00,production,22.294,19.494,106,32.6,38,50,584,48.0,14.129,36.028,25.4,15.0,6.405,1.578,48.531,56.743,22.748,33,GOOD,SYNTHETIC,26120
BWG-SIM-001,Baghewala-style representative,2,2026-02-16T20:00:00,production,22.384,19.584,106,32.6,38,50,584,48.0,14.369,36.068,24.126,15.0,6.159,1.579,51.808,58.0,23.384,34,GOOD,SYNTHETIC,26120
BWG-SIM-001,Baghewala-style representative,2,2026-02-16T21:00:00,production,22.096,19.296,106,32.6,38,50,584,48.0,14.051,35.375,24.162,15.0,6.262,1.581,51.109,57.96,23.556,35,GOOD,SYNTHETIC,26120
BWG-SIM-001,Baghewala-style representative,2,2026-02-16T22:00:00,production,22.206,19.406,106,32.6,38,50,584,48.0,14.293,34.764,24.055,15.0,6.168,1.582,51.169,53.362,22.745,25,GOOD,SYNTHETIC,26120
BWG-SIM-001,Baghewala-style representative,2,2026-02-16T23:00:00,production,22.142,19.342,106,32.6,38,50,584,48.0,14.401,35.116,24.345,15.0,6.295,1.583,52.488,55.651,22.983,29,GOOD,SYNTHETIC,26120
BWG-SIM-001,Baghewala-style representative,2,2026-02-17T00:00:00,production,22.15,19.35,106,32.6,38,50,584,48.0,14.386,35.512,23.868,15.0,6.152,1.584,50.207,56.045,22.903,31,GOOD,SYNTHETIC,26120
BWG-SIM-001,Baghewala-style representative,2,2026-02-17T01:00:00,production,22.196,19.396,106,32.6,38,50,584,48.0,14.31,35.484,23.695,15.0,6.364,1.585,50.283,55.919,23.245,31,GOOD,SYNTHETIC,26120
BWG-SIM-001,Baghewala-style representative,2,2026-02-17T02:00:00,production,22.224,19.424,106,32.6,38,50,584,48.0,14.143,35.238,22.937,15.0,6.294,1.585,52.2,56.306,23.143,31,GOOD,SYNTHETIC,26120
BWG-SIM-001,Baghewala-style representative,2,2026-02-17T03:00:00,production,21.88,19.08,106,32.6,38,50,584,48.0,14.334,36.616,24.863,15.0,6.448,1.586,48.579,58.0,23.83,36,GOOD,SYNTHETIC,26120
BWG-SIM-001,Baghewala-style representative,2,2026-02-17T04:00:00,production,22.168,19.368,106,32.6,38,50,584,48.0,14.355,36.51,23.786,15.0,6.424,1.587,50.009,54.287,23.189,28,GOOD,SYNTHETIC,26120
BWG-SIM-001,Baghewala-style representative,2,2026-02-17T05:00:00,production,22.252,19.452,106,32.6,38,50,584,48.0,14.296,35.837,23.159,15.0,6.569,1.588,46.99,58.0,23.207,36,GOOD,SYNTHETIC,26120
BWG-SIM-001,Baghewala-style representative,2,2026-02-17T06:00:00,production,22.171,19.371,106,32.6,38,50,584,48.0,14.607,35.725,25.619,15.0,6.497,1.588,46.704,56.169,22.814,33,GOOD,SYNTHETIC,26120
BWG-SIM-001,Baghewala-style representative,2,2026-02-17T07:00:00,production,22.108,19.308,106,32.6,38,50,584,48.0,14.633,35.362,23.671,15.0,6.415,1.589,47.329,58.0,23.371,36,GOOD,SYNTHETIC,26120
BWG-SIM-001,Baghewala-style representative,2,2026-02-17T08:00:00,production,22.193,19.393,106,32.6,38,50,584,48.0,14.304,35.607,24.47,15.0,6.481,1.589,46.546,58.0,23.284,37,GOOD,SYNTHETIC,26120
BWG-SIM-001,Baghewala-style representative,2,2026-02-17T09:00:00,production,22.221,19.421,106,32.6,38,50,584,48.0,14.323,34.563,23.325,15.0,6.522,1.589,49.559,56.578,23.558,32,GOOD,SYNTHETIC,26120
BWG-SIM-001,Baghewala-style representative,2,2026-02-17T10:00:00,production,21.881,19.081,106,32.6,38,50,584,48.0,14.304,35.879,23.87,15.0,6.476,1.59,47.524,57.356,23.61,35,GOOD,SYNTHETIC,26120
BWG-SIM-001,Baghewala-style representative,2,2026-02-17T11:00:00,production,21.804,19.004,106,32.6,38,50,584,48.0,14.174,35.701,23.989,15.0,6.513,1.59,47.477,56.314,23.07,33,GOOD,SYNTHETIC,26120
BWG-SIM-001,Baghewala-style representative,2,2026-02-17T12:00:00,production,21.966,19.166,106,32.6,38,50,584,48.0,14.381,35.746,24.726,15.0,6.533,1.59,46.186,58.0,23.475,37,GOOD,SYNTHETIC,26120
BWG-SIM-001,Baghewala-style representative,2,2026-02-17T13:00:00,production,21.934,19.134,106,32.6,38,50,584,48.0,14.489,35.873,24.346,15.0,6.658,1.59,47.04,58.0,23.585,36,GOOD,SYNTHETIC,26120
BWG-SIM-001,Baghewala-style representative,2,2026-02-17T14:00:00,production,21.746,18.946,106,32.6,38,50,584,48.0,14.379,33.992,22.892,15.0,6.574,1.59,43.762,58.0,23.799,38,GOOD,SYNTHETIC,26120
BWG-SIM-001,Baghewala-style representative,2,2026-02-17T15:00:00,production,21.667,18.867,106,32.6,38,50,584,48.0,14.435,35.332,22.937,15.0,6.846,1.59,44.943,58.0,23.726,37,GOOD,SYNTHETIC,26120
BWG-SIM-001,Baghewala-style representative,2,2026-02-17T16:00:00,production,21.755,18.955,106,32.6,38,50,584,48.0,14.212,35.782,23.822,15.0,6.713,1.59,46.882,55.435,23.058,31,GOOD,SYNTHETIC,26120
BWG-SIM-001,Baghewala-style representative,2,2026-02-17T17:00:00,production,21.632,18.832,106,32.6,38,50,584,48.0,14.299,34.585,23.549,15.0,6.599,1.589,45.855,57.748,23.634,36,GOOD,SYNTHETIC,26120
BWG-SIM-001,Baghewala-style representative,2,2026-02-17T18:00:00,production,21.841,19.041,106,32.6,38,50,584,48.0,14.306,34.217,22.693,15.0,6.689,1.589,43.373,58.0,23.903,38,GOOD,SYNTHETIC,26120
BWG-SIM-001,Baghewala-style representative,2,2026-02-17T19:00:00,production,21.807,19.007,106,32.6,38,50,584,48.0,14.187,35.577,24.074,15.0,6.644,1.589,46.101,58.0,23.958,37,GOOD,SYNTHETIC,26120
BWG-SIM-001,Baghewala-style representative,2,2026-02-17T20:00:00,production,21.722,18.922,106,32.6,38,50,584,48.0,14.289,34.57,22.686,15.0,6.726,1.588,46.321,58.0,23.558,37,GOOD,SYNTHETIC,26120
BWG-SIM-001,Baghewala-style representative,2,2026-02-17T21:00:00,production,21.704,18.904,106,32.6,38,50,584,48.0,14.307,35.4,24.007,15.0,6.597,1.588,48.854,58.0,23.575,36,GOOD,SYNTHETIC,26120
BWG-SIM-001,Baghewala-style representative,2,2026-02-17T22:00:00,production,21.694,18.894,106,32.6,38,50,584,48.0,14.205,35.267,23.57,15.0,6.805,1.587,47.845,57.632,23.6,35,GOOD,SYNTHETIC,26120
BWG-SIM-001,Baghewala-style representative,2,2026-02-17T23:00:00,production,21.588,18.788,106,32.6,38,50,584,48.0,14.242,36.195,24.144,15.0,6.794,1.586,46.375,57.547,23.685,36,GOOD,SYNTHETIC,26120
BWG-SIM-001,Baghewala-style representative,2,2026-02-18T00:00:00,production,21.638,18.838,106,32.6,38,50,584,48.0,14.24,35.064,23.495,15.0,6.775,1.586,44.497,58.0,23.857,38,GOOD,SYNTHETIC,26120
BWG-SIM-001,Baghewala-style representative,2,2026-02-18T01:00:00,production,21.697,18.897,106,32.6,38,50,584,48.0,14.211,35.089,21.648,15.0,6.851,1.585,43.634,58.0,23.944,38,GOOD,SYNTHETIC,26120
BWG-SIM-001,Baghewala-style representative,2,2026-02-18T02:00:00,production,21.755,18.955,106,32.6,38,50,584,48.0,14.116,36.321,24.224,15.0,6.864,1.584,48.994,55.165,23.717,30,GOOD,SYNTHETIC,26120
BWG-SIM-001,Baghewala-style representative,2,2026-02-18T03:00:00,production,21.787,18.987,106,32.6,38,50,584,48.0,14.243,35.355,24.17,15.0,7.04,1.583,43.61,58.0,23.474,38,GOOD,SYNTHETIC,26120
BWG-SIM-001,Baghewala-style representative,2,2026-02-18T04:00:00,production,21.676,18.876,106,32.6,38,50,584,48.0,14.117,34.772,23.157,15.0,6.848,1.582,43.441,58.0,23.997,38,GOOD,SYNTHETIC,26120
BWG-SIM-001,Baghewala-style representative,2,2026-02-18T05:00:00,production,21.576,18.776,106,32.6,38,50,584,48.0,14.261,34.64,22.227,15.0,6.771,1.581,45.165,58.0,23.685,37,GOOD,SYNTHETIC,26120
BWG-SIM-001,Baghewala-style representative,2,2026-02-18T06:00:00,production,21.57,18.77,106,32.6,38,50,584,48.0,14.161,35.983,24.602,15.0,6.753,1.58,46.561,56.248,23.132,33,GOOD,SYNTHETIC,26120
BWG-SIM-001,Baghewala-style representative,2,2026-02-18T07:00:00,production,21.712,18.912,106,32.6,38,50,584,48.0,14.372,34.675,23.865,15.0,6.886,1.579,44.74,58.0,23.681,37,GOOD,SYNTHETIC,26120
BWG-SIM-001,Baghewala-style representative,2,2026-02-18T08:00:00,production,21.367,18.567,106,32.6,38,50,584,48.0,14.11,35.279,24.049,15.0,6.819,1.577,45.403,58.0,23.799,37,GOOD,SYNTHETIC,26120
BWG-SIM-001,Baghewala-style representative,2,2026-02-18T09:00:00,production,21.626,18.826,106,32.6,38,50,584,48.0,14.227,36.031,24.533,15.0,6.865,1.576,45.395,57.888,23.629,37,GOOD,SYNTHETIC,26120
BWG-SIM-001,Baghewala-style representative,2,2026-02-18T10:00:00,production,21.751,18.951,106,32.6,38,50,584,48.0,14.339,35.416,24.051,15.0,6.893,1.575,44.369,57.975,24.0,38,GOOD,SYNTHETIC,26120
BWG-SIM-001,Baghewala-style representative,2,2026-02-18T11:00:00,production,21.608,18.808,106,32.6,38,50,584,48.0,14.181,35.657,23.569,15.0,6.844,1.573,46.414,58.0,23.991,37,GOOD,SYNTHETIC,26120
BWG-SIM-001,Baghewala-style representative,2,2026-02-18T12:00:00,production,21.726,18.926,106,32.6,38,50,584,48.0,14.387,35.369,23.496,15.0,6.834,1.572,44.006,58.0,23.533,38,GOOD,SYNTHETIC,26120
BWG-SIM-001,Baghewala-style representative,2,2026-02-18T13:00:00,production,21.67,18.87,106,32.6,38,50,584,48.0,14.233,35.63,24.193,15.0,6.846,1.57,47.097,58.0,24.0,36,GOOD,SYNTHETIC,26120
BWG-SIM-001,Baghewala-style representative,2,2026-02-18T14:00:00,production,21.62,18.82,106,32.6,38,50,584,48.0,14.182,35.134,24.171,15.0,6.939,1.569,45.814,58.0,24.0,37,GOOD,SYNTHETIC,26120
BWG-SIM-001,Baghewala-style representative,2,2026-02-18T15:00:00,production,21.599,18.799,106,32.6,38,50,584,48.0,14.554,35.819,24.889,15.0,6.874,1.567,47.571,57.17,23.55,35,GOOD,SYNTHETIC,26120
BWG-SIM-001,Baghewala-style representative,2,2026-02-18T16:00:00,production,21.675,18.875,106,32.6,38,50,584,48.0,14.094,35.366,23.549,15.0,6.903,1.566,43.436,58.0,24.0,38,GOOD,SYNTHETIC,26120
BWG-SIM-001,Baghewala-style representative,2,2026-02-18T17:00:00,production,21.833,19.033,106,32.6,38,50,584,48.0,14.36,35.517,23.505,15.0,6.815,1.564,45.621,58.0,23.498,37,GOOD,SYNTHETIC,26120
BWG-SIM-001,Baghewala-style representative,2,2026-02-18T18:00:00,production,21.629,18.829,106,32.6,38,50,584,48.0,14.395,35.134,23.395,15.0,6.902,1.562,44.964,58.0,23.89,37,GOOD,SYNTHETIC,26120
BWG-SIM-001,Baghewala-style representative,2,2026-02-18T19:00:00,production,21.648,18.848,106,32.6,38,50,584,48.0,14.201,35.938,24.595,15.0,6.838,1.561,46.809,58.0,23.504,37,GOOD,SYNTHETIC,26120
BWG-SIM-001,Baghewala-style representative,2,2026-02-18T20:00:00,production,21.65,18.85,106,32.6,38,50,584,48.0,14.491,35.402,24.551,15.0,6.846,1.559,47.289,58.0,23.488,36,GOOD,SYNTHETIC,26120
BWG-SIM-001,Baghewala-style representative,2,2026-02-18T21:00:00,production,21.668,18.868,106,32.6,38,50,584,48.0,14.229,35.118,24.07,15.0,6.815,1.557,43.599,58.0,23.918,38,GOOD,SYNTHETIC,26120
BWG-SIM-001,Baghewala-style representative,2,2026-02-18T22:00:00,production,21.599,18.799,106,32.6,38,50,584,48.0,14.532,35.113,23.753,15.0,6.889,1.556,45.296,58.0,24.0,37,GOOD,SYNTHETIC,26120
BWG-SIM-001,Baghewala-style representative,2,2026-02-18T23:00:00,production,21.59,18.79,106,32.6,38,50,584,48.0,14.327,35.921,24.635,15.0,6.705,1.554,46.558,58.0,23.271,37,GOOD,SYNTHETIC,26120
BWG-SIM-001,Baghewala-style representative,2,2026-02-19T00:00:00,production,21.791,18.991,106,32.6,38,50,584,48.0,14.682,35.553,23.223,15.0,6.82,1.552,45.089,57.675,23.635,37,GOOD,SYNTHETIC,26120
BWG-SIM-001,Baghewala-style representative,2,2026-02-19T01:00:00,production,21.696,18.896,106,32.6,38,50,584,48.0,14.581,34.569,22.817,15.0,6.822,1.55,43.643,58.0,23.804,38,GOOD,SYNTHETIC,26120
BWG-SIM-001,Baghewala-style representative,2,2026-02-19T02:00:00,production,21.714,18.914,106,32.6,38,50,584,48.0,14.468,36.15,23.923,15.0,6.843,1.549,47.118,58.0,23.232,36,GOOD,SYNTHETIC,26120
BWG-SIM-001,Baghewala-style representative,2,2026-02-19T03:00:00,production,21.819,19.019,106,32.6,38,50,584,48.0,14.008,35.984,24.737,15.0,6.665,1.547,47.36,57.372,23.232,35,GOOD,SYNTHETIC,26120
BWG-SIM-001,Baghewala-style representative,2,2026-02-19T04:00:00,production,21.769,18.969,106,32.6,38,50,584,48.0,14.263,35.771,25.163,15.0,6.759,1.545,49.415,56.634,23.392,33,GOOD,SYNTHETIC,26120
BWG-SIM-001,Baghewala-style representative,2,2026-02-19T05:00:00,production,21.678,18.878,106,32.6,38,50,584,48.0,14.081,35.353,23.172,15.0,6.73,1.544,48.39,58.0,23.757,36,GOOD,SYNTHETIC,26120
BWG-SIM-001,Baghewala-style representative,2,2026-02-19T06:00:00,production,21.631,18.831,106,32.6,38,50,584,48.0,14.12,34.216,23.325,15.0,6.626,1.542,45.839,58.0,23.801,37,GOOD,SYNTHETIC,26120
BWG-SIM-001,Baghewala-style representative,2,2026-02-19T07:00:00,production,21.83,19.03,106,32.6,38,50,584,48.0,14.077,35.838,24.892,15.0,6.494,1.54,49.975,58.0,23.946,35,GOOD,SYNTHETIC,26120
BWG-SIM-001,Baghewala-style representative,2,2026-02-19T08:00:00,production,21.893,19.093,106,32.6,38,50,584,48.0,14.3,34.665,22.452,15.0,6.634,1.538,47.049,58.0,23.623,36,GOOD,SYNTHETIC,26120
BWG-SIM-001,Baghewala-style representative,2,2026-02-19T09:00:00,production,21.936,19.136,106,32.6,38,50,584,48.0,14.207,35.519,23.705,15.0,6.639,1.537,48.103,57.973,23.761,36,GOOD,SYNTHETIC,26120
BWG-SIM-001,Baghewala-style representative,2,2026-02-19T10:00:00,production,21.933,19.133,106,32.6,38,50,584,48.0,14.254,34.985,23.857,15.0,6.592,1.535,48.264,57.285,23.301,34,GOOD,SYNTHETIC,26120
BWG-SIM-001,Baghewala-style representative,2,2026-02-19T11:00:00,production,21.854,19.054,106,32.6,38,50,584,48.0,14.194,35.983,24.443,15.0,6.441,1.534,52.072,56.194,23.384,31,GOOD,SYNTHETIC,26120
BWG-SIM-001,Baghewala-style representative,2,2026-02-19T12:00:00,production,21.914,19.114,106,32.6,38,50,584,48.0,14.296,35.3,24.434,15.0,6.331,1.532,50.939,56.932,23.476,33,GOOD,SYNTHETIC,26120
BWG-SIM-001,Baghewala-style representative,2,2026-02-19T13:00:00,production,21.884,19.084,106,32.6,38,50,584,48.0,14.09,35.535,22.909,15.0,6.631,1.53,51.345,57.097,23.318,33,GOOD,SYNTHETIC,26120
BWG-SIM-001,Baghewala-style representative,2,2026-02-19T14:00:00,production,22.054,19.254,106,32.6,38,50,584,48.0,14.338,34.992,24.321,15.0,6.578,1.529,48.437,58.0,23.692,36,GOOD,SYNTHETIC,26120
BWG-SIM-001,Baghewala-style representative,2,2026-02-19T15:00:00,production,22.073,19.273,106,32.6,38,50,584,48.0,14.257,34.878,22.627,15.0,6.503,1.528,48.576,57.713,23.885,35,GOOD,SYNTHETIC,26120
BWG-SIM-001,Baghewala-style representative,2,2026-02-19T16:00:00,production,21.871,19.071,106,32.6,38,50,584,48.0,14.39,35.025,24.515,15.0,6.455,1.526,48.368,56.694,22.991,33,GOOD,SYNTHETIC,26120
BWG-SIM-001,Baghewala-style representative,2,2026-02-19T17:00:00,production,21.948,19.148,106,32.6,38,50,584,48.0,14.154,35.421,22.418,15.0,6.46,1.525,49.395,58.0,23.228,35,GOOD,SYNTHETIC,26120
BWG-SIM-001,Baghewala-style representative,2,2026-02-19T18:00:00,production,21.677,18.877,106,32.6,38,50,584,48.0,14.171,35.397,23.343,15.0,6.393,1.523,53.119,56.51,23.958,31,GOOD,SYNTHETIC,26120
BWG-SIM-001,Baghewala-style representative,2,2026-02-19T19:00:00,production,21.916,19.116,106,32.6,38,50,584,48.0,14.293,35.092,23.522,15.0,6.46,1.522,49.918,57.555,23.201,34,GOOD,SYNTHETIC,26120
BWG-SIM-001,Baghewala-style representative,2,2026-02-19T20:00:00,production,21.788,18.988,106,32.6,38,50,584,48.0,14.176,35.645,23.779,15.0,6.295,1.521,53.102,56.468,23.03,31,GOOD,SYNTHETIC,26120
BWG-SIM-001,Baghewala-style representative,2,2026-02-19T21:00:00,production,22.094,19.294,106,32.6,38,50,584,48.0,14.372,36.735,25.228,15.0,6.431,1.52,50.8,56.058,23.189,31,GOOD,SYNTHETIC,26120
BWG-SIM-001,Baghewala-style representative,2,2026-02-19T22:00:00,production,21.908,19.108,106,32.6,38,50,584,48.0,14.285,35.6,22.626,15.0,6.324,1.519,48.76,57.233,22.825,34,GOOD,SYNTHETIC,26120
BWG-SIM-001,Baghewala-style representative,2,2026-02-19T23:00:00,production,21.979,19.179,106,32.6,38,50,584,48.0,13.924,36.143,25.601,15.0,6.419,1.518,52.788,54.346,23.238,27,GOOD,SYNTHETIC,26120
BWG-SIM-001,Baghewala-style representative,2,2026-02-20T00:00:00,production,22.134,19.334,106,32.6,38,50,584,48.0,14.37,35.257,24.668,15.0,6.242,1.517,53.863,56.664,23.124,31,GOOD,SYNTHETIC,26120
BWG-SIM-001,Baghewala-style representative,2,2026-02-20T01:00:00,production,22.136,19.336,106,32.6,38,50,584,48.0,14.383,35.53,24.05,15.0,6.26,1.516,52.676,57.394,23.259,33,GOOD,SYNTHETIC,26120
BWG-SIM-001,Baghewala-style representative,2,2026-02-20T02:00:00,production,21.897,19.097,106,32.6,38,50,584,48.0,14.399,35.835,25.321,15.0,6.123,1.515,54.146,55.815,23.053,29,GOOD,SYNTHETIC,26120
BWG-SIM-001,Baghewala-style representative,2,2026-02-20T03:00:00,production,21.893,19.093,106,32.6,38,50,584,48.0,14.371,34.784,23.05,15.0,6.29,1.514,50.912,58.0,23.473,35,GOOD,SYNTHETIC,26120
BWG-SIM-001,Baghewala-style representative,2,2026-02-20T04:00:00,production,22.36,19.56,106,32.6,38,50,584,48.0,13.993,36.634,24.744,15.0,6.348,1.513,52.717,54.921,23.42,28,GOOD,SYNTHETIC,26120
BWG-SIM-001,Baghewala-style representative,2,2026-02-20T05:00:00,production,22.038,19.238,106,32.6,38,50,584,48.0,14.038,35.743,24.651,15.0,6.162,1.513,54.048,57.46,23.198,32,GOOD,SYNTHETIC,26120
BWG-SIM-001,Baghewala-style representative,2,2026-02-20T06:00:00,production,22.433,19.633,106,32.6,38,50,584,48.0,14.304,35.53,24.977,15.0,6.231,1.512,52.592,54.474,22.808,27,GOOD,SYNTHETIC,26120
BWG-SIM-001,Baghewala-style representative,2,2026-02-20T07:00:00,production,22.236,19.436,106,32.6,38,50,584,48.0,14.209,36.529,25.976,15.0,6.181,1.512,54.44,55.05,22.853,27,GOOD,SYNTHETIC,26120
BWG-SIM-001,Baghewala-style representative,2,2026-02-20T08:00:00,production,22.283,19.483,106,32.6,38,50,584,48.0,14.116,36.884,26.548,15.0,6.209,1.511,55.719,56.233,23.458,29,GOOD,SYNTHETIC,26120
BWG-SIM-001,Baghewala-style representative,2,2026-02-20T09:00:00,production,22.312,19.512,106,32.6,38,50,584,48.0,14.037,35.962,22.717,15.0,6.233,1.511,52.437,56.545,23.074,31,GOOD,SYNTHETIC,26120
BWG-SIM-001,Baghewala-style representative,2,2026-02-20T10:00:00,production,22.29,19.49,106,32.6,38,50,584,48.0,14.187,35.724,25.78,15.0,6.225,1.51,53.139,55.333,22.999,28,GOOD,SYNTHETIC,26120
BWG-SIM-001,Baghewala-style representative,2,2026-02-20T11:00:00,production,22.1,19.3,106,32.6,38,50,584,48.0,14.179,36.494,25.581,15.0,6.127,1.51,53.828,53.197,22.39,24,GOOD,SYNTHETIC,26120
BWG-SIM-001,Baghewala-style representative,2,2026-02-20T12:00:00,production,22.169,19.369,106,32.6,38,50,584,48.0,14.2,36.786,24.231,15.0,6.011,1.51,56.313,57.018,23.29,30,GOOD,SYNTHETIC,26120
BWG-SIM-001,Baghewala-style representative,2,2026-02-20T13:00:00,production,22.581,19.781,106,32.6,38,50,584,48.0,14.473,35.302,23.712,15.0,6.072,1.51,52.012,56.348,22.892,31,GOOD,SYNTHETIC,26120
BWG-SIM-001,Baghewala-style representative,2,2026-02-20T14:00:00,production,22.404,19.604,106,32.6,38,50,584,48.0,14.125,36.4,24.786,15.0,6.312,1.51,53.781,55.704,23.371,29,GOOD,SYNTHETIC,26120
BWG-SIM-001,Baghewala-style representative,2,2026-02-20T15:00:00,production,22.33,19.53,106,32.6,38,50,584,48.0,14.362,34.999,24.872,15.0,6.159,1.51,52.139,56.387,23.286,31,GOOD,SYNTHETIC,26120
BWG-SIM-001,Baghewala-style representative,2,2026-02-20T16:00:00,production,22.455,19.655,106,32.6,38,50,584,48.0,13.982,37.006,25.972,15.0,6.21,1.51,53.07,56.554,23.078,31,GOOD,SYNTHETIC,26120
BWG-SIM-001,Baghewala-style representative,2,2026-02-20T17:00:00,production,22.35,19.55,106,32.6,38,50,584,48.0,14.235,36.455,26.577,15.0,6.205,1.51,53.493,55.564,22.722,29,GOOD,SYNTHETIC,26120
BWG-SIM-001,Baghewala-style representative,2,2026-02-20T18:00:00,production,22.549,19.749,106,32.6,38,50,584,48.0,14.19,37.939,27.075,15.0,6.16,1.511,55.067,56.842,23.172,31,GOOD,SYNTHETIC,26120
BWG-SIM-001,Baghewala-style representative,2,2026-02-20T19:00:00,production,22.493,19.693,106,32.6,38,50,584,48.0,14.247,36.625,24.672,15.0,6.017,1.511,54.94,53.587,22.9,24,GOOD,SYNTHETIC,26120
BWG-SIM-001,Baghewala-style representative,2,2026-02-20T20:00:00,production,22.497,19.697,106,32.6,38,50,584,48.0,14.239,35.825,24.136,15.0,6.221,1.512,52.936,56.64,23.292,31,GOOD,SYNTHETIC,26120
BWG-SIM-001,Baghewala-style representative,2,2026-02-20T21:00:00,production,22.403,19.603,106,32.6,38,50,584,48.0,14.07,36.007,26.121,15.0,6.259,1.512,52.577,55.006,23.16,28,GOOD,SYNTHETIC,26120
BWG-SIM-001,Baghewala-style representative,2,2026-02-20T22:00:00,production,22.584,19.784,106,32.6,38,50,584,48.0,14.118,35.689,23.95,15.0,6.237,1.513,50.964,56.616,23.207,32,GOOD,SYNTHETIC,26120
BWG-SIM-001,Baghewala-style representative,2,2026-02-20T23:00:00,production,22.398,19.598,106,32.6,38,50,584,48.0,14.269,34.55,22.85,15.0,6.109,1.513,51.719,57.106,23.172,33,GOOD,SYNTHETIC,26120
BWG-SIM-001,Baghewala-style representative,2,2026-02-21T00:00:00,production,22.531,19.731,106,32.6,38,50,584,48.0,14.528,35.438,24.742,15.0,6.114,1.514,54.176,58.0,23.737,33,GOOD,SYNTHETIC,26120
BWG-SIM-001,Baghewala-style representative,2,2026-02-21T01:00:00,production,22.733,19.933,106,32.6,38,50,584,48.0,14.389,35.714,25.356,15.0,6.146,1.515,54.046,55.13,23.085,28,GOOD,SYNTHETIC,26120
BWG-SIM-001,Baghewala-style representative,2,2026-02-21T02:00:00,production,22.62,19.82,106,32.6,38,50,584,48.0,13.998,36.032,24.035,15.0,6.284,1.516,52.601,55.651,23.21,29,GOOD,SYNTHETIC,26120
BWG-SIM-001,Baghewala-style representative,2,2026-02-21T03:00:00,production,22.567,19.767,106,32.6,38,50,584,48.0,14.102,36.418,25.057,15.0,6.323,1.517,54.323,54.69,23.347,27,GOOD,SYNTHETIC,26120
BWG-SIM-001,Baghewala-style representative,2,2026-02-21T04:00:00,production,22.63,19.83,106,32.6,38,50,584,48.0,14.245,36.335,25.148,15.0,6.338,1.518,52.341,56.521,23.539,31,GOOD,SYNTHETIC,26120
BWG-SIM-001,Baghewala-style representative,2,2026-02-21T05:00:00,production,22.558,19.758,106,32.6,38,50,584,48.0,14.275,36.915,26.437,15.0,6.294,1.519,52.634,55.911,23.297,30,GOOD,SYNTHETIC,26120
BWG-SIM-001,Baghewala-style representative,2,2026-02-21T06:00:00,production,22.654,19.854,106,32.6,38,50,584,48.0,14.036,36.073,23.866,15.0,6.194,1.52,54.384,53.323,22.872,24,GOOD,SYNTHETIC,26120
BWG-SIM-001,Baghewala-style representative,2,2026-02-21T07:00:00,production,22.612,19.812,106,32.6,38,50,584,48.0,14.084,36.639,25.279,15.0,6.231,1.521,50.358,57.097,23.5,33,GOOD,SYNTHETIC,26120
BWG-SIM-001,Baghewala-style representative,2,2026-02-21T08:00:00,production,22.565,19.765,106,32.6,38,50,584,48.0,13.928,35.113,23.897,15.0,6.206,1.522,52.724,57.65,23.256,33,GOOD,SYNTHETIC,26120
BWG-SIM-001,Baghewala-style representative,2,2026-02-21T09:00:00,production,22.779,19.979,106,32.6,38,50,584,48.0,14.294,36.298,24.547,15.0,6.272,1.524,52.814,55.525,23.561,29,GOOD,SYNTHETIC,26120
BWG-SIM-001,Baghewala-style representative,2,2026-02-21T10:00:00,production,22.344,19.544,106,32.6,38,50,584,48.0,14.098,35.877,25.531,15.0,6.292,1.525,52.4,55.143,23.286,28,GOOD,SYNTHETIC,26120
BWG-SIM-001,Baghewala-style representative,2,2026-02-21T11:00:00,production,22.532,19.732,106,32.6,38,50,584,48.0,14.006,37.149,25.401,15.0,6.306,1.526,49.796,57.7,23.225,35,GOOD,SYNTHETIC,26120
BWG-SIM-001,Baghewala-style representative,2,2026-02-21T12:00:00,production,22.883,20.083,106,32.6,38,50,584,48.0,14.304,36.952,25.267,15.0,6.237,1.528,54.114,55.35,23.452,28,GOOD,SYNTHETIC,26120
BWG-SIM-001,Baghewala-style representative,2,2026-02-21T13:00:00,production,22.604,19.804,106,32.6,38,50,584,48.0,14.471,35.859,23.276,15.0,6.273,1.529,49.52,55.918,23.145,31,GOOD,SYNTHETIC,26120
BWG-SIM-001,Baghewala-style representative,2,2026-02-21T14:00:00,production,22.751,19.951,106,32.6,38,50,584,48.0,14.191,35.993,24.798,15.0,6.41,1.531,51.829,58.0,23.592,34,GOOD,SYNTHETIC,26120
BWG-SIM-001,Baghewala-style representative,2,2026-02-21T15:00:00,production,22.743,19.943,106,32.6,38,50,584,48.0,14.367,36.58,23.674,15.0,6.354,1.532,51.345,56.551,23.451,32,GOOD,SYNTHETIC,26120
BWG-SIM-001,Baghewala-style representative,2,2026-02-21T16:00:00,production,22.523,19.723,106,32.6,38,50,584,48.0,14.197,35.288,23.724,15.0,6.405,1.534,50.153,57.038,23.708,33,GOOD,SYNTHETIC,26120
BWG-SIM-001,Baghewala-style representative,2,2026-02-21T17:00:00,production,22.774,19.974,106,32.6,38,50,584,48.0,14.199,35.895,24.574,15.0,6.488,1.535,49.692,57.871,23.717,35,GOOD,SYNTHETIC,26120
BWG-SIM-001,Baghewala-style representative,2,2026-02-21T18:00:00,production,22.89,20.09,106,32.6,38,50,584,48.0,14.002,35.596,24.328,15.0,6.496,1.537,48.326,57.621,23.259,35,GOOD,SYNTHETIC,26120
BWG-SIM-001,Baghewala-style representative,2,2026-02-21T19:00:00,production,22.546,19.746,106,32.6,38,50,584,48.0,14.412,36.007,24.956,15.0,6.478,1.539,50.572,58.0,23.829,35,GOOD,SYNTHETIC,26120
BWG-SIM-001,Baghewala-style representative,2,2026-02-21T20:00:00,production,22.566,19.766,106,32.6,38,50,584,48.0,14.449,36.166,24.705,15.0,6.613,1.54,48.467,58.0,23.865,36,GOOD,SYNTHETIC,26120
BWG-SIM-001,Baghewala-style representative,2,2026-02-21T21:00:00,production,22.573,19.773,106,32.6,38,50,584,48.0,14.134,36.262,25.074,15.0,6.566,1.542,50.922,57.874,23.781,34,GOOD,SYNTHETIC,26120
BWG-SIM-001,Baghewala-style representative,2,2026-02-21T22:00:00,production,22.817,20.017,106,32.6,38,50,584,48.0,13.991,35.999,24.554,15.0,6.584,1.544,50.843,56.479,23.551,32,GOOD,SYNTHETIC,26120
BWG-SIM-001,Baghewala-style representative,2,2026-02-21T23:00:00,production,22.612,19.812,106,32.6,38,50,584,48.0,14.033,36.693,24.613,15.0,6.59,1.546,48.941,57.963,23.846,36,GOOD,SYNTHETIC,26120
BWG-SIM-001,Baghewala-style representative,2,2026-02-22T00:00:00,production,22.825,20.025,106,32.6,38,50,584,48.0,14.404,36.477,24.275,15.0,6.794,1.547,48.475,55.421,23.635,31,GOOD,SYNTHETIC,26120
BWG-SIM-001,Baghewala-style representative,2,2026-02-22T01:00:00,production,22.633,19.833,106,32.6,38,50,584,48.0,14.144,36.122,24.843,15.0,6.619,1.549,50.696,55.538,23.745,30,GOOD,SYNTHETIC,26120
BWG-SIM-001,Baghewala-style representative,2,2026-02-22T02:00:00,production,22.796,19.996,106,32.6,38,50,584,48.0,14.059,35.358,23.897,15.0,6.71,1.551,46.693,58.0,24.0,37,GOOD,SYNTHETIC,26120
BWG-SIM-001,Baghewala-style representative,2,2026-02-22T03:00:00,production,22.615,19.815,106,32.6,38,50,584,48.0,14.248,35.786,23.909,15.0,6.713,1.553,49.677,56.802,23.583,33,GOOD,SYNTHETIC,26120
BWG-SIM-001,Baghewala-style representative,2,2026-02-22T04:00:00,production,22.768,19.968,106,32.6,38,50,584,48.0,14.342,36.223,23.913,15.0,6.824,1.554,47.295,57.237,23.948,35,GOOD,SYNTHETIC,26120
BWG-SIM-001,Baghewala-style representative,2,2026-02-22T05:00:00,production,22.711,19.911,106,32.6,38,50,584,48.0,14.252,36.187,23.525,15.0,6.826,1.556,44.802,56.791,24.0,35,GOOD,SYNTHETIC,26120
BWG-SIM-001,Baghewala-style representative,2,2026-02-22T06:00:00,production,22.632,19.832,106,32.6,38,50,584,48.0,14.358,35.75,24.805,15.0,6.696,1.558,49.763,58.0,23.926,35,GOOD,SYNTHETIC,26120
BWG-SIM-001,Baghewala-style representative,2,2026-02-22T07:00:00,production,22.772,19.972,106,32.6,38,50,584,48.0,14.204,37.241,24.376,15.0,6.656,1.559,47.884,57.079,23.552,34,GOOD,SYNTHETIC,26120
BWG-SIM-001,Baghewala-style representative,2,2026-02-22T08:00:00,production,22.785,19.985,106,32.6,38,50,584,48.0,14.174,35.516,23.743,15.0,6.903,1.561,46.879,57.476,23.86,35,GOOD,SYNTHETIC,26120
BWG-SIM-001,Baghewala-style representative,2,2026-02-22T09:00:00,production,22.585,19.785,106,32.6,38,50,584,48.0,14.117,36.44,25.334,15.0,6.827,1.563,48.208,58.0,23.854,36,GOOD,SYNTHETIC,26120
BWG-SIM-001,Baghewala-style representative,2,2026-02-22T10:00:00,production,22.786,19.986,106,32.6,38,50,584,48.0,14.336,35.938,24.355,15.0,6.914,1.564,44.05,58.0,23.795,38,GOOD,SYNTHETIC,26120
BWG-SIM-001,Baghewala-style representative,2,2026-02-22T11:00:00,production,22.739,19.939,106,32.6,38,50,584,48.0,14.363,36.555,24.293,15.0,6.656,1.566,46.675,57.566,23.463,36,GOOD,SYNTHETIC,26120
BWG-SIM-001,Baghewala-style representative,2,2026-02-22T12:00:00,production,22.633,19.833,106,32.6,38,50,584,48.0,14.625,34.167,22.32,15.0,6.836,1.568,44.105,58.0,24.0,38,GOOD,SYNTHETIC,26120
BWG-SIM-001,Baghewala-style representative,2,2026-02-22T13:00:00,production,22.639,19.839,106,32.6,38,50,584,48.0,14.26,36.46,24.981,15.0,6.813,1.569,48.522,58.0,24.0,36,GOOD,SYNTHETIC,26120
BWG-SIM-001,Baghewala-style representative,2,2026-02-22T14:00:00,production,22.468,19.668,106,32.6,38,50,584,48.0,14.151,35.791,22.92,15.0,6.751,1.571,47.033,58.0,24.0,36,GOOD,SYNTHETIC,26120
BWG-SIM-001,Baghewala-style representative,2,2026-02-22T15:00:00,production,22.493,19.693,106,32.6,38,50,584,48.0,14.101,35.409,24.249,15.0,6.766,1.572,47.441,57.432,23.188,35,GOOD,SYNTHETIC,26120
BWG-SIM-001,Baghewala-style representative,2,2026-02-22T16:00:00,production,22.319,19.519,106,32.6,38,50,584,48.0,14.395,34.489,22.003,15.0,6.76,1.574,47.725,56.651,23.655,33,GOOD,SYNTHETIC,26120
BWG-SIM-001,Baghewala-style representative,2,2026-02-22T17:00:00,production,22.562,19.762,106,32.6,38,50,584,48.0,14.31,36.035,22.693,15.0,6.856,1.575,49.0,58.0,23.924,36,GOOD,SYNTHETIC,26120
BWG-SIM-001,Baghewala-style representative,2,2026-02-22T18:00:00,production,22.56,19.76,106,32.6,38,50,584,48.0,14.359,36.227,24.099,15.0,6.827,1.576,47.14,58.0,24.0,36,GOOD,SYNTHETIC,26120
BWG-SIM-001,Baghewala-style representative,2,2026-02-22T19:00:00,production,22.529,19.729,106,32.6,38,50,584,48.0,14.084,36.053,25.842,15.0,6.729,1.578,47.212,58.0,24.0,36,GOOD,SYNTHETIC,26120
BWG-SIM-001,Baghewala-style representative,2,2026-02-22T20:00:00,production,22.52,19.72,106,32.6,38,50,584,48.0,14.283,35.908,23.529,15.0,6.95,1.579,47.236,58.0,24.0,36,GOOD,SYNTHETIC,26120
BWG-SIM-001,Baghewala-style representative,2,2026-02-22T21:00:00,production,22.582,19.782,106,32.6,38,50,584,48.0,14.152,35.934,23.24,15.0,6.729,1.58,44.866,56.984,23.729,35,GOOD,SYNTHETIC,26120
BWG-SIM-001,Baghewala-style representative,2,2026-02-22T22:00:00,production,22.319,19.519,106,32.6,38,50,584,48.0,14.28,35.829,23.207,15.0,6.913,1.581,45.268,58.0,23.813,37,GOOD,SYNTHETIC,26120
BWG-SIM-001,Baghewala-style representative,2,2026-02-22T23:00:00,production,22.701,19.901,106,32.6,38,50,584,48.0,14.172,36.388,24.285,15.0,6.916,1.582,45.118,58.0,23.825,37,GOOD,SYNTHETIC,26120
BWG-SIM-001,Baghewala-style representative,2,2026-02-23T00:00:00,production,22.583,19.783,106,32.6,38,50,584,48.0,14.276,36.056,25.105,15.0,6.756,1.583,44.964,58.0,24.0,37,GOOD,SYNTHETIC,26120
BWG-SIM-001,Baghewala-style representative,2,2026-02-23T01:00:00,production,22.353,19.553,106,32.6,38,50,584,48.0,14.118,36.797,25.06,15.0,6.992,1.584,46.318,58.0,23.654,37,GOOD,SYNTHETIC,26120
BWG-SIM-001,Baghewala-style representative,2,2026-02-23T02:00:00,production,22.411,19.611,106,32.6,38,50,584,48.0,14.376,36.31,22.515,15.0,6.829,1.585,43.983,57.658,23.762,37,GOOD,SYNTHETIC,26120
BWG-SIM-001,Baghewala-style representative,2,2026-02-23T03:00:00,production,22.436,19.636,106,32.6,38,50,584,48.0,14.173,35.553,24.248,15.0,6.688,1.586,50.052,57.365,23.68,34,GOOD,SYNTHETIC,26120
BWG-SIM-001,Baghewala-style representative,2,2026-02-23T04:00:00,production,22.243,19.443,106,32.6,38,50,584,48.0,14.432,35.26,23.574,15.0,6.857,1.587,47.049,58.0,23.914,36,GOOD,SYNTHETIC,26120
BWG-SIM-001,Baghewala-style representative,2,2026-02-23T05:00:00,production,22.477,19.677,106,32.6,38,50,584,48.0,14.002,36.313,24.915,15.0,6.659,1.587,47.041,57.235,23.896,35,GOOD,SYNTHETIC,26120
BWG-SIM-001,Baghewala-style representative,2,2026-02-23T06:00:00,production,22.357,19.557,106,32.6,38,50,584,48.0,14.213,36.941,24.897,15.0,6.777,1.588,45.935,58.0,23.818,37,GOOD,SYNTHETIC,26120
BWG-SIM-001,Baghewala-style representative,2,2026-02-23T07:00:00,production,22.405,19.605,106,32.6,38,50,584,48.0,14.378,35.988,23.771,15.0,6.776,1.588,48.192,58.0,23.765,36,GOOD,SYNTHETIC,26120
BWG-SIM-001,Baghewala-style representative,2,2026-02-23T08:00:00,production,22.328,19.528,106,32.6,38,50,584,48.0,14.53,36.588,24.204,15.0,6.787,1.589,44.259,58.0,23.432,38,GOOD,SYNTHETIC,26120
BWG-SIM-001,Baghewala-style representative,2,2026-02-23T09:00:00,production,22.245,19.445,106,32.6,38,50,584,48.0,14.253,34.804,22.668,15.0,6.82,1.589,42.928,58.0,23.425,38,GOOD,SYNTHETIC,26120
BWG-SIM-001,Baghewala-style representative,2,2026-02-23T10:00:00,production,22.048,19.248,106,32.6,38,50,584,48.0,14.475,35.458,23.671,15.0,6.774,1.589,44.022,58.0,24.0,38,GOOD,SYNTHETIC,26120
BWG-SIM-001,Baghewala-style representative,2,2026-02-23T11:00:00,production,22.209,19.409,106,32.6,38,50,584,48.0,14.558,36.008,24.422,15.0,6.731,1.59,47.676,58.0,24.0,36,GOOD,SYNTHETIC,26120
BWG-SIM-001,Baghewala-style representative,2,2026-02-23T12:00:00,production,22.225,19.425,106,32.6,38,50,584,48.0,14.123,36.568,25.166,15.0,6.796,1.59,48.164,58.0,23.705,36,GOOD,SYNTHETIC,26120
BWG-SIM-001,Baghewala-style representative,2,2026-02-23T13:00:00,production,22.01,19.21,106,32.6,38,50,584,48.0,14.037,36.696,23.679,15.0,6.652,1.59,46.968,57.369,23.825,35,GOOD,SYNTHETIC,26120
BWG-SIM-001,Baghewala-style representative,2,2026-02-23T14:00:00,production,22.222,19.422,106,32.6,38,50,584,48.0,14.106,35.487,23.43,15.0,6.656,1.59,46.187,56.992,23.462,35,GOOD,SYNTHETIC,26120
BWG-SIM-001,Baghewala-style representative,2,2026-02-23T15:00:00,production,22.063,19.263,106,32.6,38,50,584,48.0,14.296,35.464,23.666,15.0,6.645,1.59,47.129,57.862,24.0,36,GOOD,SYNTHETIC,26120
BWG-SIM-001,Baghewala-style representative,2,2026-02-23T16:00:00,production,21.895,19.095,106,32.6,38,50,584,48.0,14.464,36.099,23.074,15.0,6.692,1.59,48.665,58.0,23.268,36,GOOD,SYNTHETIC,26120
BWG-SIM-001,Baghewala-style representative,2,2026-02-23T17:00:00,production,22.173,19.373,106,32.6,38,50,584,48.0,14.035,35.969,23.988,15.0,6.656,1.59,47.294,56.649,23.588,34,GOOD,SYNTHETIC,26120
BWG-SIM-001,Baghewala-style representative,2,2026-02-23T18:00:00,production,22.066,19.266,106,32.6,38,50,584,48.0,14.059,35.333,23.753,15.0,6.587,1.589,48.162,57.456,23.698,35,GOOD,SYNTHETIC,26120
BWG-SIM-001,Baghewala-style representative,2,2026-02-23T19:00:00,production,22.073,19.273,106,32.6,38,50,584,48.0,14.535,35.223,24.337,15.0,6.673,1.589,45.748,58.0,24.0,37,GOOD,SYNTHETIC,26120
BWG-SIM-001,Baghewala-style representative,2,2026-02-23T20:00:00,production,21.815,19.015,106,32.6,38,50,584,48.0,14.566,35.657,23.929,15.0,6.674,1.588,48.895,56.789,23.609,33,GOOD,SYNTHETIC,26120
BWG-SIM-001,Baghewala-style representative,2,2026-02-23T21:00:00,production,21.981,19.181,106,32.6,38,50,584,48.0,14.273,35.399,22.422,15.0,6.694,1.588,45.212,58.0,23.917,37,GOOD,SYNTHETIC,26120
BWG-SIM-001,Baghewala-style representative,2,2026-02-23T22:00:00,production,21.888,19.088,106,32.6,38,50,584,48.0,14.129,35.793,23.738,15.0,6.652,1.587,45.937,58.0,23.736,37,GOOD,SYNTHETIC,26120
BWG-SIM-001,Baghewala-style representative,2,2026-02-23T23:00:00,production,21.721,18.921,106,32.6,38,50,584,48.0,14.015,35.459,23.688,15.0,6.631,1.587,49.197,55.231,23.51,30,GOOD,SYNTHETIC,26120
BWG-SIM-001,Baghewala-style representative,2,2026-02-24T00:00:00,production,21.763,18.963,106,32.6,38,50,584,48.0,14.398,34.468,22.89,15.0,6.521,1.586,47.556,58.0,23.188,36,GOOD,SYNTHETIC,26120
BWG-SIM-001,Baghewala-style representative,2,2026-02-24T01:00:00,production,21.622,18.822,106,32.6,38,50,584,48.0,14.163,34.727,22.888,15.0,6.404,1.585,47.243,57.43,23.371,35,GOOD,SYNTHETIC,26120
BWG-SIM-001,Baghewala-style representative,2,2026-02-24T02:00:00,production,21.672,18.872,106,32.6,38,50,584,48.0,14.142,36.132,23.965,15.0,6.495,1.584,48.722,57.341,23.291,34,GOOD,SYNTHETIC,26120
BWG-SIM-001,Baghewala-style representative,2,2026-02-24T03:00:00,production,21.638,18.838,106,32.6,38,50,584,48.0,14.205,36.29,24.36,15.0,6.438,1.583,48.374,56.93,23.578,34,GOOD,SYNTHETIC,26120
BWG-SIM-001,Baghewala-style representative,2,2026-02-24T04:00:00,production,21.797,18.997,106,32.6,38,50,584,48.0,14.355,34.652,24.334,15.0,6.352,1.582,48.322,55.595,23.305,31,GOOD,SYNTHETIC,26120
BWG-SIM-001,Baghewala-style representative,2,2026-02-24T05:00:00,production,21.58,18.78,106,32.6,38,50,584,48.0,14.26,35.99,23.491,15.0,6.387,1.581,48.733,58.0,23.261,36,GOOD,SYNTHETIC,26120
BWG-SIM-001,Baghewala-style representative,2,2026-02-24T06:00:00,production,21.469,18.669,106,32.6,38,50,584,48.0,14.594,35.127,23.236,15.0,6.416,1.58,47.891,58.0,23.245,36,GOOD,SYNTHETIC,26120
BWG-SIM-001,Baghewala-style representative,2,2026-02-24T07:00:00,production,21.532,18.732,106,32.6,38,50,584,48.0,14.352,35.417,24.245,15.0,6.491,1.579,49.235,58.0,23.734,35,GOOD,SYNTHETIC,26120
BWG-SIM-001,Baghewala-style representative,2,2026-02-24T08:00:00,production,21.531,18.731,106,32.6,38,50,584,48.0,14.384,34.855,24.105,15.0,6.429,1.578,51.989,58.0,23.257,34,GOOD,SYNTHETIC,26120
BWG-SIM-001,Baghewala-style representative,2,2026-02-24T09:00:00,production,21.292,18.492,106,32.6,38,50,584,48.0,14.129,34.473,23.291,15.0,6.374,1.577,46.478,57.693,23.496,36,GOOD,SYNTHETIC,26120
BWG-SIM-001,Baghewala-style representative,2,2026-02-24T10:00:00,production,21.44,18.64,106,32.6,38,50,584,48.0,14.3,35.755,25.017,15.0,6.359,1.575,49.774,55.074,23.225,29,GOOD,SYNTHETIC,26120
BWG-SIM-001,Baghewala-style representative,2,2026-02-24T11:00:00,production,21.44,18.64,106,32.6,38,50,584,48.0,14.377,34.511,22.878,15.0,6.188,1.574,48.138,57.099,22.97,34,GOOD,SYNTHETIC,26120
BWG-SIM-001,Baghewala-style representative,2,2026-02-24T12:00:00,production,21.572,18.772,106,32.6,38,50,584,48.0,14.168,35.587,24.025,15.0,6.289,1.573,51.907,56.322,23.116,31,GOOD,SYNTHETIC,26120
BWG-SIM-001,Baghewala-style representative,2,2026-02-24T13:00:00,production,21.473,18.673,106,32.6,38,50,584,48.0,14.237,34.086,22.431,15.0,6.287,1.571,47.103,58.0,23.463,36,GOOD,SYNTHETIC,26120
BWG-SIM-001,Baghewala-style representative,2,2026-02-24T14:00:00,production,21.336,18.536,106,32.6,38,50,584,48.0,14.353,35.47,23.954,15.0,6.411,1.57,46.216,58.0,22.928,37,GOOD,SYNTHETIC,26120
BWG-SIM-001,Baghewala-style representative,2,2026-02-24T15:00:00,production,21.444,18.644,106,32.6,38,50,584,48.0,14.344,34.571,22.797,15.0,6.273,1.568,50.117,58.0,23.241,35,GOOD,SYNTHETIC,26120
BWG-SIM-001,Baghewala-style representative,2,2026-02-24T16:00:00,production,21.205,18.405,106,32.6,38,50,584,48.0,14.088,35.135,23.129,15.0,6.235,1.567,49.673,56.415,22.925,32,GOOD,SYNTHETIC,26120
BWG-SIM-001,Baghewala-style representative,2,2026-02-24T17:00:00,production,21.403,18.603,106,32.6,38,50,584,48.0,14.398,34.933,22.763,15.0,6.261,1.565,46.696,56.774,23.211,34,GOOD,SYNTHETIC,26120
BWG-SIM-001,Baghewala-style representative,2,2026-02-24T18:00:00,production,21.35,18.55,106,32.6,38,50,584,48.0,14.235,35.07,24.258,15.0,6.315,1.563,50.632,56.816,23.67,32,GOOD,SYNTHETIC,26120
BWG-SIM-001,Baghewala-style representative,2,2026-02-24T19:00:00,production,21.191,18.391,106,32.6,38,50,584,48.0,14.234,34.603,23.219,15.0,6.184,1.562,49.159,56.284,23.615,32,GOOD,SYNTHETIC,26120
BWG-SIM-001,Baghewala-style representative,2,2026-02-24T20:00:00,production,21.077,18.277,106,32.6,38,50,584,48.0,14.217,34.604,22.22,15.0,6.11,1.56,47.328,56.321,23.059,33,GOOD,SYNTHETIC,26120
BWG-SIM-001,Baghewala-style representative,2,2026-02-24T21:00:00,production,21.196,18.396,106,32.6,38,50,584,48.0,14.206,35.124,23.42,15.0,6.338,1.558,49.538,58.0,23.665,35,GOOD,SYNTHETIC,26120
BWG-SIM-001,Baghewala-style representative,2,2026-02-24T22:00:00,production,21.187,18.387,106,32.6,38,50,584,48.0,14.293,34.652,22.643,15.0,6.133,1.557,53.025,55.235,23.275,28,GOOD,SYNTHETIC,26120
BWG-SIM-001,Baghewala-style representative,2,2026-02-24T23:00:00,production,21.119,18.319,106,32.6,38,50,584,48.0,14.289,34.982,24.793,15.0,6.109,1.555,49.434,56.929,23.459,33,GOOD,SYNTHETIC,26120
BWG-SIM-001,Baghewala-style representative,2,2026-02-25T00:00:00,production,21.152,18.352,106,32.6,38,50,584,48.0,13.962,35.571,24.435,15.0,6.231,1.553,52.272,55.771,23.025,30,GOOD,SYNTHETIC,26120
BWG-SIM-001,Baghewala-style representative,2,2026-02-25T01:00:00,production,21.074,18.274,106,32.6,38,50,584,48.0,14.099,35.651,24.943,15.0,6.185,1.551,52.344,56.812,23.366,32,GOOD,SYNTHETIC,26120
BWG-SIM-001,Baghewala-style representative,2,2026-02-25T02:00:00,production,21.135,18.335,106,32.6,38,50,584,48.0,14.22,34.11,22.914,15.0,6.182,1.55,49.637,54.105,22.728,27,GOOD,SYNTHETIC,26120
BWG-SIM-001,Baghewala-style representative,2,2026-02-25T03:00:00,production,20.817,18.017,106,32.6,38,50,584,48.0,14.376,33.029,21.547,15.0,6.171,1.548,49.489,56.217,23.632,32,GOOD,SYNTHETIC,26120
BWG-SIM-001,Baghewala-style representative,2,2026-02-25T04:00:00,production,20.909,18.109,106,32.6,38,50,584,48.0,14.333,34.432,23.587,15.0,6.062,1.546,49.876,57.63,23.204,34,GOOD,SYNTHETIC,26120
BWG-SIM-001,Baghewala-style representative,2,2026-02-25T05:00:00,production,20.701,17.901,106,32.6,38,50,584,48.0,14.296,34.675,23.793,15.0,6.192,1.544,48.788,57.653,23.676,35,GOOD,SYNTHETIC,26120
BWG-SIM-001,Baghewala-style representative,2,2026-02-25T06:00:00,production,20.757,17.957,106,32.6,38,50,584,48.0,14.582,34.134,23.087,15.0,6.162,1.543,51.277,55.945,22.55,30,GOOD,SYNTHETIC,26120
BWG-SIM-001,Baghewala-style representative,2,2026-02-25T07:00:00,production,20.867,18.067,106,32.6,38,50,584,48.0,14.333,34.97,24.472,15.0,6.216,1.541,52.212,55.805,22.94,30,GOOD,SYNTHETIC,26120
BWG-SIM-001,Baghewala-style representative,2,2026-02-25T08:00:00,production,20.866,18.066,106,32.6,38,50,584,48.0,14.114,34.511,23.668,15.0,6.263,1.539,50.677,58.0,23.215,35,GOOD,SYNTHETIC,26120
BWG-SIM-001,Baghewala-style representative,2,2026-02-25T09:00:00,production,20.762,17.962,106,32.6,38,50,584,48.0,14.236,34.668,23.474,15.0,6.165,1.538,52.688,55.986,23.041,30,GOOD,SYNTHETIC,26120
BWG-SIM-001,Baghewala-style representative,2,2026-02-25T10:00:00,production,20.743,17.943,106,32.6,38,50,584,48.0,14.465,34.123,22.017,15.0,6.265,1.536,49.924,56.314,23.324,32,GOOD,SYNTHETIC,26120
BWG-SIM-001,Baghewala-style representative,2,2026-02-25T11:00:00,production,20.686,17.886,106,32.6,38,50,584,48.0,14.4,34.635,24.17,15.0,6.138,1.534,52.359,55.42,22.928,29,GOOD,SYNTHETIC,26120
BWG-SIM-001,Baghewala-style representative,2,2026-02-25T12:00:00,production,20.891,18.091,106,32.6,38,50,584,48.0,14.19,35.526,24.701,15.0,6.108,1.533,52.83,58.0,23.542,34,GOOD,SYNTHETIC,26120
BWG-SIM-001,Baghewala-style representative,2,2026-02-25T13:00:00,production,21.156,18.356,106,32.6,38,50,584,48.0,14.001,35.334,23.704,15.0,6.252,1.531,52.015,56.692,23.669,32,GOOD,SYNTHETIC,26120
BWG-SIM-001,Baghewala-style representative,2,2026-02-25T14:00:00,production,20.574,17.774,106,32.6,38,50,584,48.0,13.992,35.219,24.396,15.0,6.331,1.53,50.121,57.57,23.236,34,GOOD,SYNTHETIC,26120
BWG-SIM-001,Baghewala-style representative,2,2026-02-25T15:00:00,production,21.028,18.228,106,32.6,38,50,584,48.0,14.291,34.642,24.95,15.0,6.229,1.528,51.172,53.45,23.093,25,GOOD,SYNTHETIC,26120
BWG-SIM-001,Baghewala-style representative,2,2026-02-25T16:00:00,production,20.728,17.928,106,32.6,38,50,584,48.0,14.239,34.341,22.475,15.0,6.271,1.527,51.195,58.0,23.564,35,GOOD,SYNTHETIC,26120
BWG-SIM-001,Baghewala-style representative,2,2026-02-25T17:00:00,production,20.848,18.048,106,32.6,38,50,584,48.0,13.982,34.707,24.29,15.0,6.268,1.525,51.403,55.905,23.568,30,GOOD,SYNTHETIC,26120
BWG-SIM-001,Baghewala-style representative,2,2026-02-25T18:00:00,production,20.61,17.81,106,32.6,38,50,584,48.0,14.247,35.743,23.652,15.0,6.343,1.524,48.398,55.753,23.152,31,GOOD,SYNTHETIC,26120
BWG-SIM-001,Baghewala-style representative,2,2026-02-25T19:00:00,production,20.586,17.786,106,32.6,38,50,584,48.0,14.328,34.061,23.5,15.0,6.335,1.523,50.147,55.598,23.24,30,GOOD,SYNTHETIC,26120
BWG-SIM-001,Baghewala-style representative,2,2026-02-25T20:00:00,production,20.648,17.848,106,32.6,38,50,584,48.0,14.326,34.958,23.221,15.0,6.351,1.522,51.676,54.488,22.883,27,GOOD,SYNTHETIC,26120
BWG-SIM-001,Baghewala-style representative,2,2026-02-25T21:00:00,production,20.623,17.823,106,32.6,38,50,584,48.0,14.296,34.93,22.705,15.0,6.374,1.52,47.807,58.0,23.249,36,GOOD,SYNTHETIC,26120
BWG-SIM-001,Baghewala-style representative,2,2026-02-25T22:00:00,production,20.675,17.875,106,32.6,38,50,584,48.0,13.935,35.32,24.145,15.0,6.186,1.519,51.103,58.0,23.054,35,GOOD,SYNTHETIC,26120
BWG-SIM-001,Baghewala-style representative,2,2026-02-25T23:00:00,production,20.536,17.736,106,32.6,38,50,584,48.0,14.553,34.463,23.235,15.0,6.473,1.518,47.908,57.94,23.367,36,GOOD,SYNTHETIC,26120
BWG-SIM-001,Baghewala-style representative,2,2026-02-26T00:00:00,production,20.721,17.921,106,32.6,38,50,584,48.0,14.077,35.074,24.566,15.0,6.511,1.517,50.932,56.87,23.353,32,GOOD,SYNTHETIC,26120
BWG-SIM-001,Baghewala-style representative,2,2026-02-26T01:00:00,production,20.507,17.707,106,32.6,38,50,584,48.0,14.101,33.85,21.782,15.0,6.511,1.516,45.414,55.591,23.32,32,GOOD,SYNTHETIC,26120
BWG-SIM-001,Baghewala-style representative,2,2026-02-26T02:00:00,production,20.607,17.807,106,32.6,38,50,584,48.0,14.253,35.034,23.466,15.0,6.414,1.515,50.787,57.162,23.614,33,GOOD,SYNTHETIC,26120
BWG-SIM-001,Baghewala-style representative,2,2026-02-26T03:00:00,production,20.719,17.919,106,32.6,38,50,584,48.0,14.074,34.539,22.899,15.0,6.432,1.514,49.069,56.741,23.049,33,GOOD,SYNTHETIC,26120
BWG-SIM-001,Baghewala-style representative,2,2026-02-26T04:00:00,production,20.572,17.772,106,32.6,38,50,584,48.0,14.422,34.829,24.01,15.0,6.341,1.514,48.333,57.041,23.183,34,GOOD,SYNTHETIC,26120
BWG-SIM-001,Baghewala-style representative,2,2026-02-26T05:00:00,production,20.602,17.802,106,32.6,38,50,584,48.0,14.36,34.384,23.148,15.0,6.309,1.513,51.943,55.934,23.354,30,GOOD,SYNTHETIC,26120
BWG-SIM-001,Baghewala-style representative,2,2026-02-26T06:00:00,production,20.319,17.519,106,32.6,38,50,584,48.0,14.233,34.767,21.968,15.0,6.438,1.512,46.76,58.0,23.614,37,GOOD,SYNTHETIC,26120
BWG-SIM-001,Baghewala-style representative,2,2026-02-26T07:00:00,production,20.58,17.78,106,32.6,38,50,584,48.0,14.321,34.849,23.166,15.0,6.488,1.512,49.741,58.0,23.403,35,GOOD,SYNTHETIC,26120
BWG-SIM-001,Baghewala-style representative,2,2026-02-26T08:00:00,production,20.554,17.754,106,32.6,38,50,584,48.0,14.077,34.477,24.154,15.0,6.54,1.511,46.479,57.545,23.874,36,GOOD,SYNTHETIC,26120
BWG-SIM-001,Baghewala-style representative,2,2026-02-26T09:00:00,production,20.231,17.431,106,32.6,38,50,584,48.0,13.965,34.753,23.062,15.0,6.605,1.511,48.268,57.967,23.925,36,GOOD,SYNTHETIC,26120
BWG-SIM-001,Baghewala-style representative,2,2026-02-26T10:00:00,production,20.451,17.651,106,32.6,38,50,584,48.0,14.352,33.969,22.658,15.0,6.488,1.511,49.497,57.788,23.476,35,GOOD,SYNTHETIC,26120
BWG-SIM-001,Baghewala-style representative,2,2026-02-26T11:00:00,production,20.475,17.675,106,32.6,38,50,584,48.0,14.227,33.617,22.439,15.0,6.56,1.51,47.781,56.579,23.56,33,GOOD,SYNTHETIC,26120
BWG-SIM-001,Baghewala-style representative,2,2026-02-26T12:00:00,production,20.722,17.922,106,32.6,38,50,584,48.0,14.359,35.239,24.047,15.0,6.497,1.51,50.16,58.0,23.626,35,GOOD,SYNTHETIC,26120
BWG-SIM-001,Baghewala-style representative,2,2026-02-26T13:00:00,production,20.516,17.716,106,32.6,38,50,584,48.0,14.216,34.67,22.275,15.0,6.663,1.51,49.066,57.616,23.562,35,GOOD,SYNTHETIC,26120
BWG-SIM-001,Baghewala-style representative,2,2026-02-26T14:00:00,production,20.65,17.85,106,32.6,38,50,584,48.0,14.68,34.799,23.697,15.0,6.7,1.51,45.912,57.885,24.0,37,GOOD,SYNTHETIC,26120
BWG-SIM-001,Baghewala-style representative,2,2026-02-26T15:00:00,production,20.528,17.728,106,32.6,38,50,584,48.0,14.243,35.2,24.459,15.0,6.64,1.51,49.067,58.0,23.91,36,GOOD,SYNTHETIC,26120
BWG-SIM-001,Baghewala-style representative,2,2026-02-26T16:00:00,production,20.691,17.891,106,32.6,38,50,584,48.0,14.133,34.534,23.348,15.0,6.611,1.51,47.968,58.0,23.318,36,GOOD,SYNTHETIC,26120
BWG-SIM-001,Baghewala-style representative,2,2026-02-26T17:00:00,production,20.388,17.588,106,32.6,38,50,584,48.0,14.275,34.145,21.783,15.0,6.664,1.51,45.117,58.0,23.865,37,GOOD,SYNTHETIC,26120
BWG-SIM-001,Baghewala-style representative,2,2026-02-26T18:00:00,production,20.516,17.716,106,32.6,38,50,584,48.0,14.537,34.322,22.617,15.0,6.722,1.511,46.915,58.0,24.0,36,GOOD,SYNTHETIC,26120
BWG-SIM-001,Baghewala-style representative,2,2026-02-26T19:00:00,production,20.535,17.735,106,32.6,38,50,584,48.0,14.22,34.495,23.196,15.0,6.656,1.511,45.737,58.0,23.076,37,GOOD,SYNTHETIC,26120
BWG-SIM-001,Baghewala-style representative,2,2026-02-26T20:00:00,production,20.611,17.811,106,32.6,38,50,584,48.0,14.449,34.773,23.872,15.0,6.726,1.511,48.356,57.974,24.0,36,GOOD,SYNTHETIC,26120
BWG-SIM-001,Baghewala-style representative,2,2026-02-26T21:00:00,production,20.306,17.506,106,32.6,38,50,584,48.0,14.318,34.328,22.615,15.0,6.775,1.512,45.482,58.0,23.953,37,GOOD,SYNTHETIC,26120
BWG-SIM-001,Baghewala-style representative,2,2026-02-26T22:00:00,production,20.462,17.662,106,32.6,38,50,584,48.0,14.194,34.922,22.986,15.0,6.792,1.512,45.517,58.0,24.0,37,GOOD,SYNTHETIC,26120
BWG-SIM-001,Baghewala-style representative,2,2026-02-26T23:00:00,production,20.476,17.676,106,32.6,38,50,584,48.0,14.215,33.855,23.439,15.0,6.695,1.513,47.159,57.711,23.369,36,GOOD,SYNTHETIC,26120
BWG-SIM-001,Baghewala-style representative,2,2026-02-27T00:00:00,production,20.586,17.786,106,32.6,38,50,584,48.0,14.479,34.595,24.08,15.0,6.762,1.514,45.334,58.0,23.776,37,GOOD,SYNTHETIC,26120
BWG-SIM-001,Baghewala-style representative,2,2026-02-27T01:00:00,production,20.4,17.6,106,32.6,38,50,584,48.0,14.181,34.25,21.259,15.0,6.751,1.515,49.77,58.0,23.521,35,GOOD,SYNTHETIC,26120
BWG-SIM-001,Baghewala-style representative,2,2026-02-27T02:00:00,production,20.546,17.746,106,32.6,38,50,584,48.0,14.159,34.377,24.384,15.0,6.691,1.515,48.49,56.51,23.82,33,GOOD,SYNTHETIC,26120
BWG-SIM-001,Baghewala-style representative,2,2026-02-27T03:00:00,production,20.439,17.639,106,32.6,38,50,584,48.0,14.146,34.826,23.252,15.0,6.832,1.516,46.342,58.0,24.0,37,GOOD,SYNTHETIC,26120
BWG-SIM-001,Baghewala-style representative,2,2026-02-27T04:00:00,production,20.446,17.646,106,32.6,38,50,584,48.0,14.389,33.613,22.193,15.0,6.818,1.517,44.236,58.0,23.808,38,GOOD,SYNTHETIC,26120
BWG-SIM-001,Baghewala-style representative,2,2026-02-27T05:00:00,production,20.464,17.664,106,32.6,38,50,584,48.0,14.223,34.517,23.285,15.0,6.864,1.518,44.9,58.0,23.983,37,GOOD,SYNTHETIC,26120
BWG-SIM-001,Baghewala-style representative,2,2026-02-27T06:00:00,production,20.446,17.646,106,32.6,38,50,584,48.0,14.284,34.245,22.272,15.0,6.852,1.519,48.124,57.146,23.718,34,GOOD,SYNTHETIC,26120
BWG-SIM-001,Baghewala-style representative,2,2026-02-27T07:00:00,production,20.487,17.687,106,32.6,38,50,584,48.0,14.407,34.533,22.661,15.0,6.886,1.521,47.752,57.43,23.985,35,GOOD,SYNTHETIC,26120
BWG-SIM-001,Baghewala-style representative,2,2026-02-27T08:00:00,production,20.646,17.846,106,32.6,38,50,584,48.0,14.312,34.372,22.914,15.0,6.945,1.522,42.93,58.0,23.592,38,GOOD,SYNTHETIC,26120
BWG-SIM-001,Baghewala-style representative,2,2026-02-27T09:00:00,production,20.433,17.633,106,32.6,38,50,584,48.0,14.282,34.517,22.985,15.0,6.829,1.523,47.245,58.0,23.864,36,GOOD,SYNTHETIC,26120
BWG-SIM-001,Baghewala-style representative,2,2026-02-27T10:00:00,production,20.732,17.932,106,32.6,38,50,584,48.0,14.165,35.36,23.351,15.0,6.68,1.524,48.861,57.096,23.871,34,GOOD,SYNTHETIC,26120
BWG-SIM-001,Baghewala-style representative,2,2026-02-27T11:00:00,production,20.612,17.812,106,32.6,38,50,584,48.0,14.283,34.11,21.538,15.0,6.963,1.526,44.649,58.0,23.702,38,GOOD,SYNTHETIC,26120
BWG-SIM-001,Baghewala-style representative,2,2026-02-27T12:00:00,production,20.6,17.8,106,32.6,38,50,584,48.0,14.429,34.277,21.769,15.0,6.901,1.527,44.004,58.0,23.532,38,GOOD,SYNTHETIC,26120
BWG-SIM-001,Baghewala-style representative,2,2026-02-27T13:00:00,production,20.717,17.917,106,32.6,38,50,584,48.0,14.052,35.944,23.568,15.0,6.872,1.528,45.642,58.0,23.731,37,GOOD,SYNTHETIC,26120
BWG-SIM-001,Baghewala-style representative,2,2026-02-27T14:00:00,production,20.684,17.884,106,32.6,38,50,584,48.0,14.416,34.392,23.143,15.0,6.899,1.53,45.947,58.0,23.848,37,GOOD,SYNTHETIC,26120
BWG-SIM-001,Baghewala-style representative,2,2026-02-27T15:00:00,production,20.694,17.894,106,32.6,38,50,584,48.0,14.084,34.809,23.639,15.0,6.967,1.532,43.668,58.0,24.0,38,GOOD,SYNTHETIC,26120
BWG-SIM-001,Baghewala-style representative,2,2026-02-27T16:00:00,production,20.624,17.824,106,32.6,38,50,584,48.0,14.165,34.841,22.964,15.0,6.839,1.533,49.16,58.0,23.674,35,GOOD,SYNTHETIC,26120
BWG-SIM-001,Baghewala-style representative,2,2026-02-27T17:00:00,production,20.843,18.043,106,32.6,38,50,584,48.0,14.345,34.784,22.126,15.0,6.786,1.535,48.108,57.671,24.0,35,GOOD,SYNTHETIC,26120
BWG-SIM-001,Baghewala-style representative,2,2026-02-27T18:00:00,production,20.681,17.881,106,32.6,38,50,584,48.0,14.046,34.918,23.461,15.0,6.777,1.536,45.256,58.0,23.279,37,GOOD,SYNTHETIC,26120
BWG-SIM-001,Baghewala-style representative,2,2026-02-27T19:00:00,production,20.879,18.079,106,32.6,38,50,584,48.0,14.241,35.119,22.771,15.0,6.743,1.538,44.791,58.0,23.88,37,GOOD,SYNTHETIC,26120
BWG-SIM-001,Baghewala-style representative,2,2026-02-27T20:00:00,production,20.913,18.113,106,32.6,38,50,584,48.0,14.51,34.605,22.782,15.0,6.893,1.54,43.265,58.0,24.0,38,GOOD,SYNTHETIC,26120
BWG-SIM-001,Baghewala-style representative,2,2026-02-27T21:00:00,production,20.627,17.827,106,32.6,38,50,584,48.0,14.517,35.451,23.46,15.0,6.717,1.541,47.676,58.0,23.999,36,GOOD,SYNTHETIC,26120
BWG-SIM-001,Baghewala-style representative,2,2026-02-27T22:00:00,production,20.74,17.94,106,32.6,38,50,584,48.0,14.308,35.319,23.393,15.0,6.76,1.543,45.613,58.0,23.96,37,GOOD,SYNTHETIC,26120
BWG-SIM-001,Baghewala-style representative,2,2026-02-27T23:00:00,production,20.603,17.803,106,32.6,38,50,584,48.0,14.309,34.07,22.077,15.0,6.781,1.545,44.669,58.0,23.43,37,GOOD,SYNTHETIC,26120
BWG-SIM-001,Baghewala-style representative,2,2026-02-28T00:00:00,production,20.86,18.06,106,32.6,38,50,584,48.0,14.192,35.277,23.914,15.0,6.742,1.546,46.577,58.0,23.889,37,GOOD,SYNTHETIC,26120
BWG-SIM-001,Baghewala-style representative,2,2026-02-28T01:00:00,production,20.838,18.038,106,32.6,38,50,584,48.0,14.563,34.858,22.286,15.0,6.638,1.548,45.559,58.0,23.813,37,GOOD,SYNTHETIC,26120
BWG-SIM-001,Baghewala-style representative,2,2026-02-28T02:00:00,production,21.071,18.271,106,32.6,38,50,584,48.0,14.123,34.968,22.799,15.0,6.645,1.55,46.51,58.0,23.374,37,GOOD,SYNTHETIC,26120
BWG-SIM-001,Baghewala-style representative,2,2026-02-28T03:00:00,production,20.859,18.059,106,32.6,38,50,584,48.0,13.994,35.138,24.617,15.0,6.57,1.552,47.162,55.127,22.828,31,GOOD,SYNTHETIC,26120
BWG-SIM-001,Baghewala-style representative,2,2026-02-28T04:00:00,production,20.862,18.062,106,32.6,38,50,584,48.0,13.98,34.926,23.729,15.0,6.785,1.553,44.903,58.0,24.0,37,GOOD,SYNTHETIC,26120
BWG-SIM-001,Baghewala-style representative,2,2026-02-28T05:00:00,production,20.931,18.131,106,32.6,38,50,584,48.0,14.431,34.377,24.168,15.0,6.634,1.555,47.632,58.0,23.977,36,GOOD,SYNTHETIC,26120
BWG-SIM-001,Baghewala-style representative,2,2026-02-28T06:00:00,production,20.918,18.118,106,32.6,38,50,584,48.0,14.494,34.924,23.887,15.0,6.594,1.557,49.042,58.0,23.861,36,GOOD,SYNTHETIC,26120
BWG-SIM-001,Baghewala-style representative,2,2026-02-28T07:00:00,production,21.084,18.284,106,32.6,38,50,584,48.0,14.232,33.89,21.407,15.0,6.552,1.559,47.061,58.0,24.0,36,GOOD,SYNTHETIC,26120
BWG-SIM-001,Baghewala-style representative,2,2026-02-28T08:00:00,production,20.894,18.094,106,32.6,38,50,584,48.0,14.388,34.873,23.055,15.0,6.5,1.56,46.806,58.0,23.775,37,GOOD,SYNTHETIC,26120
BWG-SIM-001,Baghewala-style representative,2,2026-02-28T09:00:00,production,20.988,18.188,106,32.6,38,50,584,48.0,14.363,34.131,22.354,15.0,6.534,1.562,45.688,58.0,23.995,37,GOOD,SYNTHETIC,26120
BWG-SIM-001,Baghewala-style representative,2,2026-02-28T10:00:00,production,21.284,18.484,106,32.6,38,50,584,48.0,14.467,34.827,23.158,15.0,6.59,1.564,46.488,56.091,23.771,33,GOOD,SYNTHETIC,26120
BWG-SIM-001,Baghewala-style representative,2,2026-02-28T11:00:00,production,20.932,18.132,106,32.6,38,50,584,48.0,14.289,34.703,23.917,15.0,6.578,1.565,46.084,56.871,23.562,35,GOOD,SYNTHETIC,26120
BWG-SIM-001,Baghewala-style representative,2,2026-02-28T12:00:00,production,21.08,18.28,106,32.6,38,50,584,48.0,14.172,35.117,23.139,15.0,6.386,1.567,47.587,57.869,23.172,36,GOOD,SYNTHETIC,26120
BWG-SIM-001,Baghewala-style representative,2,2026-02-28T13:00:00,production,21.122,18.322,106,32.6,38,50,584,48.0,14.052,33.837,22.248,15.0,6.308,1.568,47.214,57.233,23.087,35,GOOD,SYNTHETIC,26120
BWG-SIM-001,Baghewala-style representative,2,2026-02-28T14:00:00,production,21.15,18.35,106,32.6,38,50,584,48.0,14.377,35.12,23.782,15.0,6.259,1.57,50.598,58.0,23.254,35,GOOD,SYNTHETIC,26120
BWG-SIM-001,Baghewala-style representative,2,2026-02-28T15:00:00,production,21.115,18.315,106,32.6,38,50,584,48.0,13.868,34.806,22.815,15.0,6.492,1.571,47.118,57.828,23.817,36,GOOD,SYNTHETIC,26120
BWG-SIM-001,Baghewala-style representative,2,2026-02-28T16:00:00,production,21.175,18.375,106,32.6,38,50,584,48.0,14.337,34.793,23.668,15.0,6.273,1.573,48.977,56.962,23.294,33,GOOD,SYNTHETIC,26120
BWG-SIM-001,Baghewala-style representative,2,2026-02-28T17:00:00,production,21.169,18.369,106,32.6,38,50,584,48.0,14.214,34.85,23.75,15.0,6.486,1.574,44.197,58.0,23.468,38,GOOD,SYNTHETIC,26120
BWG-SIM-001,Baghewala-style representative,2,2026-02-28T18:00:00,production,21.198,18.398,106,32.6,38,50,584,48.0,14.036,35.092,24.772,15.0,6.318,1.576,49.553,57.411,23.344,34,GOOD,SYNTHETIC,26120
BWG-SIM-001,Baghewala-style representative,2,2026-02-28T19:00:00,production,20.932,18.132,106,32.6,38,50,584,48.0,14.243,34.953,24.313,15.0,6.248,1.577,49.414,56.1,23.43,32,GOOD,SYNTHETIC,26120
BWG-SIM-001,Baghewala-style representative,2,2026-02-28T20:00:00,production,21.401,18.601,106,32.6,38,50,584,48.0,14.075,35.586,24.682,15.0,6.338,1.578,51.343,54.751,23.161,28,GOOD,SYNTHETIC,26120
BWG-SIM-001,Baghewala-style representative,2,2026-02-28T21:00:00,production,21.13,18.33,106,32.6,38,50,584,48.0,14.484,34.261,22.988,15.0,6.271,1.579,48.851,57.619,22.754,35,GOOD,SYNTHETIC,26120
BWG-SIM-001,Baghewala-style representative,2,2026-02-28T22:00:00,production,21.26,18.46,106,32.6,38,50,584,48.0,14.108,35.008,23.653,15.0,6.216,1.581,49.497,54.219,22.77,28,GOOD,SYNTHETIC,26120
BWG-SIM-001,Baghewala-style representative,2,2026-02-28T23:00:00,production,21.256,18.456,106,32.6,38,50,584,48.0,14.076,33.887,22.016,15.0,6.323,1.582,46.644,57.032,23.389,35,GOOD,SYNTHETIC,26120
BWG-SIM-001,Baghewala-style representative,2,2026-03-01T00:00:00,production,21.505,18.705,106,32.6,38,50,584,48.0,14.133,35.164,23.827,15.0,6.157,1.583,48.579,56.995,22.95,34,GOOD,SYNTHETIC,26120
BWG-SIM-001,Baghewala-style representative,2,2026-03-01T01:00:00,production,21.323,18.523,106,32.6,38,50,584,48.0,14.169,35.159,23.567,15.0,6.143,1.584,51.4,55.167,23.124,29,GOOD,SYNTHETIC,26120
BWG-SIM-001,Baghewala-style representative,2,2026-03-01T02:00:00,production,21.284,18.484,106,32.6,38,50,584,48.0,14.178,35.061,24.087,15.0,6.214,1.585,48.085,55.643,23.29,31,GOOD,SYNTHETIC,26120
BWG-SIM-001,Baghewala-style representative,2,2026-03-01T03:00:00,production,21.397,18.597,106,32.6,38,50,584,48.0,14.633,34.575,22.391,15.0,6.198,1.585,49.413,56.497,23.271,32,GOOD,SYNTHETIC,26120
BWG-SIM-001,Baghewala-style representative,2,2026-03-01T04:00:00,production,21.174,18.374,106,32.6,38,50,584,48.0,14.0,35.803,24.634,15.0,6.17,1.586,49.572,55.197,22.961,30,GOOD,SYNTHETIC,26120
BWG-SIM-001,Baghewala-style representative,2,2026-03-01T05:00:00,production,21.422,18.622,106,32.6,38,50,584,48.0,14.401,36.308,24.054,15.0,6.211,1.587,53.645,55.399,23.332,28,GOOD,SYNTHETIC,26120
BWG-SIM-001,Baghewala-style representative,2,2026-03-01T06:00:00,production,21.39,18.59,106,32.6,38,50,584,48.0,14.54,34.94,23.101,15.0,6.278,1.587,48.144,58.0,23.625,36,GOOD,SYNTHETIC,26120
BWG-SIM-001,Baghewala-style representative,2,2026-03-01T07:00:00,production,21.529,18.729,106,32.6,38,50,584,48.0,14.212,34.078,23.173,15.0,6.148,1.588,49.412,55.431,23.506,30,GOOD,SYNTHETIC,26120
BWG-SIM-001,Baghewala-style representative,2,2026-03-01T08:00:00,production,21.364,18.564,106,32.6,38,50,584,48.0,14.131,35.035,22.564,15.0,6.182,1.589,48.596,56.184,23.574,32,GOOD,SYNTHETIC,26120
BWG-SIM-001,Baghewala-style representative,2,2026-03-01T09:00:00,production,21.586,18.786,106,32.6,38,50,584,48.0,14.248,34.997,22.802,15.0,6.095,1.589,49.422,56.581,23.22,33,GOOD,SYNTHETIC,26120
BWG-SIM-001,Baghewala-style representative,2,2026-03-01T10:00:00,production,21.338,18.538,106,32.6,38,50,584,48.0,14.159,34.815,22.387,15.0,6.196,1.589,49.446,57.611,23.292,35,GOOD,SYNTHETIC,26120
BWG-SIM-001,Baghewala-style representative,2,2026-03-01T11:00:00,production,21.592,18.792,106,32.6,38,50,584,48.0,14.171,35.574,23.488,15.0,6.187,1.59,48.616,56.943,23.146,34,GOOD,SYNTHETIC,26120
BWG-SIM-001,Baghewala-style representative,2,2026-03-01T12:00:00,production,21.398,18.598,106,32.6,38,50,584,48.0,14.072,35.261,23.599,15.0,6.178,1.59,49.993,58.0,22.871,35,GOOD,SYNTHETIC,26120
BWG-SIM-001,Baghewala-style representative,2,2026-03-01T13:00:00,production,21.49,18.69,106,32.6,38,50,584,48.0,14.433,34.663,22.745,15.0,6.192,1.59,49.54,57.116,23.019,34,GOOD,SYNTHETIC,26120
BWG-SIM-001,Baghewala-style representative,2,2026-03-01T14:00:00,production,21.618,18.818,106,32.6,38,50,584,48.0,14.101,35.63,23.128,15.0,6.247,1.59,52.739,55.083,22.97,28,GOOD,SYNTHETIC,26120
BWG-SIM-001,Baghewala-style representative,2,2026-03-01T15:00:00,production,21.454,18.654,106,32.6,38,50,584,48.0,14.48,35.085,23.768,15.0,6.132,1.59,51.101,56.271,23.07,31,GOOD,SYNTHETIC,26120
BWG-SIM-001,Baghewala-style representative,2,2026-03-01T16:00:00,production,21.232,18.432,106,32.6,38,50,584,48.0,14.065,35.237,23.571,15.0,6.193,1.59,50.124,56.16,23.389,31,GOOD,SYNTHETIC,26120
BWG-SIM-001,Baghewala-style representative,2,2026-03-01T17:00:00,production,21.552,18.752,106,32.6,38,50,584,48.0,14.213,35.195,23.232,15.0,6.239,1.59,48.701,54.845,23.536,29,GOOD,SYNTHETIC,26120
BWG-SIM-001,Baghewala-style representative,2,2026-03-01T18:00:00,production,21.381,18.581,106,32.6,38,50,584,48.0,14.349,34.631,22.511,15.0,6.166,1.589,48.129,56.264,23.259,32,GOOD,SYNTHETIC,26120
BWG-SIM-001,Baghewala-style representative,2,2026-03-01T19:00:00,production,21.672,18.872,106,32.6,38,50,584,48.0,14.322,35.022,23.923,15.0,6.17,1.589,48.633,55.992,23.026,32,GOOD,SYNTHETIC,26120
BWG-SIM-001,Baghewala-style representative,2,2026-03-01T20:00:00,production,21.484,18.684,106,32.6,38,50,584,48.0,14.242,34.803,23.948,15.0,6.1,1.589,47.182,57.146,23.057,35,GOOD,SYNTHETIC,26120
BWG-SIM-001,Baghewala-style representative,2,2026-03-01T21:00:00,production,21.339,18.539,106,32.6,38,50,584,48.0,14.519,34.841,23.995,15.0,6.14,1.588,53.399,56.528,23.555,31,GOOD,SYNTHETIC,26120
BWG-SIM-001,Baghewala-style representative,2,2026-03-01T22:00:00,production,21.536,18.736,106,32.6,38,50,584,48.0,14.125,36.137,23.386,15.0,6.091,1.588,52.483,54.426,22.698,27,GOOD,SYNTHETIC,26120
BWG-SIM-001,Baghewala-style representative,2,2026-03-01T23:00:00,production,21.706,18.906,106,32.6,38,50,584,48.0,14.3,35.154,23.528,15.0,6.294,1.587,49.883,58.0,23.412,35,GOOD,SYNTHETIC,26120
BWG-SIM-001,Baghewala-style representative,2,2026-03-02T00:00:00,production,21.414,18.614,106,32.6,38,50,584,48.0,14.374,35.119,24.253,15.0,6.278,1.586,50.566,56.855,23.365,33,GOOD,SYNTHETIC,26120
BWG-SIM-001,Baghewala-style representative,2,2026-03-02T01:00:00,production,21.378,18.578,106,32.6,38,50,584,48.0,14.094,35.757,24.671,15.0,6.322,1.586,48.962,57.473,23.657,35,GOOD,SYNTHETIC,26120
BWG-SIM-001,Baghewala-style representative,2,2026-03-02T02:00:00,production,21.417,18.617,106,32.6,38,50,584,48.0,14.088,34.681,23.744,15.0,6.16,1.585,50.413,55.292,23.226,29,GOOD,SYNTHETIC,26120
BWG-SIM-001,Baghewala-style representative,2,2026-03-02T03:00:00,production,21.426,18.626,106,32.6,38,50,584,48.0,14.107,35.634,23.398,15.0,6.16,1.584,48.996,56.702,23.64,33,GOOD,SYNTHETIC,26120
BWG-SIM-001,Baghewala-style representative,2,2026-03-02T04:00:00,production,21.71,18.91,106,32.6,38,50,584,48.0,14.208,34.519,23.632,15.0,6.366,1.583,47.005,56.599,23.318,34,GOOD,SYNTHETIC,26120
BWG-SIM-001,Baghewala-style representative,2,2026-03-02T05:00:00,production,21.591,18.791,106,32.6,38,50,584,48.0,13.734,35.961,25.693,15.0,6.252,1.582,50.737,57.041,23.572,33,GOOD,SYNTHETIC,26120
BWG-SIM-001,Baghewala-style representative,2,2026-03-02T06:00:00,production,21.371,18.571,106,32.6,38,50,584,48.0,14.605,34.362,22.989,15.0,6.238,1.581,49.542,55.721,23.335,31,GOOD,SYNTHETIC,26120
BWG-SIM-001,Baghewala-style representative,2,2026-03-02T07:00:00,production,21.497,18.697,106,32.6,38,50,584,48.0,14.109,36.852,26.282,15.0,6.354,1.58,51.964,58.0,23.517,34,GOOD,SYNTHETIC,26120
BWG-SIM-001,Baghewala-style representative,2,2026-03-02T08:00:00,production,21.495,18.695,106,32.6,38,50,584,48.0,14.211,35.765,24.083,15.0,6.34,1.579,49.686,56.562,23.398,32,GOOD,SYNTHETIC,26120
BWG-SIM-001,Baghewala-style representative,2,2026-03-02T09:00:00,production,21.345,18.545,106,32.6,38,50,584,48.0,13.977,34.234,23.471,15.0,6.185,1.577,51.375,55.623,22.98,30,GOOD,SYNTHETIC,26120
BWG-SIM-001,Baghewala-style representative,2,2026-03-02T10:00:00,production,21.562,18.762,106,32.6,38,50,584,48.0,13.953,35.167,24.03,15.0,6.318,1.576,48.783,56.409,23.41,32,GOOD,SYNTHETIC,26120
BWG-SIM-001,Baghewala-style representative,2,2026-03-02T11:00:00,production,21.449,18.649,106,32.6,38,50,584,48.0,13.98,36.376,23.732,15.0,6.378,1.575,51.519,54.703,23.383,28,GOOD,SYNTHETIC,26120
BWG-SIM-001,Baghewala-style representative,2,2026-03-02T12:00:00,production,21.352,18.552,106,32.6,38,50,584,48.0,14.148,36.24,24.269,15.0,6.47,1.573,49.032,57.808,23.644,35,GOOD,SYNTHETIC,26120
BWG-SIM-001,Baghewala-style representative,2,2026-03-02T13:00:00,production,21.525,18.725,106,32.6,38,50,584,48.0,14.314,35.292,25.097,15.0,6.453,1.572,50.139,57.926,23.851,35,GOOD,SYNTHETIC,26120
BWG-SIM-001,Baghewala-style representative,2,2026-03-02T14:00:00,production,21.46,18.66,106,32.6,38,50,584,48.0,14.021,35.278,24.621,15.0,6.316,1.57,51.625,56.168,23.11,31,GOOD,SYNTHETIC,26120
BWG-SIM-001,Baghewala-style representative,2,2026-03-02T15:00:00,production,21.194,18.394,106,32.6,38,50,584,48.0,14.096,35.947,22.905,15.0,6.492,1.569,49.59,58.0,23.537,35,GOOD,SYNTHETIC,26120
BWG-SIM-001,Baghewala-style representative,2,2026-03-02T16:00:00,production,21.528,18.728,106,32.6,38,50,584,48.0,14.195,34.955,22.667,15.0,6.551,1.567,47.196,56.556,23.784,33,GOOD,SYNTHETIC,26120
BWG-SIM-001,Baghewala-style representative,2,2026-03-02T17:00:00,production,21.514,18.714,106,32.6,38,50,584,48.0,14.175,35.115,22.953,15.0,6.414,1.566,47.916,57.707,23.71,35,GOOD,SYNTHETIC,26120
BWG-SIM-001,Baghewala-style representative,2,2026-03-02T18:00:00,production,21.318,18.518,106,32.6,38,50,584,48.0,14.142,35.709,23.88,15.0,6.529,1.564,48.903,57.382,23.376,34,GOOD,SYNTHETIC,26120
BWG-SIM-001,Baghewala-style representative,2,2026-03-02T19:00:00,production,21.697,18.897,106,32.6,38,50,584,48.0,14.083,35.837,24.968,15.0,6.404,1.562,49.805,57.923,23.885,35,GOOD,SYNTHETIC,26120
BWG-SIM-001,Baghewala-style representative,2,2026-03-02T20:00:00,production,21.253,18.453,106,32.6,38,50,584,48.0,14.002,35.158,22.615,15.0,6.678,1.561,45.699,58.0,23.898,37,GOOD,SYNTHETIC,26120
BWG-SIM-001,Baghewala-style representative,2,2026-03-02T21:00:00,production,21.322,18.522,106,32.6,38,50,584,48.0,14.245,36.116,24.874,15.0,6.612,1.559,52.414,57.232,23.753,32,GOOD,SYNTHETIC,26120
BWG-SIM-001,Baghewala-style representative,2,2026-03-02T22:00:00,production,21.333,18.533,106,32.6,38,50,584,48.0,14.656,35.335,23.939,15.0,6.534,1.557,48.797,57.505,23.28,35,GOOD,SYNTHETIC,26120
BWG-SIM-001,Baghewala-style representative,2,2026-03-02T23:00:00,production,21.119,18.319,106,32.6,38,50,584,48.0,14.251,34.735,23.076,15.0,6.6,1.556,46.802,56.537,23.66,34,GOOD,SYNTHETIC,26120
BWG-SIM-001,Baghewala-style representative,2,2026-03-03T00:00:00,production,21.604,18.804,106,32.6,38,50,584,48.0,14.231,35.312,24.268,15.0,6.614,1.554,46.225,57.652,23.887,36,GOOD,SYNTHETIC,26120
BWG-SIM-001,Baghewala-style representative,2,2026-03-03T01:00:00,production,21.221,18.421,106,32.6,38,50,584,48.0,14.084,35.291,24.61,15.0,6.538,1.552,48.356,56.653,23.387,33,GOOD,SYNTHETIC,26120
BWG-SIM-001,Baghewala-style representative,2,2026-03-03T02:00:00,production,21.234,18.434,106,32.6,38,50,584,48.0,14.441,35.552,23.995,15.0,6.586,1.551,49.061,58.0,23.779,36,GOOD,SYNTHETIC,26120
BWG-SIM-001,Baghewala-style representative,2,2026-03-03T03:00:00,production,21.404,18.604,106,32.6,38,50,584,48.0,14.208,35.953,22.875,15.0,6.607,1.549,48.414,56.137,23.645,32,GOOD,SYNTHETIC,26120
BWG-SIM-001,Baghewala-style representative,2,2026-03-03T04:00:00,production,21.151,18.351,106,32.6,38,50,584,48.0,14.078,34.918,22.772,15.0,6.822,1.547,43.694,58.0,24.0,38,GOOD,SYNTHETIC,26120
BWG-SIM-001,Baghewala-style representative,2,2026-03-03T05:00:00,production,21.34,18.54,106,32.6,38,50,584,48.0,14.37,34.924,23.807,15.0,6.64,1.545,46.771,58.0,23.471,37,GOOD,SYNTHETIC,26120
BWG-SIM-001,Baghewala-style representative,2,2026-03-03T06:00:00,production,21.213,18.413,106,32.6,38,50,584,48.0,14.494,35.038,22.973,15.0,6.711,1.544,46.833,58.0,23.703,37,GOOD,SYNTHETIC,26120
BWG-SIM-001,Baghewala-style representative,2,2026-03-03T07:00:00,production,21.14,18.34,106,32.6,38,50,584,48.0,14.025,35.985,23.984,15.0,6.813,1.542,46.39,57.997,23.785,37,GOOD,SYNTHETIC,26120
BWG-SIM-001,Baghewala-style representative,2,2026-03-03T08:00:00,production,20.955,18.155,106,32.6,38,50,584,48.0,14.162,35.229,23.282,15.0,6.722,1.54,47.702,58.0,23.81,36,GOOD,SYNTHETIC,26120
BWG-SIM-001,Baghewala-style representative,2,2026-03-03T09:00:00,production,21.229,18.429,106,32.6,38,50,584,48.0,14.669,33.991,22.168,15.0,6.807,1.539,43.539,58.0,23.848,38,GOOD,SYNTHETIC,26120
BWG-SIM-001,Baghewala-style representative,2,2026-03-03T10:00:00,production,21.062,18.262,106,32.6,38,50,584,48.0,14.502,34.455,23.952,15.0,6.728,1.537,45.095,58.0,23.403,37,GOOD,SYNTHETIC,26120
BWG-SIM-001,Baghewala-style representative,2,2026-03-03T11:00:00,production,21.106,18.306,106,32.6,38,50,584,48.0,14.446,34.441,22.956,15.0,6.933,1.535,43.133,58.0,23.981,38,GOOD,SYNTHETIC,26120
BWG-SIM-001,Baghewala-style representative,2,2026-03-03T12:00:00,production,20.745,17.945,106,32.6,38,50,584,48.0,14.308,34.402,22.319,15.0,6.749,1.534,45.707,58.0,23.783,37,GOOD,SYNTHETIC,26120
BWG-SIM-001,Baghewala-style representative,2,2026-03-03T13:00:00,production,21.134,18.334,106,32.6,38,50,584,48.0,14.329,35.818,23.184,15.0,6.836,1.532,47.18,58.0,24.0,36,GOOD,SYNTHETIC,26120
BWG-SIM-001,Baghewala-style representative,2,2026-03-03T14:00:00,production,20.774,17.974,106,32.6,38,50,584,48.0,14.369,34.423,23.077,15.0,6.871,1.531,45.726,58.0,23.647,37,GOOD,SYNTHETIC,26120
BWG-SIM-001,Baghewala-style representative,2,2026-03-03T15:00:00,production,21.025,18.225,106,32.6,38,50,584,48.0,14.471,34.654,22.948,15.0,6.893,1.529,46.548,55.719,23.166,32,GOOD,SYNTHETIC,26120
BWG-SIM-001,Baghewala-style representative,2,2026-03-03T16:00:00,production,21.149,18.349,106,32.6,38,50,584,48.0,14.164,35.169,23.279,15.0,6.91,1.528,46.008,58.0,23.791,37,GOOD,SYNTHETIC,26120
BWG-SIM-001,Baghewala-style representative,2,2026-03-03T17:00:00,production,20.939,18.139,106,32.6,38,50,584,48.0,14.405,35.171,23.658,15.0,6.79,1.526,48.046,58.0,23.935,36,GOOD,SYNTHETIC,26120
BWG-SIM-001,Baghewala-style representative,2,2026-03-03T18:00:00,production,20.829,18.029,106,32.6,38,50,584,48.0,14.024,34.881,23.917,15.0,6.818,1.525,47.644,58.0,24.0,36,GOOD,SYNTHETIC,26120
BWG-SIM-001,Baghewala-style representative,2,2026-03-03T19:00:00,production,20.785,17.985,106,32.6,38,50,584,48.0,14.445,34.524,23.46,15.0,6.843,1.523,45.586,57.876,24.0,37,GOOD,SYNTHETIC,26120
BWG-SIM-001,Baghewala-style representative,2,2026-03-03T20:00:00,production,20.76,17.96,106,32.6,38,50,584,48.0,13.996,34.798,23.248,15.0,6.841,1.522,44.886,56.662,23.697,35,GOOD,SYNTHETIC,26120
BWG-SIM-001,Baghewala-style representative,2,2026-03-03T21:00:00,production,20.701,17.901,106,32.6,38,50,584,48.0,14.074,34.009,22.771,15.0,6.895,1.521,43.88,58.0,23.76,38,GOOD,SYNTHETIC,26120
BWG-SIM-001,Baghewala-style representative,2,2026-03-03T22:00:00,production,20.885,18.085,106,32.6,38,50,584,48.0,14.106,35.161,23.045,15.0,6.778,1.52,47.886,58.0,23.297,36,GOOD,SYNTHETIC,26120
BWG-SIM-001,Baghewala-style representative,2,2026-03-03T23:00:00,production,20.949,18.149,106,32.6,38,50,584,48.0,14.271,35.348,22.772,15.0,7.024,1.519,46.644,57.369,24.0,35,GOOD,SYNTHETIC,26120
BWG-SIM-001,Baghewala-style representative,3,2026-03-10T00:00:00,injection,24.311,21.511,111,33.4,40,53,579,57.936,8.992,44.196,31.97,6.837,6.576,1.55,58.807,51.567,23.288,18,GOOD,SYNTHETIC,26120
BWG-SIM-001,Baghewala-style representative,3,2026-03-10T01:00:00,injection,24.73,21.93,111,33.4,40,53,579,57.862,8.894,44.494,32.092,7.758,6.301,1.552,60.816,50.441,22.514,15,GOOD,SYNTHETIC,26120
BWG-SIM-001,Baghewala-style representative,3,2026-03-10T02:00:00,injection,24.37,21.57,111,33.4,40,53,579,58.467,8.983,44.292,30.904,7.335,6.642,1.553,59.766,52.536,23.188,20,GOOD,SYNTHETIC,26120
BWG-SIM-001,Baghewala-style representative,3,2026-03-10T03:00:00,injection,24.626,21.826,111,33.4,40,53,579,58.658,8.646,43.949,32.982,7.991,6.628,1.555,60.546,53.302,23.296,21,GOOD,SYNTHETIC,26120
BWG-SIM-001,Baghewala-style representative,3,2026-03-10T04:00:00,injection,24.41,21.61,111,33.4,40,53,579,58.78,8.528,44.7,32.075,8.238,6.513,1.557,59.493,53.026,23.391,21,GOOD,SYNTHETIC,26120
BWG-SIM-001,Baghewala-style representative,3,2026-03-10T05:00:00,injection,24.557,21.757,111,33.4,40,53,579,58.716,8.579,44.893,33.733,7.735,6.554,1.559,62.158,52.747,23.26,19,GOOD,SYNTHETIC,26120
BWG-SIM-001,Baghewala-style representative,3,2026-03-10T06:00:00,injection,24.484,21.684,111,33.4,40,53,579,59.271,8.379,44.856,31.384,7.48,6.594,1.56,63.171,53.168,23.565,20,GOOD,SYNTHETIC,26120
BWG-SIM-001,Baghewala-style representative,3,2026-03-10T07:00:00,injection,24.505,21.705,111,33.4,40,53,579,59.283,8.227,45.885,32.868,8.71,6.676,1.562,60.305,53.569,23.173,22,GOOD,SYNTHETIC,26120
BWG-SIM-001,Baghewala-style representative,3,2026-03-10T08:00:00,injection,24.813,22.013,111,33.4,40,53,579,59.494,8.482,44.889,33.13,7.81,6.604,1.564,61.838,55.059,23.829,24,GOOD,SYNTHETIC,26120
BWG-SIM-001,Baghewala-style representative,3,2026-03-10T09:00:00,injection,24.603,21.803,111,33.4,40,53,579,59.864,8.325,46.596,32.941,7.012,6.795,1.565,59.154,52.544,23.004,20,GOOD,SYNTHETIC,26120
BWG-SIM-001,Baghewala-style representative,3,2026-03-10T10:00:00,injection,24.577,21.777,111,33.4,40,53,579,59.606,8.339,45.353,32.507,8.072,6.756,1.567,58.598,53.419,23.4,22,GOOD,SYNTHETIC,26120
BWG-SIM-001,Baghewala-style representative,3,2026-03-10T11:00:00,injection,24.842,22.042,111,33.4,40,53,579,59.861,8.305,45.688,34.129,8.14,6.598,1.568,61.464,53.084,23.288,20,GOOD,SYNTHETIC,26120
BWG-SIM-001,Baghewala-style representative,3,2026-03-10T12:00:00,injection,24.749,21.949,111,33.4,40,53,579,60.076,8.268,46.037,32.388,7.857,6.698,1.57,60.029,52.186,23.012,19,GOOD,SYNTHETIC,26120
BWG-SIM-001,Baghewala-style representative,3,2026-03-10T13:00:00,injection,24.703,21.903,111,33.4,40,53,579,60.264,8.21,44.472,32.273,7.556,6.843,1.571,56.915,52.466,23.711,21,GOOD,SYNTHETIC,26120
BWG-SIM-001,Baghewala-style representative,3,2026-03-10T14:00:00,injection,24.969,22.169,111,33.4,40,53,579,60.899,7.744,48.2,35.896,8.189,6.81,1.573,62.124,52.46,23.214,19,GOOD,SYNTHETIC,26120
BWG-SIM-001,Baghewala-style representative,3,2026-03-10T15:00:00,injection,24.718,21.918,111,33.4,40,53,579,60.192,8.295,46.462,33.511,8.122,6.713,1.574,59.346,53.449,23.422,22,GOOD,SYNTHETIC,26120
BWG-SIM-001,Baghewala-style representative,3,2026-03-10T16:00:00,injection,24.785,21.985,111,33.4,40,53,579,61.563,7.557,46.916,34.097,8.314,6.841,1.576,61.877,52.9,23.089,20,GOOD,SYNTHETIC,26120
BWG-SIM-001,Baghewala-style representative,3,2026-03-10T17:00:00,injection,24.692,21.892,111,33.4,40,53,579,60.909,8.225,45.666,33.57,8.402,6.77,1.577,58.1,53.705,23.223,23,GOOD,SYNTHETIC,26120
BWG-SIM-001,Baghewala-style representative,3,2026-03-10T18:00:00,injection,24.809,22.009,111,33.4,40,53,579,61.334,7.552,47.387,34.436,8.605,6.813,1.578,62.966,51.728,23.171,17,GOOD,SYNTHETIC,26120
BWG-SIM-001,Baghewala-style representative,3,2026-03-10T19:00:00,injection,24.899,22.099,111,33.4,40,53,579,62.128,7.541,47.185,33.323,8.767,6.771,1.579,59.649,54.277,23.17,23,GOOD,SYNTHETIC,26120
BWG-SIM-001,Baghewala-style representative,3,2026-03-10T20:00:00,injection,24.751,21.951,111,33.4,40,53,579,61.537,7.669,46.755,34.175,7.959,6.778,1.581,61.355,52.779,23.11,20,GOOD,SYNTHETIC,26120
BWG-SIM-001,Baghewala-style representative,3,2026-03-10T21:00:00,injection,24.929,22.129,111,33.4,40,53,579,62.039,7.299,47.972,34.277,8.077,6.885,1.582,61.021,52.887,23.514,20,GOOD,SYNTHETIC,26120
BWG-SIM-001,Baghewala-style representative,3,2026-03-10T22:00:00,injection,24.773,21.973,111,33.4,40,53,579,61.312,8.068,46.29,33.55,7.938,6.781,1.583,58.587,56.746,23.765,29,GOOD,SYNTHETIC,26120
BWG-SIM-001,Baghewala-style representative,3,2026-03-10T23:00:00,injection,24.985,22.185,111,33.4,40,53,579,62.295,7.285,46.996,32.667,9.313,6.792,1.584,61.22,54.123,23.462,22,GOOD,SYNTHETIC,26120
BWG-SIM-001,Baghewala-style representative,3,2026-03-11T00:00:00,injection,24.863,22.063,111,33.4,40,53,579,62.396,7.493,47.307,33.627,7.93,6.918,1.585,59.981,55.498,23.898,26,GOOD,SYNTHETIC,26120
BWG-SIM-001,Baghewala-style representative,3,2026-03-11T01:00:00,injection,25.061,22.261,111,33.4,40,53,579,62.532,7.085,49.464,36.225,8.744,6.854,1.585,63.231,53.183,22.954,20,GOOD,SYNTHETIC,26120
BWG-SIM-001,Baghewala-style representative,3,2026-03-11T02:00:00,injection,24.977,22.177,111,33.4,40,53,579,62.65,7.063,48.121,36.865,8.221,6.81,1.586,63.021,50.973,23.102,15,GOOD,SYNTHETIC,26120
BWG-SIM-001,Baghewala-style representative,3,2026-03-11T03:00:00,injection,25.002,22.202,111,33.4,40,53,579,62.069,7.676,46.777,33.037,8.537,6.817,1.587,61.227,52.763,23.299,20,GOOD,SYNTHETIC,26120
BWG-SIM-001,Baghewala-style representative,3,2026-03-11T04:00:00,injection,25.035,22.235,111,33.4,40,53,579,63.18,7.193,48.879,36.705,8.383,6.897,1.588,60.728,55.068,24.0,24,GOOD,SYNTHETIC,26120
BWG-SIM-001,Baghewala-style representative,3,2026-03-11T05:00:00,injection,25.131,22.331,111,33.4,40,53,579,62.591,7.074,48.654,35.572,8.819,6.853,1.588,61.444,54.52,23.439,23,GOOD,SYNTHETIC,26120
BWG-SIM-001,Baghewala-style representative,3,2026-03-11T06:00:00,injection,24.93,22.13,111,33.4,40,53,579,62.757,7.318,48.489,34.621,8.414,6.879,1.589,60.95,52.829,23.396,20,GOOD,SYNTHETIC,26120
BWG-SIM-001,Baghewala-style representative,3,2026-03-11T07:00:00,injection,25.216,22.416,111,33.4,40,53,579,62.795,7.02,49.398,36.959,8.814,6.731,1.589,63.771,51.101,23.169,15,GOOD,SYNTHETIC,26120
BWG-SIM-001,Baghewala-style representative,3,2026-03-11T08:00:00,injection,24.929,22.129,111,33.4,40,53,579,63.357,6.723,49.442,36.835,8.41,6.852,1.589,62.273,52.013,22.818,18,GOOD,SYNTHETIC,26120
BWG-SIM-001,Baghewala-style representative,3,2026-03-11T09:00:00,injection,25.033,22.233,111,33.4,40,53,579,63.483,7.176,49.754,36.524,8.281,6.859,1.59,61.401,51.925,23.252,18,GOOD,SYNTHETIC,26120
BWG-SIM-001,Baghewala-style representative,3,2026-03-11T10:00:00,injection,24.965,22.165,111,33.4,40,53,579,64.198,6.634,49.913,36.389,8.364,6.904,1.59,61.425,50.541,23.093,15,GOOD,SYNTHETIC,26120
BWG-SIM-001,Baghewala-style representative,3,2026-03-11T11:00:00,injection,24.95,22.15,111,33.4,40,53,579,62.985,7.364,48.368,34.362,8.06,6.793,1.59,61.824,51.446,23.044,17,GOOD,SYNTHETIC,26120
BWG-SIM-001,Baghewala-style representative,3,2026-03-11T12:00:00,injection,25.005,22.205,111,33.4,40,53,579,63.433,7.101,49.591,37.373,8.135,6.75,1.59,64.243,51.145,23.442,15,GOOD,SYNTHETIC,26120
BWG-SIM-001,Baghewala-style representative,3,2026-03-11T13:00:00,injection,25.186,22.386,111,33.4,40,53,579,63.674,6.767,50.256,36.118,7.956,6.784,1.59,63.682,53.757,23.409,20,GOOD,SYNTHETIC,26120
BWG-SIM-001,Baghewala-style representative,3,2026-03-11T14:00:00,injection,25.08,22.28,111,33.4,40,53,579,63.834,6.66,51.019,37.047,8.537,6.513,1.59,69.5,49.63,23.241,10,GOOD,SYNTHETIC,26120
BWG-SIM-001,Baghewala-style representative,3,2026-03-11T15:00:00,injection,25.141,22.341,111,33.4,40,53,579,63.29,7.227,47.951,35.519,8.72,6.785,1.59,64.871,50.914,23.188,14,GOOD,SYNTHETIC,26120
BWG-SIM-001,Baghewala-style representative,3,2026-03-11T16:00:00,soak,25.0,22.2,111,33.4,40,53,579,67.824,5.542,55.608,42.77,8.654,6.727,1.589,73.676,49.486,23.255,7,GOOD,SYNTHETIC,26120
BWG-SIM-001,Baghewala-style representative,3,2026-03-11T17:00:00,soak,24.92,22.12,111,33.4,40,53,579,68.199,5.739,54.008,40.749,7.779,6.714,1.589,71.625,51.449,22.954,12,GOOD,SYNTHETIC,26120
BWG-SIM-001,Baghewala-style representative,3,2026-03-11T18:00:00,soak,25.076,22.276,111,33.4,40,53,579,68.936,5.511,56.296,43.061,7.787,6.7,1.589,75.261,48.639,22.64,5,GOOD,SYNTHETIC,26120
BWG-SIM-001,Baghewala-style representative,3,2026-03-11T19:00:00,soak,25.001,22.201,111,33.4,40,53,579,67.732,5.82,53.031,41.054,8.647,6.592,1.588,71.636,49.787,22.939,9,GOOD,SYNTHETIC,26120
BWG-SIM-001,Baghewala-style representative,3,2026-03-11T20:00:00,soak,24.947,22.147,111,33.4,40,53,579,68.467,5.609,55.093,41.161,8.635,6.703,1.588,71.531,49.912,23.365,9,GOOD,SYNTHETIC,26120
BWG-SIM-001,Baghewala-style representative,3,2026-03-11T21:00:00,soak,24.989,22.189,111,33.4,40,53,579,67.792,5.943,52.296,38.611,8.87,6.708,1.587,67.135,51.215,23.482,14,GOOD,SYNTHETIC,26120
BWG-SIM-001,Baghewala-style representative,3,2026-03-11T22:00:00,soak,24.904,22.104,111,33.4,40,53,579,68.078,5.624,54.964,41.808,8.659,6.734,1.586,68.972,48.741,23.038,8,GOOD,SYNTHETIC,26120
BWG-SIM-001,Baghewala-style representative,3,2026-03-11T23:00:00,soak,25.033,22.233,111,33.4,40,53,579,68.256,5.552,55.023,41.134,9.047,6.621,1.586,73.48,49.481,23.225,7,GOOD,SYNTHETIC,26120
BWG-SIM-001,Baghewala-style representative,3,2026-03-12T00:00:00,soak,25.117,22.317,111,33.4,40,53,579,68.189,5.602,56.45,42.731,8.532,6.692,1.585,72.656,49.184,23.3,7,GOOD,SYNTHETIC,26120
BWG-SIM-001,Baghewala-style representative,3,2026-03-12T01:00:00,soak,25.065,22.265,111,33.4,40,53,579,68.259,5.685,54.668,41.312,9.221,6.72,1.584,73.019,50.379,23.022,9,GOOD,SYNTHETIC,26120
BWG-SIM-001,Baghewala-style representative,3,2026-03-12T02:00:00,soak,25.075,22.275,111,33.4,40,53,579,68.799,5.343,55.838,43.341,8.781,6.533,1.583,76.762,46.94,22.667,1,GOOD,SYNTHETIC,26120
BWG-SIM-001,Baghewala-style representative,3,2026-03-12T03:00:00,soak,24.994,22.194,111,33.4,40,53,579,68.86,5.476,55.859,41.329,9.338,6.57,1.582,73.526,47.495,22.834,4,GOOD,SYNTHETIC,26120
BWG-SIM-001,Baghewala-style representative,3,2026-03-12T04:00:00,soak,25.137,22.337,111,33.4,40,53,579,68.454,5.465,56.573,42.244,8.46,6.537,1.581,76.473,46.366,22.588,0,GOOD,SYNTHETIC,26120
BWG-SIM-001,Baghewala-style representative,3,2026-03-12T05:00:00,soak,24.975,22.175,111,33.4,40,53,579,68.405,5.612,55.636,44.078,9.492,6.442,1.58,77.947,48.316,22.931,3,GOOD,SYNTHETIC,26120
BWG-SIM-001,Baghewala-style representative,3,2026-03-12T06:00:00,soak,24.798,21.998,111,33.4,40,53,579,68.417,5.332,56.752,44.347,9.214,6.305,1.579,80.952,47.566,22.521,0,GOOD,SYNTHETIC,26120
BWG-SIM-001,Baghewala-style representative,3,2026-03-12T07:00:00,soak,24.999,22.199,111,33.4,40,53,579,68.726,5.597,54.505,40.162,8.88,6.386,1.577,75.289,49.089,23.053,6,GOOD,SYNTHETIC,26120
BWG-SIM-001,Baghewala-style representative,3,2026-03-12T08:00:00,soak,24.864,22.064,111,33.4,40,53,579,68.438,5.514,55.715,42.517,8.878,6.426,1.576,74.993,49.236,22.34,6,GOOD,SYNTHETIC,26120
BWG-SIM-001,Baghewala-style representative,3,2026-03-12T09:00:00,soak,24.837,22.037,111,33.4,40,53,579,68.033,5.501,55.253,42.058,9.636,6.357,1.575,78.178,50.437,22.698,7,GOOD,SYNTHETIC,26120
BWG-SIM-001,Baghewala-style representative,3,2026-03-12T10:00:00,soak,24.941,22.141,111,33.4,40,53,579,67.735,6.046,53.337,41.115,9.98,6.345,1.573,72.833,52.035,22.96,13,GOOD,SYNTHETIC,26120
BWG-SIM-001,Baghewala-style representative,3,2026-03-12T11:00:00,soak,24.67,21.87,111,33.4,40,53,579,67.786,5.658,54.392,41.481,8.707,6.309,1.572,76.744,46.824,22.53,1,GOOD,SYNTHETIC,26120
BWG-SIM-001,Baghewala-style representative,3,2026-03-12T12:00:00,soak,24.736,21.936,111,33.4,40,53,579,68.175,5.591,55.475,42.769,9.975,6.397,1.57,78.18,47.675,22.534,2,GOOD,SYNTHETIC,26120
BWG-SIM-001,Baghewala-style representative,3,2026-03-12T13:00:00,soak,24.899,22.099,111,33.4,40,53,579,68.284,5.624,54.754,41.434,8.898,6.34,1.569,73.668,47.398,23.103,3,GOOD,SYNTHETIC,26120
BWG-SIM-001,Baghewala-style representative,3,2026-03-12T14:00:00,soak,24.828,22.028,111,33.4,40,53,579,68.291,5.493,55.019,40.709,9.116,6.35,1.567,75.696,47.743,22.617,3,GOOD,SYNTHETIC,26120
BWG-SIM-001,Baghewala-style representative,3,2026-03-12T15:00:00,soak,24.663,21.863,111,33.4,40,53,579,68.641,5.448,56.096,43.977,8.688,6.273,1.566,79.692,46.84,22.706,0,GOOD,SYNTHETIC,26120
BWG-SIM-001,Baghewala-style representative,3,2026-03-12T16:00:00,soak,24.616,21.816,111,33.4,40,53,579,68.335,5.634,53.939,40.294,9.833,6.327,1.564,76.098,49.828,22.699,7,GOOD,SYNTHETIC,26120
BWG-SIM-001,Baghewala-style representative,3,2026-03-12T17:00:00,soak,24.733,21.933,111,33.4,40,53,579,68.233,5.612,53.733,41.064,9.734,6.306,1.562,74.234,48.763,23.116,6,GOOD,SYNTHETIC,26120
BWG-SIM-001,Baghewala-style representative,3,2026-03-12T18:00:00,soak,24.72,21.92,111,33.4,40,53,579,68.484,5.544,55.481,43.689,9.579,6.214,1.561,81.094,48.562,22.465,2,GOOD,SYNTHETIC,26120
BWG-SIM-001,Baghewala-style representative,3,2026-03-12T19:00:00,soak,24.692,21.892,111,33.4,40,53,579,68.106,5.699,54.575,42.418,9.508,6.298,1.559,76.063,47.833,22.192,3,GOOD,SYNTHETIC,26120
BWG-SIM-001,Baghewala-style representative,3,2026-03-12T20:00:00,soak,24.528,21.728,111,33.4,40,53,579,68.138,5.818,52.767,40.272,10.119,6.319,1.557,73.524,48.446,22.674,5,GOOD,SYNTHETIC,26120
BWG-SIM-001,Baghewala-style representative,3,2026-03-12T21:00:00,soak,24.717,21.917,111,33.4,40,53,579,68.269,5.584,54.157,41.807,9.245,6.079,1.556,78.449,45.27,21.558,0,GOOD,SYNTHETIC,26120
BWG-SIM-001,Baghewala-style representative,3,2026-03-12T22:00:00,soak,24.753,21.953,111,33.4,40,53,579,67.626,5.954,53.314,41.288,9.384,6.329,1.554,77.147,46.719,22.546,0,GOOD,SYNTHETIC,26120
BWG-SIM-001,Baghewala-style representative,3,2026-03-12T23:00:00,soak,24.494,21.694,111,33.4,40,53,579,68.429,5.556,54.476,43.046,10.229,6.147,1.552,79.891,47.52,22.123,1,GOOD,SYNTHETIC,26120
BWG-SIM-001,Baghewala-style representative,3,2026-03-13T00:00:00,soak,24.491,21.691,111,33.4,40,53,579,68.182,5.627,53.764,40.735,9.471,6.274,1.55,75.979,47.554,22.197,3,GOOD,SYNTHETIC,26120
BWG-SIM-001,Baghewala-style representative,3,2026-03-13T01:00:00,soak,24.684,21.884,111,33.4,40,53,579,68.438,5.401,55.932,43.841,9.493,6.137,1.549,80.353,46.663,22.387,0,GOOD,SYNTHETIC,26120
BWG-SIM-001,Baghewala-style representative,3,2026-03-13T02:00:00,soak,24.518,21.718,111,33.4,40,53,579,68.851,5.684,54.749,41.343,10.247,6.205,1.547,77.344,46.608,22.132,0,GOOD,SYNTHETIC,26120
BWG-SIM-001,Baghewala-style representative,3,2026-03-13T03:00:00,soak,24.644,21.844,111,33.4,40,53,579,68.329,5.146,57.894,44.211,9.882,6.152,1.545,84.646,44.655,21.87,0,GOOD,SYNTHETIC,26120
BWG-SIM-001,Baghewala-style representative,3,2026-03-13T04:00:00,soak,24.491,21.691,111,33.4,40,53,579,69.038,5.414,56.487,44.057,10.566,6.305,1.544,82.861,48.829,22.898,2,GOOD,SYNTHETIC,26120
BWG-SIM-001,Baghewala-style representative,3,2026-03-13T05:00:00,soak,24.361,21.561,111,33.4,40,53,579,68.397,5.887,52.626,39.658,9.599,6.197,1.542,73.955,47.882,22.291,4,GOOD,SYNTHETIC,26120
BWG-SIM-001,Baghewala-style representative,3,2026-03-13T06:00:00,soak,24.421,21.621,111,33.4,40,53,579,68.726,5.694,55.119,43.759,9.456,5.972,1.54,84.186,46.851,22.277,0,GOOD,SYNTHETIC,26120
BWG-SIM-001,Baghewala-style representative,3,2026-03-13T07:00:00,soak,24.357,21.557,111,33.4,40,53,579,68.47,5.757,53.906,41.815,9.826,6.228,1.538,79.225,49.145,22.561,4,GOOD,SYNTHETIC,26120
BWG-SIM-001,Baghewala-style representative,3,2026-03-13T08:00:00,soak,24.436,21.636,111,33.4,40,53,579,68.912,5.375,55.096,41.898,9.072,6.18,1.537,79.784,48.082,22.229,2,GOOD,SYNTHETIC,26120
BWG-SIM-001,Baghewala-style representative,3,2026-03-13T09:00:00,soak,24.58,21.78,111,33.4,40,53,579,68.903,5.363,56.207,43.545,10.104,6.119,1.535,81.827,45.647,22.127,0,GOOD,SYNTHETIC,26120
BWG-SIM-001,Baghewala-style representative,3,2026-03-13T10:00:00,soak,24.375,21.575,111,33.4,40,53,579,68.925,5.566,54.654,41.392,9.861,6.141,1.534,80.005,48.438,22.375,2,GOOD,SYNTHETIC,26120
BWG-SIM-001,Baghewala-style representative,3,2026-03-13T11:00:00,soak,24.346,21.546,111,33.4,40,53,579,68.983,5.784,53.921,42.856,10.715,6.149,1.532,80.31,47.146,22.377,0,GOOD,SYNTHETIC,26120
BWG-SIM-001,Baghewala-style representative,3,2026-03-13T12:00:00,soak,24.41,21.61,111,33.4,40,53,579,69.284,5.456,55.954,44.287,10.011,6.063,1.53,82.668,46.543,22.4,0,GOOD,SYNTHETIC,26120
BWG-SIM-001,Baghewala-style representative,3,2026-03-13T13:00:00,soak,24.337,21.537,111,33.4,40,53,579,68.866,5.563,54.493,43.597,10.0,6.246,1.529,79.201,47.646,22.819,1,GOOD,SYNTHETIC,26120
BWG-SIM-001,Baghewala-style representative,3,2026-03-13T14:00:00,soak,24.164,21.364,111,33.4,40,53,579,68.581,5.716,53.694,41.52,9.773,6.227,1.527,81.129,46.685,22.523,0,GOOD,SYNTHETIC,26120
BWG-SIM-001,Baghewala-style representative,3,2026-03-13T15:00:00,soak,24.301,21.501,111,33.4,40,53,579,68.757,5.313,57.107,44.884,9.596,6.35,1.526,80.319,47.766,22.725,1,GOOD,SYNTHETIC,26120
BWG-SIM-001,Baghewala-style representative,3,2026-03-13T16:00:00,soak,24.207,21.407,111,33.4,40,53,579,68.636,5.496,55.277,43.369,10.079,6.183,1.525,82.343,48.38,21.789,1,GOOD,SYNTHETIC,26120
BWG-SIM-001,Baghewala-style representative,3,2026-03-13T17:00:00,soak,24.138,21.338,111,33.4,40,53,579,69.68,5.407,55.17,43.105,10.403,6.028,1.523,83.207,47.446,22.525,0,GOOD,SYNTHETIC,26120
BWG-SIM-001,Baghewala-style representative,3,2026-03-13T18:00:00,soak,24.241,21.441,111,33.4,40,53,579,69.596,5.215,57.175,45.85,9.767,6.169,1.522,86.665,45.635,22.314,0,GOOD,SYNTHETIC,26120
BWG-SIM-001,Baghewala-style representative,3,2026-03-13T19:00:00,soak,24.294,21.494,111,33.4,40,53,579,68.659,5.345,55.815,42.755,11.012,6.368,1.521,79.292,46.667,22.694,0,GOOD,SYNTHETIC,26120
BWG-SIM-001,Baghewala-style representative,3,2026-03-13T20:00:00,soak,24.177,21.377,111,33.4,40,53,579,69.889,5.352,55.401,43.546,10.446,6.279,1.52,80.31,46.657,22.832,0,GOOD,SYNTHETIC,26120
BWG-SIM-001,Baghewala-style representative,3,2026-03-13T21:00:00,production,24.166,21.366,111,33.4,40,53,579,68.84,5.465,53.478,42.002,10.011,6.347,1.519,78.305,48.769,22.94,4,GOOD,SYNTHETIC,26120
BWG-SIM-001,Baghewala-style representative,3,2026-03-13T22:00:00,production,23.971,21.171,111,33.4,40,53,579,69.49,5.612,54.83,42.436,11.085,6.248,1.518,81.495,48.67,22.785,2,GOOD,SYNTHETIC,26120
BWG-SIM-001,Baghewala-style representative,3,2026-03-13T23:00:00,production,23.991,21.191,111,33.4,40,53,579,69.594,5.114,57.63,46.916,10.151,6.353,1.517,85.034,46.803,22.963,0,GOOD,SYNTHETIC,26120
BWG-SIM-001,Baghewala-style representative,3,2026-03-14T00:00:00,production,23.901,21.101,111,33.4,40,53,579,69.691,5.234,56.625,43.253,10.477,6.386,1.516,81.026,48.037,22.781,1,GOOD,SYNTHETIC,26120
BWG-SIM-001,Baghewala-style representative,3,2026-03-14T01:00:00,production,24.032,21.232,111,33.4,40,53,579,69.39,5.054,57.054,44.255,9.914,6.243,1.515,83.621,46.194,22.11,0,GOOD,SYNTHETIC,26120
BWG-SIM-001,Baghewala-style representative,3,2026-03-14T02:00:00,production,24.04,21.24,111,33.4,40,53,579,69.256,5.566,55.854,43.657,9.616,6.179,1.514,80.534,47.313,22.429,0,GOOD,SYNTHETIC,26120
BWG-SIM-001,Baghewala-style representative,3,2026-03-14T03:00:00,production,23.934,21.134,111,33.4,40,53,579,69.346,5.64,54.49,41.606,10.177,6.334,1.513,78.281,47.354,22.34,1,GOOD,SYNTHETIC,26120
BWG-SIM-001,Baghewala-style representative,3,2026-03-14T04:00:00,production,23.795,20.995,111,33.4,40,53,579,69.666,5.252,55.84,41.763,10.193,6.467,1.513,78.836,46.125,22.525,0,GOOD,SYNTHETIC,26120
BWG-SIM-001,Baghewala-style representative,3,2026-03-14T05:00:00,production,23.59,20.79,111,33.4,40,53,579,69.384,5.175,56.436,43.368,10.727,6.264,1.512,82.029,45.631,22.145,0,GOOD,SYNTHETIC,26120
BWG-SIM-001,Baghewala-style representative,3,2026-03-14T06:00:00,production,23.821,21.021,111,33.4,40,53,579,69.02,5.34,55.057,42.69,10.925,6.442,1.512,79.074,49.096,22.721,4,GOOD,SYNTHETIC,26120
BWG-SIM-001,Baghewala-style representative,3,2026-03-14T07:00:00,production,23.75,20.95,111,33.4,40,53,579,69.604,5.037,57.324,43.723,10.543,6.409,1.511,80.636,48.659,22.899,3,GOOD,SYNTHETIC,26120
BWG-SIM-001,Baghewala-style representative,3,2026-03-14T08:00:00,production,23.9,21.1,111,33.4,40,53,579,68.698,5.41,55.13,41.655,10.098,6.584,1.511,75.804,49.077,23.052,6,GOOD,SYNTHETIC,26120
BWG-SIM-001,Baghewala-style representative,3,2026-03-14T09:00:00,production,23.499,20.699,111,33.4,40,53,579,68.923,5.483,54.432,42.703,10.307,6.5,1.51,76.206,51.034,22.684,9,GOOD,SYNTHETIC,26120
BWG-SIM-001,Baghewala-style representative,3,2026-03-14T10:00:00,production,23.824,21.024,111,33.4,40,53,579,68.349,5.555,54.267,40.855,10.665,6.519,1.51,76.604,47.284,22.726,2,GOOD,SYNTHETIC,26120
BWG-SIM-001,Baghewala-style representative,3,2026-03-14T11:00:00,production,23.514,20.714,111,33.4,40,53,579,69.006,5.546,54.843,43.769,11.123,6.457,1.51,77.881,48.509,22.96,4,GOOD,SYNTHETIC,26120
BWG-SIM-001,Baghewala-style representative,3,2026-03-14T12:00:00,production,23.811,21.011,111,33.4,40,53,579,69.056,5.602,54.485,42.46,10.36,6.62,1.51,74.021,49.619,23.665,8,GOOD,SYNTHETIC,26120
BWG-SIM-001,Baghewala-style representative,3,2026-03-14T13:00:00,production,23.656,20.856,111,33.4,40,53,579,68.51,5.827,53.404,40.829,11.827,6.477,1.51,76.125,49.213,22.84,6,GOOD,SYNTHETIC,26120
BWG-SIM-001,Baghewala-style representative,3,2026-03-14T14:00:00,production,23.333,20.533,111,33.4,40,53,579,68.377,5.619,54.4,42.257,11.229,6.518,1.51,76.847,48.487,22.67,4,GOOD,SYNTHETIC,26120
BWG-SIM-001,Baghewala-style representative,3,2026-03-14T15:00:00,production,23.554,20.754,111,33.4,40,53,579,69.117,5.311,55.98,42.765,10.872,6.612,1.51,79.949,49.462,22.907,5,GOOD,SYNTHETIC,26120
BWG-SIM-001,Baghewala-style representative,3,2026-03-14T16:00:00,production,23.556,20.756,111,33.4,40,53,579,68.309,5.824,52.462,38.921,10.371,6.585,1.51,73.993,49.514,22.499,7,GOOD,SYNTHETIC,26120
BWG-SIM-001,Baghewala-style representative,3,2026-03-14T17:00:00,production,23.38,20.58,111,33.4,40,53,579,68.548,5.513,54.275,42.08,10.998,6.545,1.511,75.399,48.509,22.4,5,GOOD,SYNTHETIC,26120
BWG-SIM-001,Baghewala-style representative,3,2026-03-14T18:00:00,production,23.172,20.372,111,33.4,40,53,579,67.893,5.555,53.599,41.44,10.294,6.601,1.511,76.118,50.785,22.774,9,GOOD,SYNTHETIC,26120
BWG-SIM-001,Baghewala-style representative,3,2026-03-14T19:00:00,production,23.371,20.571,111,33.4,40,53,579,68.281,5.702,52.471,39.806,10.157,6.586,1.512,70.972,48.747,22.796,7,GOOD,SYNTHETIC,26120
BWG-SIM-001,Baghewala-style representative,3,2026-03-14T20:00:00,production,23.467,20.667,111,33.4,40,53,579,68.335,5.476,54.36,42.062,11.049,6.613,1.512,76.023,52.04,23.378,11,GOOD,SYNTHETIC,26120
BWG-SIM-001,Baghewala-style representative,3,2026-03-14T21:00:00,production,23.153,20.353,111,33.4,40,53,579,68.102,5.84,52.411,38.885,11.198,6.797,1.513,71.102,51.107,23.757,12,GOOD,SYNTHETIC,26120
BWG-SIM-001,Baghewala-style representative,3,2026-03-14T22:00:00,production,23.296,20.496,111,33.4,40,53,579,69.179,5.257,54.788,41.822,10.128,6.611,1.513,77.408,47.35,22.258,1,GOOD,SYNTHETIC,26120
BWG-SIM-001,Baghewala-style representative,3,2026-03-14T23:00:00,production,23.172,20.372,111,33.4,40,53,579,68.293,5.637,53.192,40.421,10.602,6.829,1.514,72.296,50.188,23.613,9,GOOD,SYNTHETIC,26120
BWG-SIM-001,Baghewala-style representative,3,2026-03-15T00:00:00,production,23.354,20.554,111,33.4,40,53,579,68.616,5.665,54.597,41.919,11.292,6.603,1.515,76.816,48.255,22.969,4,GOOD,SYNTHETIC,26120
BWG-SIM-001,Baghewala-style representative,3,2026-03-15T01:00:00,production,23.185,20.385,111,33.4,40,53,579,67.991,5.583,52.868,38.924,10.973,6.842,1.516,73.795,49.408,22.933,7,GOOD,SYNTHETIC,26120
BWG-SIM-001,Baghewala-style representative,3,2026-03-15T02:00:00,production,23.165,20.365,111,33.4,40,53,579,68.497,5.315,55.114,40.693,11.136,6.841,1.517,73.856,50.729,23.168,10,GOOD,SYNTHETIC,26120
BWG-SIM-001,Baghewala-style representative,3,2026-03-15T03:00:00,production,23.189,20.389,111,33.4,40,53,579,68.786,5.325,54.507,41.735,11.198,6.825,1.518,73.239,51.213,23.541,11,GOOD,SYNTHETIC,26120
BWG-SIM-001,Baghewala-style representative,3,2026-03-15T04:00:00,production,23.23,20.43,111,33.4,40,53,579,68.923,5.65,53.992,41.391,11.441,6.827,1.519,72.126,49.792,23.244,9,GOOD,SYNTHETIC,26120
BWG-SIM-001,Baghewala-style representative,3,2026-03-15T05:00:00,production,23.127,20.327,111,33.4,40,53,579,69.03,5.27,55.637,44.064,11.87,6.73,1.52,77.741,48.019,23.045,3,GOOD,SYNTHETIC,26120
BWG-SIM-001,Baghewala-style representative,3,2026-03-15T06:00:00,production,22.876,20.076,111,33.4,40,53,579,67.997,5.835,52.228,39.133,10.595,6.714,1.521,73.156,50.531,22.767,10,GOOD,SYNTHETIC,26120
BWG-SIM-001,Baghewala-style representative,3,2026-03-15T07:00:00,production,23.042,20.242,111,33.4,40,53,579,68.089,5.884,51.494,38.791,11.051,6.833,1.522,69.839,50.276,23.436,11,GOOD,SYNTHETIC,26120
BWG-SIM-001,Baghewala-style representative,3,2026-03-15T08:00:00,production,22.846,20.046,111,33.4,40,53,579,67.699,6.004,51.483,39.545,11.973,6.842,1.524,67.527,54.532,23.638,20,GOOD,SYNTHETIC,26120
BWG-SIM-001,Baghewala-style representative,3,2026-03-15T09:00:00,production,22.898,20.098,111,33.4,40,53,579,67.716,6.067,51.574,38.376,11.026,6.865,1.525,66.657,48.851,22.578,9,GOOD,SYNTHETIC,26120
BWG-SIM-001,Baghewala-style representative,3,2026-03-15T10:00:00,production,23.28,20.48,111,33.4,40,53,579,68.51,5.423,55.032,43.059,10.581,6.808,1.526,75.233,48.055,22.81,4,GOOD,SYNTHETIC,26120
BWG-SIM-001,Baghewala-style representative,3,2026-03-15T11:00:00,production,22.911,20.111,111,33.4,40,53,579,67.763,5.804,53.566,40.338,11.639,6.865,1.528,71.827,51.038,23.327,11,GOOD,SYNTHETIC,26120
BWG-SIM-001,Baghewala-style representative,3,2026-03-15T12:00:00,production,23.103,20.303,111,33.4,40,53,579,68.209,5.368,54.356,41.625,10.809,6.782,1.529,75.676,48.777,22.796,5,GOOD,SYNTHETIC,26120
BWG-SIM-001,Baghewala-style representative,3,2026-03-15T13:00:00,production,23.015,20.215,111,33.4,40,53,579,67.861,5.729,52.283,38.945,11.897,6.893,1.531,68.474,52.32,23.59,15,GOOD,SYNTHETIC,26120
BWG-SIM-001,Baghewala-style representative,3,2026-03-15T14:00:00,production,22.999,20.199,111,33.4,40,53,579,68.611,5.438,53.22,40.188,12.29,6.851,1.532,68.312,49.724,23.051,10,GOOD,SYNTHETIC,26120
BWG-SIM-001,Baghewala-style representative,3,2026-03-15T15:00:00,production,22.88,20.08,111,33.4,40,53,579,67.698,5.801,53.473,38.891,12.146,6.792,1.534,71.563,50.095,22.731,10,GOOD,SYNTHETIC,26120
BWG-SIM-001,Baghewala-style representative,3,2026-03-15T16:00:00,production,23.032,20.232,111,33.4,40,53,579,68.31,5.769,52.394,39.897,11.014,6.836,1.536,69.606,51.333,23.227,13,GOOD,SYNTHETIC,26120
BWG-SIM-001,Baghewala-style representative,3,2026-03-15T17:00:00,production,22.948,20.148,111,33.4,40,53,579,67.659,6.047,51.737,38.958,11.973,6.769,1.537,69.559,50.677,22.751,12,GOOD,SYNTHETIC,26120
BWG-SIM-001,Baghewala-style representative,3,2026-03-15T18:00:00,production,22.929,20.129,111,33.4,40,53,579,67.453,5.651,51.918,38.896,11.867,6.859,1.539,68.481,50.53,23.461,12,GOOD,SYNTHETIC,26120
BWG-SIM-001,Baghewala-style representative,3,2026-03-15T19:00:00,production,22.85,20.05,111,33.4,40,53,579,67.428,5.766,52.914,39.881,11.253,6.885,1.541,69.393,50.422,23.035,11,GOOD,SYNTHETIC,26120
BWG-SIM-001,Baghewala-style representative,3,2026-03-15T20:00:00,production,22.762,19.962,111,33.4,40,53,579,67.625,6.004,50.791,36.475,12.036,6.698,1.542,69.474,48.624,23.152,8,GOOD,SYNTHETIC,26120
BWG-SIM-001,Baghewala-style representative,3,2026-03-15T21:00:00,production,22.927,20.127,111,33.4,40,53,579,67.739,5.97,51.329,38.455,12.347,6.956,1.544,66.245,49.459,22.859,11,GOOD,SYNTHETIC,26120
BWG-SIM-001,Baghewala-style representative,3,2026-03-15T22:00:00,production,22.694,19.894,111,33.4,40,53,579,67.915,5.904,52.092,39.778,11.537,6.709,1.546,71.136,51.443,23.444,12,GOOD,SYNTHETIC,26120
BWG-SIM-001,Baghewala-style representative,3,2026-03-15T23:00:00,production,22.716,19.916,111,33.4,40,53,579,67.575,5.967,52.416,39.904,11.452,6.743,1.547,69.458,50.364,23.141,11,GOOD,SYNTHETIC,26120
BWG-SIM-001,Baghewala-style representative,3,2026-03-16T00:00:00,production,23.041,20.241,111,33.4,40,53,579,67.262,6.146,51.602,38.857,12.679,6.735,1.549,67.61,50.817,23.079,13,GOOD,SYNTHETIC,26120
BWG-SIM-001,Baghewala-style representative,3,2026-03-16T01:00:00,production,22.776,19.976,111,33.4,40,53,579,67.1,5.818,51.613,39.609,11.472,6.7,1.551,70.213,50.457,22.981,11,GOOD,SYNTHETIC,26120
BWG-SIM-001,Baghewala-style representative,3,2026-03-16T02:00:00,production,22.854,20.054,111,33.4,40,53,579,67.205,5.72,52.421,39.465,11.528,6.836,1.553,72.281,48.838,23.204,7,GOOD,SYNTHETIC,26120
BWG-SIM-001,Baghewala-style representative,3,2026-03-16T03:00:00,production,22.887,20.087,111,33.4,40,53,579,67.267,5.972,52.532,39.465,12.033,6.794,1.554,67.082,51.394,23.065,14,GOOD,SYNTHETIC,26120
BWG-SIM-001,Baghewala-style representative,3,2026-03-16T04:00:00,production,22.961,20.161,111,33.4,40,53,579,67.245,5.827,52.985,38.866,12.77,6.715,1.556,69.777,49.461,23.078,9,GOOD,SYNTHETIC,26120
BWG-SIM-001,Baghewala-style representative,3,2026-03-16T05:00:00,production,22.883,20.083,111,33.4,40,53,579,66.826,6.072,50.982,37.814,12.027,6.741,1.558,69.677,48.831,22.977,8,GOOD,SYNTHETIC,26120
BWG-SIM-001,Baghewala-style representative,3,2026-03-16T06:00:00,production,22.911,20.111,111,33.4,40,53,579,66.754,6.102,50.36,37.908,12.601,6.859,1.559,65.312,51.909,22.836,16,GOOD,SYNTHETIC,26120
BWG-SIM-001,Baghewala-style representative,3,2026-03-16T07:00:00,production,22.956,20.156,111,33.4,40,53,579,66.326,6.042,51.506,40.213,11.928,6.622,1.561,69.532,49.687,22.979,10,GOOD,SYNTHETIC,26120
BWG-SIM-001,Baghewala-style representative,3,2026-03-16T08:00:00,production,22.653,19.853,111,33.4,40,53,579,66.656,6.042,50.856,37.133,11.956,6.607,1.563,64.692,49.675,22.845,12,GOOD,SYNTHETIC,26120
BWG-SIM-001,Baghewala-style representative,3,2026-03-16T09:00:00,production,22.769,19.969,111,33.4,40,53,579,65.945,6.177,50.535,36.724,11.522,6.69,1.564,64.542,48.988,23.244,11,GOOD,SYNTHETIC,26120
BWG-SIM-001,Baghewala-style representative,3,2026-03-16T10:00:00,production,22.681,19.881,111,33.4,40,53,579,66.511,5.877,51.471,38.208,11.969,6.764,1.566,68.185,52.426,23.267,16,GOOD,SYNTHETIC,26120
BWG-SIM-001,Baghewala-style representative,3,2026-03-16T11:00:00,production,22.705,19.905,111,33.4,40,53,579,65.873,6.016,50.468,37.984,12.297,6.675,1.568,68.438,49.75,23.018,10,GOOD,SYNTHETIC,26120
BWG-SIM-001,Baghewala-style representative,3,2026-03-16T12:00:00,production,22.672,19.872,111,33.4,40,53,579,65.532,6.221,50.764,36.716,11.796,6.631,1.569,64.961,51.619,22.838,16,GOOD,SYNTHETIC,26120
BWG-SIM-001,Baghewala-style representative,3,2026-03-16T13:00:00,production,22.907,20.107,111,33.4,40,53,579,65.473,6.187,49.677,37.37,11.923,6.675,1.571,64.486,53.211,23.17,19,GOOD,SYNTHETIC,26120
BWG-SIM-001,Baghewala-style representative,3,2026-03-16T14:00:00,production,22.741,19.941,111,33.4,40,53,579,65.283,6.467,49.783,36.724,12.234,6.524,1.572,68.112,49.758,22.805,10,GOOD,SYNTHETIC,26120
BWG-SIM-001,Baghewala-style representative,3,2026-03-16T15:00:00,production,22.878,20.078,111,33.4,40,53,579,65.621,6.066,50.92,39.16,12.274,6.45,1.574,71.45,47.83,22.831,5,GOOD,SYNTHETIC,26120
BWG-SIM-001,Baghewala-style representative,3,2026-03-16T16:00:00,production,22.621,19.821,111,33.4,40,53,579,65.558,6.164,50.793,37.931,11.642,6.48,1.575,69.474,47.878,22.983,6,GOOD,SYNTHETIC,26120
BWG-SIM-001,Baghewala-style representative,3,2026-03-16T17:00:00,production,22.752,19.952,111,33.4,40,53,579,65.055,6.556,49.331,35.699,11.53,6.47,1.576,67.236,48.725,22.953,9,GOOD,SYNTHETIC,26120
BWG-SIM-001,Baghewala-style representative,3,2026-03-16T18:00:00,production,22.981,20.181,111,33.4,40,53,579,65.315,6.199,51.897,39.687,12.585,6.412,1.578,71.108,47.7,22.863,5,GOOD,SYNTHETIC,26120
BWG-SIM-001,Baghewala-style representative,3,2026-03-16T19:00:00,production,22.754,19.954,111,33.4,40,53,579,65.3,6.048,51.323,37.937,11.798,6.504,1.579,70.208,47.693,22.662,5,GOOD,SYNTHETIC,26120
BWG-SIM-001,Baghewala-style representative,3,2026-03-16T20:00:00,production,22.724,19.924,111,33.4,40,53,579,64.196,6.7,48.882,35.754,12.136,6.33,1.58,66.642,52.182,22.914,16,GOOD,SYNTHETIC,26120
BWG-SIM-001,Baghewala-style representative,3,2026-03-16T21:00:00,production,22.815,20.015,111,33.4,40,53,579,64.204,6.573,50.118,39.24,12.843,6.459,1.581,68.265,49.549,23.071,10,GOOD,SYNTHETIC,26120
BWG-SIM-001,Baghewala-style representative,3,2026-03-16T22:00:00,production,22.841,20.041,111,33.4,40,53,579,64.222,6.814,47.773,35.376,12.458,6.566,1.582,62.896,52.27,23.6,18,GOOD,SYNTHETIC,26120
BWG-SIM-001,Baghewala-style representative,3,2026-03-16T23:00:00,production,22.909,20.109,111,33.4,40,53,579,63.687,6.684,49.208,35.871,12.764,6.499,1.583,67.223,50.421,23.181,12,GOOD,SYNTHETIC,26120
BWG-SIM-001,Baghewala-style representative,3,2026-03-17T00:00:00,production,22.76,19.96,111,33.4,40,53,579,63.006,6.805,48.002,36.032,13.019,6.355,1.584,66.553,50.567,22.739,13,GOOD,SYNTHETIC,26120
BWG-SIM-001,Baghewala-style representative,3,2026-03-17T01:00:00,production,23.0,20.2,111,33.4,40,53,579,63.959,6.645,49.106,35.744,12.759,6.373,1.585,66.575,50.334,22.167,12,GOOD,SYNTHETIC,26120
BWG-SIM-001,Baghewala-style representative,3,2026-03-17T02:00:00,production,22.879,20.079,111,33.4,40,53,579,63.018,7.543,45.902,32.782,12.86,6.258,1.586,61.486,52.453,22.997,19,GOOD,SYNTHETIC,26120
BWG-SIM-001,Baghewala-style representative,3,2026-03-17T03:00:00,production,22.857,20.057,111,33.4,40,53,579,63.541,6.94,47.766,33.807,12.536,6.195,1.587,64.85,52.675,22.862,18,GOOD,SYNTHETIC,26120
BWG-SIM-001,Baghewala-style representative,3,2026-03-17T04:00:00,production,22.878,20.078,111,33.4,40,53,579,63.225,7.147,46.394,32.79,12.651,6.181,1.587,67.989,48.157,22.53,7,GOOD,SYNTHETIC,26120
BWG-SIM-001,Baghewala-style representative,3,2026-03-17T05:00:00,production,22.908,20.108,111,33.4,40,53,579,62.558,6.996,47.152,34.695,11.708,6.322,1.588,65.736,51.047,22.954,14,GOOD,SYNTHETIC,26120
BWG-SIM-001,Baghewala-style representative,3,2026-03-17T06:00:00,production,22.857,20.057,111,33.4,40,53,579,62.306,7.457,46.348,35.439,12.752,6.153,1.588,67.186,50.565,22.819,12,GOOD,SYNTHETIC,26120
BWG-SIM-001,Baghewala-style representative,3,2026-03-17T07:00:00,production,22.828,20.028,111,33.4,40,53,579,62.641,7.243,46.47,34.394,12.549,6.197,1.589,66.309,50.163,22.372,12,GOOD,SYNTHETIC,26120
BWG-SIM-001,Baghewala-style representative,3,2026-03-17T08:00:00,production,22.836,20.036,111,33.4,40,53,579,61.994,7.464,46.587,35.911,13.286,6.044,1.589,68.473,50.222,22.721,11,GOOD,SYNTHETIC,26120
BWG-SIM-001,Baghewala-style representative,3,2026-03-17T09:00:00,production,22.992,20.192,111,33.4,40,53,579,61.842,7.685,45.141,31.979,12.384,6.129,1.589,63.624,51.267,22.853,16,GOOD,SYNTHETIC,26120
BWG-SIM-001,Baghewala-style representative,3,2026-03-17T10:00:00,production,23.014,20.214,111,33.4,40,53,579,61.439,7.847,46.137,34.289,13.053,6.171,1.59,65.971,50.353,22.891,13,GOOD,SYNTHETIC,26120
BWG-SIM-001,Baghewala-style representative,3,2026-03-17T11:00:00,production,22.998,20.198,111,33.4,40,53,579,61.478,7.545,45.508,33.095,13.136,6.145,1.59,64.431,51.902,23.402,16,GOOD,SYNTHETIC,26120
BWG-SIM-001,Baghewala-style representative,3,2026-03-17T12:00:00,production,23.193,20.393,111,33.4,40,53,579,61.601,7.903,44.112,32.228,13.388,6.21,1.59,62.277,51.224,22.415,16,GOOD,SYNTHETIC,26120
BWG-SIM-001,Baghewala-style representative,3,2026-03-17T13:00:00,production,23.094,20.294,111,33.4,40,53,579,60.949,7.855,45.236,32.535,12.896,6.285,1.59,62.612,52.264,22.937,18,GOOD,SYNTHETIC,26120
BWG-SIM-001,Baghewala-style representative,3,2026-03-17T14:00:00,production,23.148,20.348,111,33.4,40,53,579,61.046,7.92,45.451,33.866,13.524,6.157,1.59,65.523,52.132,22.82,16,GOOD,SYNTHETIC,26120
BWG-SIM-001,Baghewala-style representative,3,2026-03-17T15:00:00,production,23.1,20.3,111,33.4,40,53,579,60.642,8.004,45.326,34.032,13.603,6.096,1.59,62.521,52.195,22.855,18,GOOD,SYNTHETIC,26120
BWG-SIM-001,Baghewala-style representative,3,2026-03-17T16:00:00,production,23.119,20.319,111,33.4,40,53,579,60.76,7.778,45.218,32.988,13.574,6.272,1.59,64.595,50.595,22.791,14,GOOD,SYNTHETIC,26120
BWG-SIM-001,Baghewala-style representative,3,2026-03-17T17:00:00,production,23.184,20.384,111,33.4,40,53,579,59.839,8.083,44.023,32.535,13.611,6.181,1.589,62.284,51.498,22.935,17,GOOD,SYNTHETIC,26120
BWG-SIM-001,Baghewala-style representative,3,2026-03-17T18:00:00,production,22.846,20.046,111,33.4,40,53,579,60.427,8.102,44.54,31.445,13.223,6.225,1.589,65.237,51.878,22.65,16,GOOD,SYNTHETIC,26120
BWG-SIM-001,Baghewala-style representative,3,2026-03-17T19:00:00,production,22.98,20.18,111,33.4,40,53,579,59.953,8.277,43.719,31.318,12.739,6.183,1.588,61.734,51.472,23.325,17,GOOD,SYNTHETIC,26120
BWG-SIM-001,Baghewala-style representative,3,2026-03-17T20:00:00,production,23.377,20.577,111,33.4,40,53,579,60.019,8.058,46.802,34.902,13.502,6.083,1.588,68.85,51.75,22.725,14,GOOD,SYNTHETIC,26120
BWG-SIM-001,Baghewala-style representative,3,2026-03-17T21:00:00,production,23.158,20.358,111,33.4,40,53,579,58.899,8.619,44.156,32.684,12.684,6.207,1.587,61.729,51.895,23.34,18,GOOD,SYNTHETIC,26120
BWG-SIM-001,Baghewala-style representative,3,2026-03-17T22:00:00,production,23.238,20.438,111,33.4,40,53,579,59.398,8.159,45.143,32.486,13.165,6.154,1.587,62.654,52.006,22.999,17,GOOD,SYNTHETIC,26120
BWG-SIM-001,Baghewala-style representative,3,2026-03-17T23:00:00,production,23.449,20.649,111,33.4,40,53,579,58.952,8.597,44.496,31.401,13.202,6.136,1.586,64.875,53.14,23.261,19,GOOD,SYNTHETIC,26120
BWG-SIM-001,Baghewala-style representative,3,2026-03-18T00:00:00,production,23.277,20.477,111,33.4,40,53,579,58.714,8.609,43.484,31.767,13.0,6.218,1.585,60.474,51.788,22.907,18,GOOD,SYNTHETIC,26120
BWG-SIM-001,Baghewala-style representative,3,2026-03-18T01:00:00,production,23.17,20.37,111,33.4,40,53,579,58.739,8.478,44.009,31.16,13.766,6.22,1.584,63.041,51.866,22.606,17,GOOD,SYNTHETIC,26120
BWG-SIM-001,Baghewala-style representative,3,2026-03-18T02:00:00,production,23.045,20.245,111,33.4,40,53,579,57.718,9.081,42.364,30.931,13.375,6.132,1.583,61.89,52.96,22.645,20,GOOD,SYNTHETIC,26120
BWG-SIM-001,Baghewala-style representative,3,2026-03-18T03:00:00,production,23.345,20.545,111,33.4,40,53,579,58.534,8.654,43.166,31.076,13.833,6.277,1.582,60.338,52.261,23.307,19,GOOD,SYNTHETIC,26120
BWG-SIM-001,Baghewala-style representative,3,2026-03-18T04:00:00,production,23.446,20.646,111,33.4,40,53,579,57.644,9.071,42.916,31.728,13.013,6.228,1.581,62.456,52.294,22.767,18,GOOD,SYNTHETIC,26120
BWG-SIM-001,Baghewala-style representative,3,2026-03-18T05:00:00,production,23.29,20.49,111,33.4,40,53,579,57.922,8.988,42.404,30.779,13.782,6.176,1.58,60.183,52.821,22.861,20,GOOD,SYNTHETIC,26120
BWG-SIM-001,Baghewala-style representative,3,2026-03-18T06:00:00,production,23.408,20.608,111,33.4,40,53,579,58.557,8.58,44.394,32.09,12.819,6.172,1.579,61.712,52.169,22.783,18,GOOD,SYNTHETIC,26120
BWG-SIM-001,Baghewala-style representative,3,2026-03-18T07:00:00,production,23.383,20.583,111,33.4,40,53,579,57.894,9.046,42.511,30.608,13.124,6.187,1.578,61.094,53.077,22.881,20,GOOD,SYNTHETIC,26120
BWG-SIM-001,Baghewala-style representative,3,2026-03-18T08:00:00,production,23.413,20.613,111,33.4,40,53,579,57.461,9.235,42.953,30.169,13.283,6.316,1.577,59.338,54.39,23.193,24,GOOD,SYNTHETIC,26120
BWG-SIM-001,Baghewala-style representative,3,2026-03-18T09:00:00,production,23.413,20.613,111,33.4,40,53,579,57.507,8.83,43.229,31.948,13.99,6.226,1.575,60.744,50.31,22.827,15,GOOD,SYNTHETIC,26120
BWG-SIM-001,Baghewala-style representative,3,2026-03-18T10:00:00,production,23.475,20.675,111,33.4,40,53,579,57.048,9.616,41.838,29.685,13.388,6.331,1.574,57.453,54.079,23.637,24,GOOD,SYNTHETIC,26120
BWG-SIM-001,Baghewala-style representative,3,2026-03-18T11:00:00,production,23.551,20.751,111,33.4,40,53,579,57.376,9.031,43.08,31.357,13.509,6.189,1.573,61.935,52.312,23.086,18,GOOD,SYNTHETIC,26120
BWG-SIM-001,Baghewala-style representative,3,2026-03-18T12:00:00,production,23.457,20.657,111,33.4,40,53,579,56.86,9.297,42.833,31.597,13.565,6.255,1.571,61.541,52.784,22.909,19,GOOD,SYNTHETIC,26120
BWG-SIM-001,Baghewala-style representative,3,2026-03-18T13:00:00,production,23.527,20.727,111,33.4,40,53,579,57.451,9.581,41.883,31.831,14.377,6.468,1.57,61.097,53.213,22.756,21,GOOD,SYNTHETIC,26120
BWG-SIM-001,Baghewala-style representative,3,2026-03-18T14:00:00,production,23.512,20.712,111,33.4,40,53,579,56.957,9.525,42.405,31.052,13.785,6.282,1.568,58.821,53.322,22.828,22,GOOD,SYNTHETIC,26120
BWG-SIM-001,Baghewala-style representative,3,2026-03-18T15:00:00,production,23.479,20.679,111,33.4,40,53,579,56.402,9.508,43.086,31.394,13.666,6.367,1.566,61.351,53.235,23.169,20,GOOD,SYNTHETIC,26120
BWG-SIM-001,Baghewala-style representative,3,2026-03-18T16:00:00,production,23.573,20.773,111,33.4,40,53,579,56.292,9.728,42.538,30.91,13.829,6.256,1.565,58.33,50.54,22.294,16,GOOD,SYNTHETIC,26120
BWG-SIM-001,Baghewala-style representative,3,2026-03-18T17:00:00,production,23.541,20.741,111,33.4,40,53,579,55.891,10.01,41.702,30.442,14.099,6.471,1.563,55.402,56.105,23.364,29,GOOD,SYNTHETIC,26120
BWG-SIM-001,Baghewala-style representative,3,2026-03-18T18:00:00,production,23.763,20.963,111,33.4,40,53,579,55.814,9.955,42.273,30.563,14.144,6.251,1.562,59.871,52.221,23.173,19,GOOD,SYNTHETIC,26120
BWG-SIM-001,Baghewala-style representative,3,2026-03-18T19:00:00,production,23.651,20.851,111,33.4,40,53,579,56.326,9.722,42.127,29.209,13.926,6.453,1.56,55.511,53.342,23.035,23,GOOD,SYNTHETIC,26120
BWG-SIM-001,Baghewala-style representative,3,2026-03-18T20:00:00,production,23.755,20.955,111,33.4,40,53,579,56.133,9.943,41.56,28.891,13.811,6.392,1.558,57.952,52.748,23.23,21,GOOD,SYNTHETIC,26120
BWG-SIM-001,Baghewala-style representative,3,2026-03-18T21:00:00,production,23.831,21.031,111,33.4,40,53,579,55.816,9.864,41.232,28.925,13.544,6.418,1.557,56.44,55.705,23.143,28,GOOD,SYNTHETIC,26120
BWG-SIM-001,Baghewala-style representative,3,2026-03-18T22:00:00,production,23.797,20.997,111,33.4,40,53,579,55.76,9.826,43.072,30.679,13.667,6.594,1.555,59.919,52.435,23.363,20,GOOD,SYNTHETIC,26120
BWG-SIM-001,Baghewala-style representative,3,2026-03-18T23:00:00,production,23.693,20.893,111,33.4,40,53,579,56.009,9.913,42.203,29.125,13.83,6.624,1.553,59.021,55.239,23.723,26,GOOD,SYNTHETIC,26120
BWG-SIM-001,Baghewala-style representative,3,2026-03-19T00:00:00,production,23.823,21.023,111,33.4,40,53,579,56.016,9.649,41.839,30.412,14.33,6.472,1.551,57.461,53.049,23.038,22,GOOD,SYNTHETIC,26120
BWG-SIM-001,Baghewala-style representative,3,2026-03-19T01:00:00,production,23.765,20.965,111,33.4,40,53,579,55.542,10.123,41.857,29.674,14.261,6.614,1.55,56.692,53.078,23.035,22,GOOD,SYNTHETIC,26120
BWG-SIM-001,Baghewala-style representative,3,2026-03-19T02:00:00,production,23.78,20.98,111,33.4,40,53,579,55.299,10.564,40.748,29.592,14.186,6.501,1.548,56.615,53.22,23.485,23,GOOD,SYNTHETIC,26120
BWG-SIM-001,Baghewala-style representative,3,2026-03-19T03:00:00,production,23.793,20.993,111,33.4,40,53,579,55.096,10.264,41.168,29.427,13.944,6.545,1.546,56.306,53.911,23.096,24,GOOD,SYNTHETIC,26120
BWG-SIM-001,Baghewala-style representative,3,2026-03-19T04:00:00,production,23.666,20.866,111,33.4,40,53,579,55.172,10.56,40.422,28.013,14.573,6.618,1.544,54.469,54.366,23.419,26,GOOD,SYNTHETIC,26120
BWG-SIM-001,Baghewala-style representative,3,2026-03-19T05:00:00,production,23.878,21.078,111,33.4,40,53,579,55.963,9.457,42.542,29.638,13.354,6.601,1.543,58.808,54.788,23.717,25,GOOD,SYNTHETIC,26120
BWG-SIM-001,Baghewala-style representative,3,2026-03-19T06:00:00,production,23.774,20.974,111,33.4,40,53,579,54.977,10.505,41.009,29.011,14.475,6.578,1.541,56.177,54.819,23.543,26,GOOD,SYNTHETIC,26120
BWG-SIM-001,Baghewala-style representative,3,2026-03-19T07:00:00,production,23.814,21.014,111,33.4,40,53,579,55.47,9.922,41.641,28.81,13.71,6.804,1.539,53.861,56.702,23.845,31,GOOD,SYNTHETIC,26120
BWG-SIM-001,Baghewala-style representative,3,2026-03-19T08:00:00,production,23.728,20.928,111,33.4,40,53,579,55.518,9.844,41.979,29.009,13.759,6.672,1.538,55.142,55.866,23.696,29,GOOD,SYNTHETIC,26120
BWG-SIM-001,Baghewala-style representative,3,2026-03-19T09:00:00,production,23.785,20.985,111,33.4,40,53,579,54.921,10.271,41.511,29.785,13.895,6.603,1.536,53.384,52.046,23.327,22,GOOD,SYNTHETIC,26120
BWG-SIM-001,Baghewala-style representative,3,2026-03-19T10:00:00,production,23.9,21.1,111,33.4,40,53,579,54.977,10.423,41.05,28.716,14.737,6.701,1.534,55.073,54.258,23.376,25,GOOD,SYNTHETIC,26120
BWG-SIM-001,Baghewala-style representative,3,2026-03-19T11:00:00,production,23.565,20.765,111,33.4,40,53,579,55.458,9.985,42.027,30.141,14.354,6.899,1.533,53.933,55.887,23.815,29,GOOD,SYNTHETIC,26120
BWG-SIM-001,Baghewala-style representative,3,2026-03-19T12:00:00,production,23.729,20.929,111,33.4,40,53,579,54.289,10.58,41.371,28.693,14.215,6.679,1.531,58.04,54.444,23.46,24,GOOD,SYNTHETIC,26120
BWG-SIM-001,Baghewala-style representative,3,2026-03-19T13:00:00,production,23.813,21.013,111,33.4,40,53,579,55.014,10.333,40.724,29.757,14.789,6.688,1.53,55.814,54.151,23.689,25,GOOD,SYNTHETIC,26120
BWG-SIM-001,Baghewala-style representative,3,2026-03-19T14:00:00,production,23.784,20.984,111,33.4,40,53,579,54.837,10.347,40.379,26.668,13.85,6.9,1.528,51.405,55.76,23.78,30,GOOD,SYNTHETIC,26120
BWG-SIM-001,Baghewala-style representative,3,2026-03-19T15:00:00,production,24.004,21.204,111,33.4,40,53,579,55.069,10.526,40.147,27.376,14.291,6.821,1.527,52.623,55.423,24.0,29,GOOD,SYNTHETIC,26120
BWG-SIM-001,Baghewala-style representative,3,2026-03-19T16:00:00,production,23.915,21.115,111,33.4,40,53,579,54.931,10.443,40.87,28.293,14.252,6.671,1.525,54.313,56.033,23.991,29,GOOD,SYNTHETIC,26120
BWG-SIM-001,Baghewala-style representative,3,2026-03-19T17:00:00,production,23.902,21.102,111,33.4,40,53,579,55.296,10.329,40.886,28.096,14.571,6.69,1.524,56.721,55.42,24.0,27,GOOD,SYNTHETIC,26120
BWG-SIM-001,Baghewala-style representative,3,2026-03-19T18:00:00,production,23.886,21.086,111,33.4,40,53,579,55.196,10.496,39.704,26.419,14.677,6.849,1.523,52.525,57.547,23.714,33,GOOD,SYNTHETIC,26120
BWG-SIM-001,Baghewala-style representative,3,2026-03-19T19:00:00,production,23.689,20.889,111,33.4,40,53,579,54.003,10.834,39.919,27.353,14.334,6.836,1.522,53.903,54.829,23.894,27,GOOD,SYNTHETIC,26120
BWG-SIM-001,Baghewala-style representative,3,2026-03-19T20:00:00,production,23.972,21.172,111,33.4,40,53,579,54.565,10.648,39.848,27.43,14.552,6.876,1.52,49.575,56.702,24.0,33,GOOD,SYNTHETIC,26120
BWG-SIM-001,Baghewala-style representative,3,2026-03-19T21:00:00,production,24.057,21.257,111,33.4,40,53,579,54.983,10.278,41.842,28.702,13.805,6.894,1.519,55.465,55.702,23.6,28,GOOD,SYNTHETIC,26120
BWG-SIM-001,Baghewala-style representative,3,2026-03-19T22:00:00,production,23.892,21.092,111,33.4,40,53,579,55.157,10.238,40.441,27.664,14.883,6.862,1.518,54.379,55.948,23.604,29,GOOD,SYNTHETIC,26120
BWG-SIM-001,Baghewala-style representative,3,2026-03-19T23:00:00,production,23.613,20.813,111,33.4,40,53,579,55.094,10.16,41.062,27.405,14.551,6.994,1.517,53.545,54.937,23.396,27,GOOD,SYNTHETIC,26120
BWG-SIM-001,Baghewala-style representative,3,2026-03-20T00:00:00,production,23.932,21.132,111,33.4,40,53,579,54.295,10.614,41.259,28.373,14.57,6.977,1.516,53.026,55.077,23.22,28,GOOD,SYNTHETIC,26120
BWG-SIM-001,Baghewala-style representative,3,2026-03-20T01:00:00,production,23.969,21.169,111,33.4,40,53,579,54.796,10.188,42.373,30.286,14.527,6.839,1.515,54.748,53.91,23.719,25,GOOD,SYNTHETIC,26120
BWG-SIM-001,Baghewala-style representative,3,2026-03-20T02:00:00,production,23.94,21.14,111,33.4,40,53,579,54.457,10.418,41.707,29.004,14.57,6.928,1.514,53.795,54.941,23.685,27,GOOD,SYNTHETIC,26120
BWG-SIM-001,Baghewala-style representative,3,2026-03-20T03:00:00,production,23.889,21.089,111,33.4,40,53,579,54.906,10.371,40.827,28.858,14.164,6.759,1.514,55.369,55.424,23.477,28,GOOD,SYNTHETIC,26120
BWG-SIM-001,Baghewala-style representative,3,2026-03-20T04:00:00,production,23.847,21.047,111,33.4,40,53,579,54.381,10.3,41.861,29.667,14.905,6.988,1.513,53.676,54.316,24.0,26,GOOD,SYNTHETIC,26120
BWG-SIM-001,Baghewala-style representative,3,2026-03-20T05:00:00,production,23.898,21.098,111,33.4,40,53,579,54.503,10.485,41.452,30.131,14.715,6.808,1.512,56.506,55.822,23.669,28,GOOD,SYNTHETIC,26120
BWG-SIM-001,Baghewala-style representative,3,2026-03-20T06:00:00,production,23.541,20.741,111,33.4,40,53,579,54.275,10.808,39.98,27.125,15.0,6.868,1.512,55.153,57.494,23.929,32,GOOD,SYNTHETIC,26120
BWG-SIM-001,Baghewala-style representative,3,2026-03-20T07:00:00,production,23.834,21.034,111,33.4,40,53,579,54.563,10.708,40.427,28.077,14.37,6.891,1.511,53.515,56.45,23.978,30,GOOD,SYNTHETIC,26120
BWG-SIM-001,Baghewala-style representative,3,2026-03-20T08:00:00,production,23.522,20.722,111,33.4,40,53,579,54.246,10.54,40.991,28.834,14.777,6.855,1.511,55.563,54.585,23.757,26,GOOD,SYNTHETIC,26120
BWG-SIM-001,Baghewala-style representative,3,2026-03-20T09:00:00,production,23.786,20.986,111,33.4,40,53,579,55.444,10.015,41.517,30.31,15.0,6.953,1.511,56.181,54.432,23.656,25,GOOD,SYNTHETIC,26120
BWG-SIM-001,Baghewala-style representative,3,2026-03-20T10:00:00,production,23.676,20.876,111,33.4,40,53,579,54.201,10.656,41.349,28.881,14.85,6.844,1.51,56.071,52.836,23.759,22,GOOD,SYNTHETIC,26120
BWG-SIM-001,Baghewala-style representative,3,2026-03-20T11:00:00,production,23.589,20.789,111,33.4,40,53,579,54.367,10.598,39.916,28.027,14.54,6.865,1.51,53.544,56.738,23.788,31,GOOD,SYNTHETIC,26120
BWG-SIM-001,Baghewala-style representative,3,2026-03-20T12:00:00,production,24.019,21.219,111,33.4,40,53,579,54.794,10.457,40.99,29.129,14.748,6.788,1.51,55.923,54.98,23.583,26,GOOD,SYNTHETIC,26120
BWG-SIM-001,Baghewala-style representative,3,2026-03-20T13:00:00,production,23.685,20.885,111,33.4,40,53,579,54.172,10.738,40.399,28.343,14.833,6.714,1.51,53.55,53.663,23.309,25,GOOD,SYNTHETIC,26120
BWG-SIM-001,Baghewala-style representative,3,2026-03-20T14:00:00,production,23.796,20.996,111,33.4,40,53,579,54.223,10.679,40.908,28.717,15.0,6.675,1.51,57.164,56.823,23.586,30,GOOD,SYNTHETIC,26120
BWG-SIM-001,Baghewala-style representative,3,2026-03-20T15:00:00,production,23.729,20.929,111,33.4,40,53,579,54.434,10.204,41.531,28.681,15.0,6.752,1.51,54.867,54.531,23.69,26,GOOD,SYNTHETIC,26120
BWG-SIM-001,Baghewala-style representative,3,2026-03-20T16:00:00,production,23.735,20.935,111,33.4,40,53,579,54.815,10.391,40.689,28.017,14.55,6.724,1.51,52.87,54.936,23.373,28,GOOD,SYNTHETIC,26120
BWG-SIM-001,Baghewala-style representative,3,2026-03-20T17:00:00,production,23.669,20.869,111,33.4,40,53,579,53.58,10.934,41.014,28.766,15.0,6.72,1.511,57.285,57.69,23.548,31,GOOD,SYNTHETIC,26120
BWG-SIM-001,Baghewala-style representative,3,2026-03-20T18:00:00,production,23.6,20.8,111,33.4,40,53,579,54.142,10.961,41.831,29.818,15.0,6.574,1.511,56.169,54.334,23.467,25,GOOD,SYNTHETIC,26120
BWG-SIM-001,Baghewala-style representative,3,2026-03-20T19:00:00,production,23.809,21.009,111,33.4,40,53,579,54.262,10.586,40.836,28.999,14.784,6.712,1.511,55.815,53.596,23.411,24,GOOD,SYNTHETIC,26120
BWG-SIM-001,Baghewala-style representative,3,2026-03-20T20:00:00,production,23.716,20.916,111,33.4,40,53,579,53.416,11.02,38.888,26.689,14.901,6.709,1.512,53.546,57.272,24.0,32,GOOD,SYNTHETIC,26120
BWG-SIM-001,Baghewala-style representative,3,2026-03-20T21:00:00,production,23.729,20.929,111,33.4,40,53,579,53.633,11.11,40.18,27.81,15.0,6.606,1.512,54.951,55.609,23.488,28,GOOD,SYNTHETIC,26120
BWG-SIM-001,Baghewala-style representative,3,2026-03-20T22:00:00,production,23.765,20.965,111,33.4,40,53,579,53.847,11.125,39.911,27.795,15.0,6.624,1.513,54.549,56.396,23.621,30,GOOD,SYNTHETIC,26120
BWG-SIM-001,Baghewala-style representative,3,2026-03-20T23:00:00,production,23.594,20.794,111,33.4,40,53,579,53.996,11.076,40.492,29.287,15.0,6.526,1.514,59.543,52.339,23.009,19,GOOD,SYNTHETIC,26120
BWG-SIM-001,Baghewala-style representative,3,2026-03-21T00:00:00,production,23.625,20.825,111,33.4,40,53,579,53.99,10.678,40.604,29.055,15.0,6.53,1.515,58.214,52.25,23.097,20,GOOD,SYNTHETIC,26120
BWG-SIM-001,Baghewala-style representative,3,2026-03-21T01:00:00,production,23.457,20.657,111,33.4,40,53,579,53.107,11.286,39.416,27.495,15.0,6.524,1.515,56.648,56.82,23.413,30,GOOD,SYNTHETIC,26120
BWG-SIM-001,Baghewala-style representative,3,2026-03-21T02:00:00,production,23.651,20.851,111,33.4,40,53,579,53.832,10.872,41.293,30.166,15.0,6.517,1.516,59.113,55.258,23.805,26,GOOD,SYNTHETIC,26120
BWG-SIM-001,Baghewala-style representative,3,2026-03-21T03:00:00,production,23.56,20.76,111,33.4,40,53,579,53.448,11.056,39.247,27.061,15.0,6.505,1.517,53.715,55.918,22.991,29,GOOD,SYNTHETIC,26120
BWG-SIM-001,Baghewala-style representative,3,2026-03-21T04:00:00,production,23.284,20.484,111,33.4,40,53,579,53.428,10.884,39.555,27.431,15.0,6.424,1.518,54.07,53.165,23.515,24,GOOD,SYNTHETIC,26120
BWG-SIM-001,Baghewala-style representative,3,2026-03-21T05:00:00,production,23.638,20.838,111,33.4,40,53,579,52.396,11.461,39.318,27.949,15.0,6.476,1.519,56.528,53.663,23.227,23,GOOD,SYNTHETIC,26120
BWG-SIM-001,Baghewala-style representative,3,2026-03-21T06:00:00,production,23.201,20.401,111,33.4,40,53,579,52.748,11.269,39.6,27.405,15.0,6.468,1.521,58.109,55.894,23.609,27,GOOD,SYNTHETIC,26120
BWG-SIM-001,Baghewala-style representative,3,2026-03-21T07:00:00,production,23.552,20.752,111,33.4,40,53,579,52.982,11.063,39.336,27.713,15.0,6.392,1.522,56.377,56.945,23.792,30,GOOD,SYNTHETIC,26120
BWG-SIM-001,Baghewala-style representative,3,2026-03-21T08:00:00,production,23.313,20.513,111,33.4,40,53,579,51.888,12.071,37.764,25.993,15.0,6.392,1.523,53.211,53.869,23.255,25,GOOD,SYNTHETIC,26120
BWG-SIM-001,Baghewala-style representative,3,2026-03-21T09:00:00,production,23.415,20.615,111,33.4,40,53,579,52.49,11.62,39.174,27.286,15.0,6.259,1.524,56.226,53.068,23.158,22,GOOD,SYNTHETIC,26120
BWG-SIM-001,Baghewala-style representative,3,2026-03-21T10:00:00,production,23.281,20.481,111,33.4,40,53,579,52.54,11.879,38.345,26.61,15.0,6.384,1.526,54.123,55.403,23.03,28,GOOD,SYNTHETIC,26120
BWG-SIM-001,Baghewala-style representative,3,2026-03-21T11:00:00,production,23.352,20.552,111,33.4,40,53,579,51.54,11.84,38.342,26.562,15.0,6.339,1.527,56.017,53.809,22.346,24,GOOD,SYNTHETIC,26120
BWG-SIM-001,Baghewala-style representative,3,2026-03-21T12:00:00,production,23.226,20.426,111,33.4,40,53,579,51.888,11.932,38.838,27.808,15.0,6.282,1.529,56.926,54.535,23.713,25,GOOD,SYNTHETIC,26120
BWG-SIM-001,Baghewala-style representative,3,2026-03-21T13:00:00,production,23.171,20.371,111,33.4,40,53,579,51.802,12.234,38.834,27.258,15.0,6.33,1.53,57.076,56.641,23.403,29,GOOD,SYNTHETIC,26120
BWG-SIM-001,Baghewala-style representative,3,2026-03-21T14:00:00,production,23.191,20.391,111,33.4,40,53,579,52.086,11.418,39.06,27.683,15.0,6.295,1.532,56.534,55.096,23.512,26,GOOD,SYNTHETIC,26120
BWG-SIM-001,Baghewala-style representative,3,2026-03-21T15:00:00,production,23.287,20.487,111,33.4,40,53,579,51.559,12.298,38.413,27.328,15.0,6.176,1.533,56.499,54.054,22.729,24,GOOD,SYNTHETIC,26120
BWG-SIM-001,Baghewala-style representative,3,2026-03-21T16:00:00,production,23.239,20.439,111,33.4,40,53,579,51.651,11.955,38.526,25.526,15.0,6.291,1.535,54.408,54.662,22.952,26,GOOD,SYNTHETIC,26120
BWG-SIM-001,Baghewala-style representative,3,2026-03-21T17:00:00,production,23.101,20.301,111,33.4,40,53,579,51.596,12.327,38.937,25.684,15.0,6.208,1.536,52.813,54.144,22.429,26,GOOD,SYNTHETIC,26120
BWG-SIM-001,Baghewala-style representative,3,2026-03-21T18:00:00,production,23.001,20.201,111,33.4,40,53,579,51.412,12.284,38.091,25.215,15.0,6.277,1.538,53.447,55.03,23.469,28,GOOD,SYNTHETIC,26120
BWG-SIM-001,Baghewala-style representative,3,2026-03-21T19:00:00,production,23.082,20.282,111,33.4,40,53,579,50.377,12.743,37.509,24.568,15.0,6.367,1.54,50.872,55.477,23.468,30,GOOD,SYNTHETIC,26120
BWG-SIM-001,Baghewala-style representative,3,2026-03-21T20:00:00,production,22.972,20.172,111,33.4,40,53,579,50.945,12.502,38.243,27.836,15.0,6.226,1.541,54.013,54.943,23.076,27,GOOD,SYNTHETIC,26120
BWG-SIM-001,Baghewala-style representative,3,2026-03-21T21:00:00,production,22.905,20.105,111,33.4,40,53,579,50.697,12.686,38.417,28.317,15.0,6.028,1.543,57.911,53.153,22.422,22,GOOD,SYNTHETIC,26120
BWG-SIM-001,Baghewala-style representative,3,2026-03-21T22:00:00,production,23.171,20.371,111,33.4,40,53,579,50.211,12.967,37.28,26.481,15.0,6.154,1.545,54.794,57.18,23.283,31,GOOD,SYNTHETIC,26120
BWG-SIM-001,Baghewala-style representative,3,2026-03-21T23:00:00,production,22.73,19.93,111,33.4,40,53,579,49.937,13.199,36.509,24.662,15.0,6.331,1.546,51.696,56.212,23.428,31,GOOD,SYNTHETIC,26120
BWG-SIM-001,Baghewala-style representative,3,2026-03-22T00:00:00,production,22.96,20.16,111,33.4,40,53,579,49.869,13.112,36.523,24.671,15.0,6.199,1.548,51.256,55.13,23.467,29,GOOD,SYNTHETIC,26120
BWG-SIM-001,Baghewala-style representative,3,2026-03-22T01:00:00,production,22.834,20.034,111,33.4,40,53,579,49.791,13.173,37.488,25.144,15.0,6.084,1.55,55.321,54.878,22.782,26,GOOD,SYNTHETIC,26120
BWG-SIM-001,Baghewala-style representative,3,2026-03-22T02:00:00,production,22.654,19.854,111,33.4,40,53,579,49.244,13.397,36.666,25.561,15.0,6.252,1.552,55.563,54.804,22.892,26,GOOD,SYNTHETIC,26120
BWG-SIM-001,Baghewala-style representative,3,2026-03-22T03:00:00,production,22.795,19.995,111,33.4,40,53,579,49.587,13.223,37.994,26.638,15.0,6.161,1.553,55.478,56.334,23.284,29,GOOD,SYNTHETIC,26120
BWG-SIM-001,Baghewala-style representative,3,2026-03-22T04:00:00,production,22.633,19.833,111,33.4,40,53,579,49.131,13.772,36.801,24.733,15.0,6.193,1.555,53.896,56.518,23.392,30,GOOD,SYNTHETIC,26120
BWG-SIM-001,Baghewala-style representative,3,2026-03-22T05:00:00,production,22.561,19.761,111,33.4,40,53,579,48.717,13.72,36.375,24.491,15.0,6.185,1.557,52.306,55.94,23.346,30,GOOD,SYNTHETIC,26120
BWG-SIM-001,Baghewala-style representative,3,2026-03-22T06:00:00,production,22.632,19.832,111,33.4,40,53,579,48.32,13.933,36.396,25.018,15.0,6.218,1.559,51.183,54.621,23.204,28,GOOD,SYNTHETIC,26120
BWG-SIM-001,Baghewala-style representative,3,2026-03-22T07:00:00,production,22.708,19.908,111,33.4,40,53,579,48.234,14.3,36.376,24.628,15.0,6.214,1.56,51.644,56.478,23.492,31,GOOD,SYNTHETIC,26120
BWG-SIM-001,Baghewala-style representative,3,2026-03-22T08:00:00,production,22.739,19.939,111,33.4,40,53,579,48.557,13.818,36.583,25.731,15.0,6.243,1.562,52.858,56.923,23.406,32,GOOD,SYNTHETIC,26120
BWG-SIM-001,Baghewala-style representative,3,2026-03-22T09:00:00,production,22.45,19.65,111,33.4,40,53,579,48.261,13.734,36.56,24.16,15.0,6.267,1.564,51.697,57.394,23.775,33,GOOD,SYNTHETIC,26120
BWG-SIM-001,Baghewala-style representative,3,2026-03-22T10:00:00,production,22.453,19.653,111,33.4,40,53,579,48.467,13.736,36.536,24.581,15.0,6.081,1.565,51.168,53.155,22.816,25,GOOD,SYNTHETIC,26120
BWG-SIM-001,Baghewala-style representative,3,2026-03-22T11:00:00,production,22.591,19.791,111,33.4,40,53,579,48.0,14.134,35.964,24.07,15.0,6.22,1.567,48.316,57.685,23.615,35,GOOD,SYNTHETIC,26120
BWG-SIM-001,Baghewala-style representative,3,2026-03-22T12:00:00,production,22.528,19.728,111,33.4,40,53,579,48.0,14.136,35.555,23.156,15.0,6.11,1.568,51.024,55.508,23.334,30,GOOD,SYNTHETIC,26120
BWG-SIM-001,Baghewala-style representative,3,2026-03-22T13:00:00,production,22.548,19.748,111,33.4,40,53,579,48.0,14.227,36.22,24.848,15.0,6.161,1.57,51.1,53.842,22.888,26,GOOD,SYNTHETIC,26120
BWG-SIM-001,Baghewala-style representative,3,2026-03-22T14:00:00,production,22.505,19.705,111,33.4,40,53,579,48.0,14.106,36.167,25.66,15.0,6.173,1.571,51.39,55.189,23.372,29,GOOD,SYNTHETIC,26120
BWG-SIM-001,Baghewala-style representative,3,2026-03-22T15:00:00,production,22.358,19.558,111,33.4,40,53,579,48.0,14.379,35.862,24.087,15.0,6.234,1.573,50.552,56.226,23.189,31,GOOD,SYNTHETIC,26120
BWG-SIM-001,Baghewala-style representative,3,2026-03-22T16:00:00,production,22.372,19.572,111,33.4,40,53,579,48.0,14.013,35.705,22.732,15.0,6.242,1.574,52.238,56.877,23.233,32,GOOD,SYNTHETIC,26120
BWG-SIM-001,Baghewala-style representative,3,2026-03-22T17:00:00,production,22.443,19.643,111,33.4,40,53,579,48.0,14.257,36.295,25.634,15.0,6.129,1.576,57.083,55.282,23.396,26,GOOD,SYNTHETIC,26120
BWG-SIM-001,Baghewala-style representative,3,2026-03-22T18:00:00,production,22.179,19.379,111,33.4,40,53,579,48.0,14.046,35.767,25.932,15.0,6.171,1.577,53.224,55.359,23.141,28,GOOD,SYNTHETIC,26120
BWG-SIM-001,Baghewala-style representative,3,2026-03-22T19:00:00,production,22.38,19.58,111,33.4,40,53,579,48.0,14.543,37.162,25.466,15.0,6.317,1.578,53.346,57.509,23.741,33,GOOD,SYNTHETIC,26120
BWG-SIM-001,Baghewala-style representative,3,2026-03-22T20:00:00,production,22.433,19.633,111,33.4,40,53,579,48.0,14.563,35.462,23.802,15.0,6.151,1.579,50.328,55.857,23.101,31,GOOD,SYNTHETIC,26120
BWG-SIM-001,Baghewala-style representative,3,2026-03-22T21:00:00,production,22.216,19.416,111,33.4,40,53,579,48.0,14.123,36.463,25.921,15.0,6.466,1.581,49.723,55.255,23.144,30,GOOD,SYNTHETIC,26120
BWG-SIM-001,Baghewala-style representative,3,2026-03-22T22:00:00,production,22.004,19.204,111,33.4,40,53,579,48.0,14.07,35.607,25.554,15.0,6.179,1.582,51.694,56.25,23.178,31,GOOD,SYNTHETIC,26120
BWG-SIM-001,Baghewala-style representative,3,2026-03-22T23:00:00,production,22.115,19.315,111,33.4,40,53,579,48.0,14.382,35.638,23.507,15.0,6.27,1.583,48.438,55.204,22.861,30,GOOD,SYNTHETIC,26120
BWG-SIM-001,Baghewala-style representative,3,2026-03-23T00:00:00,production,22.224,19.424,111,33.4,40,53,579,48.0,14.076,35.943,23.664,15.0,6.46,1.584,50.398,55.4,23.263,30,GOOD,SYNTHETIC,26120
BWG-SIM-001,Baghewala-style representative,3,2026-03-23T01:00:00,production,22.026,19.226,111,33.4,40,53,579,48.0,14.093,34.796,24.745,15.0,6.304,1.585,49.544,57.329,23.099,34,GOOD,SYNTHETIC,26120
BWG-SIM-001,Baghewala-style representative,3,2026-03-23T02:00:00,production,22.281,19.481,111,33.4,40,53,579,48.0,14.39,35.181,24.783,15.0,6.267,1.585,50.36,56.017,22.645,31,GOOD,SYNTHETIC,26120
BWG-SIM-001,Baghewala-style representative,3,2026-03-23T03:00:00,production,21.944,19.144,111,33.4,40,53,579,48.0,14.274,35.733,23.579,15.0,6.35,1.586,50.827,57.02,23.269,33,GOOD,SYNTHETIC,26120
BWG-SIM-001,Baghewala-style representative,3,2026-03-23T04:00:00,production,22.041,19.241,111,33.4,40,53,579,48.0,14.068,36.443,25.307,15.0,6.527,1.587,50.952,56.175,23.351,31,GOOD,SYNTHETIC,26120
BWG-SIM-001,Baghewala-style representative,3,2026-03-23T05:00:00,production,22.023,19.223,111,33.4,40,53,579,48.0,14.317,36.134,25.423,15.0,6.338,1.588,49.889,54.728,23.456,29,GOOD,SYNTHETIC,26120
BWG-SIM-001,Baghewala-style representative,3,2026-03-23T06:00:00,production,22.056,19.256,111,33.4,40,53,579,48.0,14.021,35.942,24.087,15.0,6.321,1.588,48.679,58.0,23.81,36,GOOD,SYNTHETIC,26120
BWG-SIM-001,Baghewala-style representative,3,2026-03-23T07:00:00,production,22.238,19.438,111,33.4,40,53,579,48.0,14.307,37.141,24.386,15.0,6.576,1.589,48.536,57.956,23.796,36,GOOD,SYNTHETIC,26120
BWG-SIM-001,Baghewala-style representative,3,2026-03-23T08:00:00,production,22.023,19.223,111,33.4,40,53,579,48.0,14.182,36.226,25.269,15.0,6.524,1.589,48.877,56.566,23.738,33,GOOD,SYNTHETIC,26120
BWG-SIM-001,Baghewala-style representative,3,2026-03-23T09:00:00,production,21.942,19.142,111,33.4,40,53,579,48.0,14.285,35.116,23.09,15.0,6.567,1.589,47.668,56.852,23.619,34,GOOD,SYNTHETIC,26120
BWG-SIM-001,Baghewala-style representative,3,2026-03-23T10:00:00,production,22.037,19.237,111,33.4,40,53,579,48.0,14.2,35.367,23.517,15.0,6.525,1.59,47.292,55.138,23.57,31,GOOD,SYNTHETIC,26120
BWG-SIM-001,Baghewala-style representative,3,2026-03-23T11:00:00,production,21.871,19.071,111,33.4,40,53,579,48.0,14.207,35.626,24.038,15.0,6.527,1.59,45.849,58.0,23.841,37,GOOD,SYNTHETIC,26120
BWG-SIM-001,Baghewala-style representative,3,2026-03-23T12:00:00,production,21.799,18.999,111,33.4,40,53,579,48.0,14.086,35.336,24.142,15.0,6.595,1.59,47.331,58.0,23.113,36,GOOD,SYNTHETIC,26120
BWG-SIM-001,Baghewala-style representative,3,2026-03-23T13:00:00,production,21.888,19.088,111,33.4,40,53,579,48.0,13.993,35.651,23.778,15.0,6.79,1.59,46.502,57.819,23.047,36,GOOD,SYNTHETIC,26120
BWG-SIM-001,Baghewala-style representative,3,2026-03-23T14:00:00,production,21.662,18.862,111,33.4,40,53,579,48.0,14.212,35.397,22.909,15.0,6.624,1.59,42.29,58.0,23.794,39,GOOD,SYNTHETIC,26120
BWG-SIM-001,Baghewala-style representative,3,2026-03-23T15:00:00,production,21.715,18.915,111,33.4,40,53,579,48.0,14.236,35.48,24.587,15.0,6.624,1.59,46.878,58.0,23.647,37,GOOD,SYNTHETIC,26120
BWG-SIM-001,Baghewala-style representative,3,2026-03-23T16:00:00,production,21.834,19.034,111,33.4,40,53,579,48.0,14.413,35.019,23.711,15.0,6.774,1.59,45.223,58.0,24.0,37,GOOD,SYNTHETIC,26120
BWG-SIM-001,Baghewala-style representative,3,2026-03-23T17:00:00,production,21.79,18.99,111,33.4,40,53,579,48.0,14.777,34.686,23.205,15.0,6.756,1.589,43.771,58.0,23.688,38,GOOD,SYNTHETIC,26120
BWG-SIM-001,Baghewala-style representative,3,2026-03-23T18:00:00,production,21.543,18.743,111,33.4,40,53,579,48.0,14.216,35.921,24.791,15.0,6.716,1.589,46.193,57.614,24.0,36,GOOD,SYNTHETIC,26120
BWG-SIM-001,Baghewala-style representative,3,2026-03-23T19:00:00,production,21.697,18.897,111,33.4,40,53,579,48.0,13.871,36.115,24.5,15.0,6.764,1.589,47.923,58.0,23.427,36,GOOD,SYNTHETIC,26120
BWG-SIM-001,Baghewala-style representative,3,2026-03-23T20:00:00,production,21.704,18.904,111,33.4,40,53,579,48.0,14.233,34.781,23.982,15.0,6.821,1.588,44.934,57.947,23.881,37,GOOD,SYNTHETIC,26120
BWG-SIM-001,Baghewala-style representative,3,2026-03-23T21:00:00,production,21.599,18.799,111,33.4,40,53,579,48.0,14.181,35.208,24.586,15.0,6.626,1.588,45.294,57.279,23.581,36,GOOD,SYNTHETIC,26120
BWG-SIM-001,Baghewala-style representative,3,2026-03-23T22:00:00,production,21.853,19.053,111,33.4,40,53,579,48.0,14.286,34.899,21.905,15.0,6.742,1.587,42.602,58.0,24.0,38,GOOD,SYNTHETIC,26120
BWG-SIM-001,Baghewala-style representative,3,2026-03-23T23:00:00,production,21.894,19.094,111,33.4,40,53,579,48.0,14.298,35.95,24.187,15.0,6.844,1.586,45.805,58.0,23.679,37,GOOD,SYNTHETIC,26120
BWG-SIM-001,Baghewala-style representative,3,2026-03-24T00:00:00,production,21.799,18.999,111,33.4,40,53,579,48.0,14.198,34.975,23.004,15.0,6.864,1.586,43.401,58.0,24.0,38,GOOD,SYNTHETIC,26120
BWG-SIM-001,Baghewala-style representative,3,2026-03-24T01:00:00,production,21.88,19.08,111,33.4,40,53,579,48.0,14.376,35.038,22.617,15.0,6.749,1.585,46.374,58.0,23.626,37,GOOD,SYNTHETIC,26120
BWG-SIM-001,Baghewala-style representative,3,2026-03-24T02:00:00,production,21.601,18.801,111,33.4,40,53,579,48.0,14.39,36.311,24.288,15.0,6.845,1.584,45.973,58.0,23.775,37,GOOD,SYNTHETIC,26120
BWG-SIM-001,Baghewala-style representative,3,2026-03-24T03:00:00,production,21.654,18.854,111,33.4,40,53,579,48.0,14.403,35.61,22.784,15.0,6.861,1.583,44.566,58.0,24.0,38,GOOD,SYNTHETIC,26120
BWG-SIM-001,Baghewala-style representative,3,2026-03-24T04:00:00,production,21.586,18.786,111,33.4,40,53,579,48.0,13.814,35.212,23.703,15.0,6.893,1.582,46.28,58.0,24.0,37,GOOD,SYNTHETIC,26120
BWG-SIM-001,Baghewala-style representative,3,2026-03-24T05:00:00,production,21.698,18.898,111,33.4,40,53,579,48.0,14.378,35.133,22.348,15.0,6.838,1.581,45.757,58.0,24.0,37,GOOD,SYNTHETIC,26120
BWG-SIM-001,Baghewala-style representative,3,2026-03-24T06:00:00,production,21.603,18.803,111,33.4,40,53,579,48.0,14.264,35.487,23.765,15.0,6.892,1.58,43.07,58.0,23.901,38,GOOD,SYNTHETIC,26120
BWG-SIM-001,Baghewala-style representative,3,2026-03-24T07:00:00,production,21.631,18.831,111,33.4,40,53,579,48.0,14.235,36.074,23.905,15.0,6.98,1.579,44.894,58.0,23.858,37,GOOD,SYNTHETIC,26120
BWG-SIM-001,Baghewala-style representative,3,2026-03-24T08:00:00,production,21.635,18.835,111,33.4,40,53,579,48.0,14.05,34.866,23.099,15.0,6.765,1.577,45.96,58.0,24.0,37,GOOD,SYNTHETIC,26120
BWG-SIM-001,Baghewala-style representative,3,2026-03-24T09:00:00,production,21.813,19.013,111,33.4,40,53,579,48.0,14.132,35.293,22.661,15.0,6.914,1.576,44.968,58.0,23.991,37,GOOD,SYNTHETIC,26120
BWG-SIM-001,Baghewala-style representative,3,2026-03-24T10:00:00,production,21.752,18.952,111,33.4,40,53,579,48.0,14.229,35.882,24.669,15.0,6.798,1.575,44.601,57.227,23.671,36,GOOD,SYNTHETIC,26120
BWG-SIM-001,Baghewala-style representative,3,2026-03-24T11:00:00,production,21.681,18.881,111,33.4,40,53,579,48.0,14.345,35.115,23.103,15.0,6.88,1.573,45.968,56.346,23.759,34,GOOD,SYNTHETIC,26120
BWG-SIM-001,Baghewala-style representative,3,2026-03-24T12:00:00,production,21.544,18.744,111,33.4,40,53,579,48.0,14.396,35.205,23.382,15.0,6.97,1.572,44.058,58.0,24.0,38,GOOD,SYNTHETIC,26120
BWG-SIM-001,Baghewala-style representative,3,2026-03-24T13:00:00,production,21.952,19.152,111,33.4,40,53,579,48.0,14.62,36.044,24.172,15.0,6.737,1.57,46.372,57.01,23.726,35,GOOD,SYNTHETIC,26120
BWG-SIM-001,Baghewala-style representative,3,2026-03-24T14:00:00,production,21.789,18.989,111,33.4,40,53,579,48.0,14.369,36.156,24.211,15.0,6.788,1.569,47.316,58.0,24.0,36,GOOD,SYNTHETIC,26120
BWG-SIM-001,Baghewala-style representative,3,2026-03-24T15:00:00,production,21.664,18.864,111,33.4,40,53,579,48.0,14.335,35.468,24.31,15.0,6.829,1.567,47.066,58.0,23.992,36,GOOD,SYNTHETIC,26120
BWG-SIM-001,Baghewala-style representative,3,2026-03-24T16:00:00,production,21.656,18.856,111,33.4,40,53,579,48.0,14.249,35.82,23.142,15.0,6.833,1.566,44.649,58.0,23.952,38,GOOD,SYNTHETIC,26120
BWG-SIM-001,Baghewala-style representative,3,2026-03-24T17:00:00,production,21.654,18.854,111,33.4,40,53,579,48.0,14.472,35.138,23.709,15.0,6.796,1.564,47.279,58.0,23.535,36,GOOD,SYNTHETIC,26120
BWG-SIM-001,Baghewala-style representative,3,2026-03-24T18:00:00,production,21.698,18.898,111,33.4,40,53,579,48.0,14.142,35.463,21.936,15.0,6.951,1.562,43.591,58.0,24.0,38,GOOD,SYNTHETIC,26120
BWG-SIM-001,Baghewala-style representative,3,2026-03-24T19:00:00,production,21.649,18.849,111,33.4,40,53,579,48.0,14.269,35.194,24.611,15.0,6.576,1.561,50.311,58.0,23.721,35,GOOD,SYNTHETIC,26120
BWG-SIM-001,Baghewala-style representative,3,2026-03-24T20:00:00,production,21.765,18.965,111,33.4,40,53,579,48.0,14.136,35.125,23.712,15.0,6.777,1.559,49.953,58.0,24.0,35,GOOD,SYNTHETIC,26120
BWG-SIM-001,Baghewala-style representative,3,2026-03-24T21:00:00,production,21.761,18.961,111,33.4,40,53,579,48.0,14.089,35.109,24.981,15.0,6.882,1.557,46.171,56.647,24.0,34,GOOD,SYNTHETIC,26120
BWG-SIM-001,Baghewala-style representative,3,2026-03-24T22:00:00,production,21.836,19.036,111,33.4,40,53,579,48.0,14.533,35.609,23.648,15.0,6.762,1.556,49.862,56.8,23.339,33,GOOD,SYNTHETIC,26120
BWG-SIM-001,Baghewala-style representative,3,2026-03-24T23:00:00,production,21.582,18.782,111,33.4,40,53,579,48.0,13.973,35.464,23.201,15.0,6.825,1.554,44.891,58.0,24.0,37,GOOD,SYNTHETIC,26120
BWG-SIM-001,Baghewala-style representative,3,2026-03-25T00:00:00,production,21.786,18.986,111,33.4,40,53,579,48.0,14.458,35.753,24.567,15.0,6.676,1.552,46.252,58.0,23.596,37,GOOD,SYNTHETIC,26120
BWG-SIM-001,Baghewala-style representative,3,2026-03-25T01:00:00,production,21.744,18.944,111,33.4,40,53,579,48.0,14.31,36.284,24.685,15.0,6.705,1.55,48.245,58.0,23.952,36,GOOD,SYNTHETIC,26120
BWG-SIM-001,Baghewala-style representative,3,2026-03-25T02:00:00,production,21.862,19.062,111,33.4,40,53,579,48.0,14.224,34.879,23.409,15.0,6.791,1.549,46.08,58.0,24.0,37,GOOD,SYNTHETIC,26120
BWG-SIM-001,Baghewala-style representative,3,2026-03-25T03:00:00,production,21.786,18.986,111,33.4,40,53,579,48.0,14.578,35.367,23.532,15.0,6.645,1.547,47.293,58.0,23.577,36,GOOD,SYNTHETIC,26120
BWG-SIM-001,Baghewala-style representative,3,2026-03-25T04:00:00,production,21.737,18.937,111,33.4,40,53,579,48.0,14.511,34.769,23.357,15.0,6.773,1.545,44.877,58.0,23.846,37,GOOD,SYNTHETIC,26120
BWG-SIM-001,Baghewala-style representative,3,2026-03-25T05:00:00,production,21.785,18.985,111,33.4,40,53,579,48.0,14.039,35.75,23.401,15.0,6.547,1.544,51.418,58.0,24.0,34,GOOD,SYNTHETIC,26120
BWG-SIM-001,Baghewala-style representative,3,2026-03-25T06:00:00,production,21.961,19.161,111,33.4,40,53,579,48.0,14.26,34.864,23.521,15.0,6.762,1.542,45.608,58.0,24.0,37,GOOD,SYNTHETIC,26120
BWG-SIM-001,Baghewala-style representative,3,2026-03-25T07:00:00,production,21.527,18.727,111,33.4,40,53,579,48.0,14.543,34.753,21.753,15.0,6.713,1.54,45.064,58.0,23.949,37,GOOD,SYNTHETIC,26120
BWG-SIM-001,Baghewala-style representative,3,2026-03-25T08:00:00,production,21.852,19.052,111,33.4,40,53,579,48.0,14.419,36.21,25.539,15.0,6.534,1.538,47.727,55.992,23.13,32,GOOD,SYNTHETIC,26120
BWG-SIM-001,Baghewala-style representative,3,2026-03-25T09:00:00,production,21.894,19.094,111,33.4,40,53,579,48.0,14.23,35.953,26.253,15.0,6.592,1.537,50.682,54.313,23.218,27,GOOD,SYNTHETIC,26120
BWG-SIM-001,Baghewala-style representative,3,2026-03-25T10:00:00,production,21.49,18.69,111,33.4,40,53,579,48.0,14.212,35.018,23.89,15.0,6.645,1.535,48.927,58.0,23.992,36,GOOD,SYNTHETIC,26120
BWG-SIM-001,Baghewala-style representative,3,2026-03-25T11:00:00,production,21.943,19.143,111,33.4,40,53,579,48.0,14.177,35.986,22.745,15.0,6.575,1.534,49.106,55.816,23.322,31,GOOD,SYNTHETIC,26120
BWG-SIM-001,Baghewala-style representative,3,2026-03-25T12:00:00,production,21.617,18.817,111,33.4,40,53,579,48.0,14.106,35.178,22.68,15.0,6.545,1.532,50.812,56.294,23.758,31,GOOD,SYNTHETIC,26120
BWG-SIM-001,Baghewala-style representative,3,2026-03-25T13:00:00,production,22.091,19.291,111,33.4,40,53,579,48.0,14.0,35.487,24.618,15.0,6.423,1.53,51.02,57.062,23.712,33,GOOD,SYNTHETIC,26120
BWG-SIM-001,Baghewala-style representative,3,2026-03-25T14:00:00,production,22.039,19.239,111,33.4,40,53,579,48.0,14.442,34.867,23.178,15.0,6.433,1.529,48.492,57.381,24.0,35,GOOD,SYNTHETIC,26120
BWG-SIM-001,Baghewala-style representative,3,2026-03-25T15:00:00,production,21.981,19.181,111,33.4,40,53,579,48.0,14.415,35.117,22.812,15.0,6.532,1.528,49.01,58.0,23.902,36,GOOD,SYNTHETIC,26120
BWG-SIM-001,Baghewala-style representative,3,2026-03-25T16:00:00,production,22.009,19.209,111,33.4,40,53,579,48.0,14.502,35.464,22.235,15.0,6.48,1.526,51.017,55.793,23.128,30,GOOD,SYNTHETIC,26120
BWG-SIM-001,Baghewala-style representative,3,2026-03-25T17:00:00,production,21.754,18.954,111,33.4,40,53,579,48.0,14.507,35.022,23.835,15.0,6.485,1.525,50.235,57.621,23.524,34,GOOD,SYNTHETIC,26120
BWG-SIM-001,Baghewala-style representative,3,2026-03-25T18:00:00,production,22.053,19.253,111,33.4,40,53,579,48.0,14.382,35.862,24.282,15.0,6.396,1.523,52.117,54.201,23.188,27,GOOD,SYNTHETIC,26120
BWG-SIM-001,Baghewala-style representative,3,2026-03-25T19:00:00,production,21.834,19.034,111,33.4,40,53,579,48.0,14.429,34.97,24.17,15.0,6.246,1.522,50.241,55.86,23.659,31,GOOD,SYNTHETIC,26120
BWG-SIM-001,Baghewala-style representative,3,2026-03-25T20:00:00,production,21.916,19.116,111,33.4,40,53,579,48.0,14.289,35.817,23.076,15.0,6.355,1.521,52.375,56.249,23.921,31,GOOD,SYNTHETIC,26120
BWG-SIM-001,Baghewala-style representative,3,2026-03-25T21:00:00,production,21.938,19.138,111,33.4,40,53,579,48.0,14.414,35.642,24.128,15.0,6.411,1.52,51.608,56.472,23.501,31,GOOD,SYNTHETIC,26120
BWG-SIM-001,Baghewala-style representative,3,2026-03-25T22:00:00,production,21.958,19.158,111,33.4,40,53,579,48.0,14.027,35.655,24.408,15.0,6.394,1.519,49.963,56.154,23.786,31,GOOD,SYNTHETIC,26120
BWG-SIM-001,Baghewala-style representative,3,2026-03-25T23:00:00,production,22.118,19.318,111,33.4,40,53,579,48.0,14.244,36.112,23.861,15.0,6.24,1.518,53.245,56.777,23.407,31,GOOD,SYNTHETIC,26120
BWG-SIM-001,Baghewala-style representative,3,2026-03-26T00:00:00,production,22.184,19.384,111,33.4,40,53,579,48.0,14.327,34.779,22.944,15.0,6.456,1.517,48.654,57.833,23.252,35,GOOD,SYNTHETIC,26120
BWG-SIM-001,Baghewala-style representative,3,2026-03-26T01:00:00,production,22.147,19.347,111,33.4,40,53,579,48.0,14.319,35.098,23.339,15.0,6.385,1.516,50.593,58.0,23.565,35,GOOD,SYNTHETIC,26120
BWG-SIM-001,Baghewala-style representative,3,2026-03-26T02:00:00,production,22.061,19.261,111,33.4,40,53,579,48.0,14.237,34.939,24.043,15.0,6.368,1.515,49.769,58.0,23.522,35,GOOD,SYNTHETIC,26120
BWG-SIM-001,Baghewala-style representative,3,2026-03-26T03:00:00,production,22.007,19.207,111,33.4,40,53,579,48.0,14.133,35.748,22.822,15.0,6.116,1.514,53.692,56.689,23.203,31,GOOD,SYNTHETIC,26120
BWG-SIM-001,Baghewala-style representative,3,2026-03-26T04:00:00,production,22.042,19.242,111,33.4,40,53,579,48.0,14.126,35.986,24.366,15.0,6.163,1.513,54.287,56.65,23.621,30,GOOD,SYNTHETIC,26120
BWG-SIM-001,Baghewala-style representative,3,2026-03-26T05:00:00,production,22.068,19.268,111,33.4,40,53,579,48.0,14.128,35.345,24.675,15.0,6.33,1.513,54.097,57.305,23.58,32,GOOD,SYNTHETIC,26120
BWG-SIM-001,Baghewala-style representative,3,2026-03-26T06:00:00,production,22.193,19.393,111,33.4,40,53,579,48.0,14.044,35.681,23.861,15.0,6.29,1.512,50.286,55.939,23.313,31,GOOD,SYNTHETIC,26120
BWG-SIM-001,Baghewala-style representative,3,2026-03-26T07:00:00,production,22.22,19.42,111,33.4,40,53,579,48.0,14.416,35.23,25.328,15.0,6.245,1.512,50.787,57.695,23.138,34,GOOD,SYNTHETIC,26120
BWG-SIM-001,Baghewala-style representative,3,2026-03-26T08:00:00,production,22.171,19.371,111,33.4,40,53,579,48.0,14.242,35.593,25.115,15.0,6.161,1.511,50.578,54.945,23.062,29,GOOD,SYNTHETIC,26120
BWG-SIM-001,Baghewala-style representative,3,2026-03-26T09:00:00,production,22.198,19.398,111,33.4,40,53,579,48.0,14.447,35.445,24.253,15.0,6.181,1.511,50.128,56.536,22.816,32,GOOD,SYNTHETIC,26120
BWG-SIM-001,Baghewala-style representative,3,2026-03-26T10:00:00,production,22.289,19.489,111,33.4,40,53,579,48.0,14.066,36.111,24.217,15.0,6.083,1.51,56.27,55.658,23.106,28,GOOD,SYNTHETIC,26120
BWG-SIM-001,Baghewala-style representative,3,2026-03-26T11:00:00,production,22.431,19.631,111,33.4,40,53,579,48.0,14.404,36.108,25.565,15.0,6.149,1.51,53.88,55.964,23.293,29,GOOD,SYNTHETIC,26120
BWG-SIM-001,Baghewala-style representative,3,2026-03-26T12:00:00,production,22.204,19.404,111,33.4,40,53,579,48.0,14.204,36.415,24.64,15.0,6.269,1.51,54.186,55.257,23.152,28,GOOD,SYNTHETIC,26120
BWG-SIM-001,Baghewala-style representative,3,2026-03-26T13:00:00,production,22.345,19.545,111,33.4,40,53,579,48.0,14.532,35.093,24.321,15.0,6.122,1.51,52.492,54.326,22.783,27,GOOD,SYNTHETIC,26120
BWG-SIM-001,Baghewala-style representative,3,2026-03-26T14:00:00,production,22.577,19.777,111,33.4,40,53,579,48.0,14.319,35.414,24.532,15.0,6.182,1.51,55.734,54.833,23.082,26,GOOD,SYNTHETIC,26120
BWG-SIM-001,Baghewala-style representative,3,2026-03-26T15:00:00,production,22.249,19.449,111,33.4,40,53,579,48.0,14.156,36.04,25.455,15.0,6.119,1.51,55.447,53.978,23.029,25,GOOD,SYNTHETIC,26120
BWG-SIM-001,Baghewala-style representative,3,2026-03-26T16:00:00,production,22.514,19.714,111,33.4,40,53,579,48.0,14.389,35.661,25.746,15.0,6.356,1.51,54.622,56.277,23.96,30,GOOD,SYNTHETIC,26120
BWG-SIM-001,Baghewala-style representative,3,2026-03-26T17:00:00,production,22.527,19.727,111,33.4,40,53,579,48.0,14.184,36.015,25.024,15.0,6.144,1.51,52.454,54.958,22.964,28,GOOD,SYNTHETIC,26120
BWG-SIM-001,Baghewala-style representative,3,2026-03-26T18:00:00,production,22.505,19.705,111,33.4,40,53,579,48.0,14.089,36.253,24.941,15.0,6.101,1.511,56.081,55.983,23.381,28,GOOD,SYNTHETIC,26120
BWG-SIM-001,Baghewala-style representative,3,2026-03-26T19:00:00,production,22.585,19.785,111,33.4,40,53,579,48.0,14.152,36.163,25.545,15.0,6.165,1.511,53.56,55.537,23.026,29,GOOD,SYNTHETIC,26120
BWG-SIM-001,Baghewala-style representative,3,2026-03-26T20:00:00,production,22.368,19.568,111,33.4,40,53,579,48.0,14.384,34.898,24.673,15.0,6.302,1.512,51.119,56.348,23.526,31,GOOD,SYNTHETIC,26120
BWG-SIM-001,Baghewala-style representative,3,2026-03-26T21:00:00,production,22.451,19.651,111,33.4,40,53,579,48.0,14.191,35.369,24.015,15.0,6.192,1.512,52.304,57.213,23.481,32,GOOD,SYNTHETIC,26120
BWG-SIM-001,Baghewala-style representative,3,2026-03-26T22:00:00,production,22.548,19.748,111,33.4,40,53,579,48.0,14.068,36.392,24.817,15.0,6.126,1.513,55.074,56.704,23.579,30,GOOD,SYNTHETIC,26120
BWG-SIM-001,Baghewala-style representative,3,2026-03-26T23:00:00,production,22.561,19.761,111,33.4,40,53,579,48.0,14.196,35.57,25.006,15.0,6.1,1.513,51.935,55.572,23.022,29,GOOD,SYNTHETIC,26120
BWG-SIM-001,Baghewala-style representative,3,2026-03-27T00:00:00,production,22.494,19.694,111,33.4,40,53,579,48.0,14.291,36.381,24.087,15.0,6.15,1.514,52.608,57.592,23.353,33,GOOD,SYNTHETIC,26120
BWG-SIM-001,Baghewala-style representative,3,2026-03-27T01:00:00,production,22.424,19.624,111,33.4,40,53,579,48.0,14.23,36.226,25.324,15.0,6.088,1.515,54.35,55.69,23.096,29,GOOD,SYNTHETIC,26120
BWG-SIM-001,Baghewala-style representative,3,2026-03-27T02:00:00,production,22.52,19.72,111,33.4,40,53,579,48.0,14.029,35.951,25.189,15.0,6.1,1.516,53.477,56.329,22.888,30,GOOD,SYNTHETIC,26120
BWG-SIM-001,Baghewala-style representative,3,2026-03-27T03:00:00,production,22.411,19.611,111,33.4,40,53,579,48.0,14.208,35.704,24.626,15.0,6.183,1.517,54.205,58.0,23.361,33,GOOD,SYNTHETIC,26120
BWG-SIM-001,Baghewala-style representative,3,2026-03-27T04:00:00,production,22.5,19.7,111,33.4,40,53,579,48.0,14.045,35.566,23.518,15.0,6.191,1.518,50.534,55.962,23.076,31,GOOD,SYNTHETIC,26120
BWG-SIM-001,Baghewala-style representative,3,2026-03-27T05:00:00,production,22.478,19.678,111,33.4,40,53,579,48.0,14.109,35.42,23.06,15.0,6.225,1.519,51.383,56.766,23.796,32,GOOD,SYNTHETIC,26120
BWG-SIM-001,Baghewala-style representative,3,2026-03-27T06:00:00,production,22.525,19.725,111,33.4,40,53,579,48.0,14.242,35.756,24.064,15.0,6.258,1.52,51.939,55.595,23.29,29,GOOD,SYNTHETIC,26120
BWG-SIM-001,Baghewala-style representative,3,2026-03-27T07:00:00,production,22.597,19.797,111,33.4,40,53,579,48.0,14.246,36.658,25.226,15.0,6.322,1.521,53.309,54.96,22.885,28,GOOD,SYNTHETIC,26120
BWG-SIM-001,Baghewala-style representative,3,2026-03-27T08:00:00,production,22.682,19.882,111,33.4,40,53,579,48.0,14.177,36.302,24.68,15.0,6.299,1.522,53.113,54.523,22.869,27,GOOD,SYNTHETIC,26120
BWG-SIM-001,Baghewala-style representative,3,2026-03-27T09:00:00,production,22.531,19.731,111,33.4,40,53,579,48.0,14.244,35.924,23.832,15.0,6.337,1.524,50.285,55.826,22.958,31,GOOD,SYNTHETIC,26120
BWG-SIM-001,Baghewala-style representative,3,2026-03-27T10:00:00,production,22.86,20.06,111,33.4,40,53,579,48.0,14.077,36.987,25.612,15.0,6.272,1.525,52.951,55.972,23.176,30,GOOD,SYNTHETIC,26120
BWG-SIM-001,Baghewala-style representative,3,2026-03-27T11:00:00,production,22.74,19.94,111,33.4,40,53,579,48.0,13.849,36.368,24.499,15.0,6.331,1.526,51.132,55.256,23.373,29,GOOD,SYNTHETIC,26120
BWG-SIM-001,Baghewala-style representative,3,2026-03-27T12:00:00,production,22.607,19.807,111,33.4,40,53,579,48.0,14.19,35.727,24.901,15.0,6.336,1.528,48.123,57.342,23.689,35,GOOD,SYNTHETIC,26120
BWG-SIM-001,Baghewala-style representative,3,2026-03-27T13:00:00,production,22.534,19.734,111,33.4,40,53,579,48.0,14.053,36.391,24.868,15.0,6.35,1.529,52.923,57.874,23.518,34,GOOD,SYNTHETIC,26120
BWG-SIM-001,Baghewala-style representative,3,2026-03-27T14:00:00,production,22.75,19.95,111,33.4,40,53,579,48.0,13.959,36.182,24.327,15.0,6.378,1.531,54.054,56.515,23.162,30,GOOD,SYNTHETIC,26120
BWG-SIM-001,Baghewala-style representative,3,2026-03-27T15:00:00,production,22.732,19.932,111,33.4,40,53,579,48.0,14.484,35.463,24.399,15.0,6.421,1.532,49.259,57.672,23.764,35,GOOD,SYNTHETIC,26120
BWG-SIM-001,Baghewala-style representative,3,2026-03-27T16:00:00,production,22.752,19.952,111,33.4,40,53,579,48.0,14.332,35.649,22.032,15.0,6.421,1.534,48.262,58.0,23.964,36,GOOD,SYNTHETIC,26120
BWG-SIM-001,Baghewala-style representative,3,2026-03-27T17:00:00,production,22.589,19.789,111,33.4,40,53,579,48.0,14.233,36.688,25.905,15.0,6.386,1.535,48.055,57.279,23.137,35,GOOD,SYNTHETIC,26120
BWG-SIM-001,Baghewala-style representative,3,2026-03-27T18:00:00,production,22.922,20.122,111,33.4,40,53,579,48.0,14.434,37.342,25.599,15.0,6.389,1.537,51.629,57.727,23.656,34,GOOD,SYNTHETIC,26120
BWG-SIM-001,Baghewala-style representative,3,2026-03-27T19:00:00,production,22.628,19.828,111,33.4,40,53,579,48.0,14.162,35.986,24.883,15.0,6.59,1.539,49.041,55.711,23.322,31,GOOD,SYNTHETIC,26120
BWG-SIM-001,Baghewala-style representative,3,2026-03-27T20:00:00,production,22.612,19.812,111,33.4,40,53,579,48.0,14.43,34.739,24.638,15.0,6.525,1.54,49.718,56.983,23.651,33,GOOD,SYNTHETIC,26120
BWG-SIM-001,Baghewala-style representative,3,2026-03-27T21:00:00,production,22.671,19.871,111,33.4,40,53,579,48.0,14.155,35.353,23.378,15.0,6.495,1.542,52.121,57.378,23.691,33,GOOD,SYNTHETIC,26120
BWG-SIM-001,Baghewala-style representative,3,2026-03-27T22:00:00,production,22.623,19.823,111,33.4,40,53,579,48.0,14.341,35.804,24.28,15.0,6.564,1.544,49.673,57.903,24.0,35,GOOD,SYNTHETIC,26120
BWG-SIM-001,Baghewala-style representative,3,2026-03-27T23:00:00,production,22.598,19.798,111,33.4,40,53,579,48.0,14.213,36.024,24.13,15.0,6.526,1.546,48.157,58.0,23.424,36,GOOD,SYNTHETIC,26120
BWG-SIM-001,Baghewala-style representative,3,2026-03-28T00:00:00,production,22.878,20.078,111,33.4,40,53,579,48.0,14.227,35.891,24.481,15.0,6.514,1.547,50.121,57.946,23.483,35,GOOD,SYNTHETIC,26120
BWG-SIM-001,Baghewala-style representative,3,2026-03-28T01:00:00,production,22.564,19.764,111,33.4,40,53,579,48.0,13.985,35.883,24.79,15.0,6.704,1.549,49.741,56.438,23.652,32,GOOD,SYNTHETIC,26120
BWG-SIM-001,Baghewala-style representative,3,2026-03-28T02:00:00,production,22.61,19.81,111,33.4,40,53,579,48.0,14.344,35.361,22.919,15.0,6.613,1.551,48.451,58.0,23.696,36,GOOD,SYNTHETIC,26120
BWG-SIM-001,Baghewala-style representative,3,2026-03-28T03:00:00,production,22.713,19.913,111,33.4,40,53,579,48.0,14.075,36.087,25.265,15.0,6.658,1.553,48.57,58.0,23.558,36,GOOD,SYNTHETIC,26120
BWG-SIM-001,Baghewala-style representative,3,2026-03-28T04:00:00,production,22.486,19.686,111,33.4,40,53,579,48.0,14.388,36.506,23.836,15.0,6.668,1.554,47.3,58.0,24.0,36,GOOD,SYNTHETIC,26120
BWG-SIM-001,Baghewala-style representative,3,2026-03-28T05:00:00,production,22.571,19.771,111,33.4,40,53,579,48.0,14.208,36.048,23.934,15.0,6.645,1.556,49.439,57.134,23.985,34,GOOD,SYNTHETIC,26120
BWG-SIM-001,Baghewala-style representative,3,2026-03-28T06:00:00,production,22.527,19.727,111,33.4,40,53,579,48.0,14.423,35.948,24.916,15.0,6.664,1.558,49.097,58.0,23.887,36,GOOD,SYNTHETIC,26120
BWG-SIM-001,Baghewala-style representative,3,2026-03-28T07:00:00,production,22.818,20.018,111,33.4,40,53,579,48.0,14.0,36.014,24.734,15.0,6.689,1.559,48.507,58.0,23.805,36,GOOD,SYNTHETIC,26120
BWG-SIM-001,Baghewala-style representative,3,2026-03-28T08:00:00,production,22.712,19.912,111,33.4,40,53,579,48.0,14.133,35.719,22.267,15.0,6.764,1.561,45.589,58.0,23.849,37,GOOD,SYNTHETIC,26120
BWG-SIM-001,Baghewala-style representative,3,2026-03-28T09:00:00,production,22.638,19.838,111,33.4,40,53,579,48.0,14.412,35.426,23.0,15.0,6.898,1.563,45.989,58.0,23.418,37,GOOD,SYNTHETIC,26120
BWG-SIM-001,Baghewala-style representative,3,2026-03-28T10:00:00,production,22.699,19.899,111,33.4,40,53,579,48.0,14.463,35.143,21.521,15.0,6.821,1.564,44.833,58.0,24.0,37,GOOD,SYNTHETIC,26120
BWG-SIM-001,Baghewala-style representative,3,2026-03-28T11:00:00,production,22.77,19.97,111,33.4,40,53,579,48.0,14.138,35.229,24.247,15.0,6.859,1.566,45.633,58.0,24.0,37,GOOD,SYNTHETIC,26120
BWG-SIM-001,Baghewala-style representative,3,2026-03-28T12:00:00,production,22.768,19.968,111,33.4,40,53,579,48.0,14.049,35.94,24.859,15.0,6.675,1.568,46.917,58.0,23.685,36,GOOD,SYNTHETIC,26120
BWG-SIM-001,Baghewala-style representative,3,2026-03-28T13:00:00,production,22.66,19.86,111,33.4,40,53,579,48.0,14.066,35.628,23.847,15.0,6.77,1.569,48.046,57.266,23.552,35,GOOD,SYNTHETIC,26120
BWG-SIM-001,Baghewala-style representative,3,2026-03-28T14:00:00,production,22.45,19.65,111,33.4,40,53,579,48.0,14.328,35.051,24.021,15.0,6.753,1.571,47.463,57.21,23.752,35,GOOD,SYNTHETIC,26120
BWG-SIM-001,Baghewala-style representative,3,2026-03-28T15:00:00,production,22.628,19.828,111,33.4,40,53,579,48.0,14.2,36.576,25.15,15.0,6.69,1.572,48.764,55.5,23.379,31,GOOD,SYNTHETIC,26120
BWG-SIM-001,Baghewala-style representative,3,2026-03-28T16:00:00,production,22.573,19.773,111,33.4,40,53,579,48.0,14.111,36.111,24.739,15.0,6.818,1.574,45.252,57.18,23.752,36,GOOD,SYNTHETIC,26120
BWG-SIM-001,Baghewala-style representative,3,2026-03-28T17:00:00,production,22.735,19.935,111,33.4,40,53,579,48.0,14.071,36.517,23.587,15.0,6.854,1.575,48.031,58.0,24.0,36,GOOD,SYNTHETIC,26120
BWG-SIM-001,Baghewala-style representative,3,2026-03-28T18:00:00,production,22.494,19.694,111,33.4,40,53,579,48.0,14.086,36.126,24.8,15.0,6.761,1.576,45.904,58.0,23.965,37,GOOD,SYNTHETIC,26120
BWG-SIM-001,Baghewala-style representative,3,2026-03-28T19:00:00,production,22.41,19.61,111,33.4,40,53,579,48.0,14.374,36.412,24.73,15.0,6.951,1.578,45.854,58.0,23.741,37,GOOD,SYNTHETIC,26120
BWG-SIM-001,Baghewala-style representative,3,2026-03-28T20:00:00,production,22.581,19.781,111,33.4,40,53,579,48.0,14.064,36.265,24.155,15.0,6.783,1.579,46.604,58.0,23.801,37,GOOD,SYNTHETIC,26120
BWG-SIM-001,Baghewala-style representative,3,2026-03-28T21:00:00,production,22.568,19.768,111,33.4,40,53,579,48.0,14.067,35.815,23.925,15.0,6.814,1.58,48.457,58.0,23.548,36,GOOD,SYNTHETIC,26120
BWG-SIM-001,Baghewala-style representative,3,2026-03-28T22:00:00,production,22.541,19.741,111,33.4,40,53,579,48.0,14.203,34.937,24.111,15.0,6.809,1.581,46.056,57.427,23.797,36,GOOD,SYNTHETIC,26120
BWG-SIM-001,Baghewala-style representative,3,2026-03-28T23:00:00,production,22.423,19.623,111,33.4,40,53,579,48.0,14.15,35.4,23.759,15.0,6.694,1.582,48.039,58.0,23.972,36,GOOD,SYNTHETIC,26120
BWG-SIM-001,Baghewala-style representative,3,2026-03-29T00:00:00,production,22.613,19.813,111,33.4,40,53,579,48.0,14.313,35.408,24.412,15.0,6.72,1.583,44.309,58.0,23.528,38,GOOD,SYNTHETIC,26120
BWG-SIM-001,Baghewala-style representative,3,2026-03-29T01:00:00,production,22.495,19.695,111,33.4,40,53,579,48.0,14.161,35.607,22.796,15.0,6.774,1.584,50.168,58.0,23.967,35,GOOD,SYNTHETIC,26120
BWG-SIM-001,Baghewala-style representative,3,2026-03-29T02:00:00,production,22.537,19.737,111,33.4,40,53,579,48.0,14.155,35.812,24.013,15.0,6.78,1.585,43.367,58.0,23.673,38,GOOD,SYNTHETIC,26120
BWG-SIM-001,Baghewala-style representative,3,2026-03-29T03:00:00,production,22.347,19.547,111,33.4,40,53,579,48.0,13.988,34.845,23.46,15.0,6.79,1.586,44.491,57.427,23.749,36,GOOD,SYNTHETIC,26120
BWG-SIM-001,Baghewala-style representative,3,2026-03-29T04:00:00,production,22.355,19.555,111,33.4,40,53,579,48.0,14.156,35.039,23.33,15.0,7.024,1.587,43.574,58.0,23.661,38,GOOD,SYNTHETIC,26120
BWG-SIM-001,Baghewala-style representative,3,2026-03-29T05:00:00,production,22.279,19.479,111,33.4,40,53,579,48.0,13.892,35.98,24.364,15.0,6.761,1.587,47.533,58.0,23.546,36,GOOD,SYNTHETIC,26120
BWG-SIM-001,Baghewala-style representative,3,2026-03-29T06:00:00,production,22.434,19.634,111,33.4,40,53,579,48.0,14.319,35.697,23.277,15.0,6.775,1.588,47.14,58.0,24.0,36,GOOD,SYNTHETIC,26120
BWG-SIM-001,Baghewala-style representative,3,2026-03-29T07:00:00,production,22.221,19.421,111,33.4,40,53,579,48.0,14.159,36.475,23.952,15.0,6.85,1.588,46.557,58.0,24.0,37,GOOD,SYNTHETIC,26120
BWG-SIM-001,Baghewala-style representative,3,2026-03-29T08:00:00,production,22.275,19.475,111,33.4,40,53,579,48.0,14.344,36.236,22.992,15.0,6.727,1.589,48.322,58.0,24.0,36,GOOD,SYNTHETIC,26120
BWG-SIM-001,Baghewala-style representative,3,2026-03-29T09:00:00,production,22.125,19.325,111,33.4,40,53,579,48.0,14.127,35.818,24.094,15.0,6.689,1.589,49.737,58.0,23.734,35,GOOD,SYNTHETIC,26120
BWG-SIM-001,Baghewala-style representative,3,2026-03-29T10:00:00,production,22.283,19.483,111,33.4,40,53,579,48.0,14.15,35.153,22.325,15.0,6.757,1.589,44.399,58.0,23.242,38,GOOD,SYNTHETIC,26120
BWG-SIM-001,Baghewala-style representative,3,2026-03-29T11:00:00,production,22.18,19.38,111,33.4,40,53,579,48.0,13.863,36.0,24.856,15.0,6.809,1.59,45.091,57.176,23.881,36,GOOD,SYNTHETIC,26120
BWG-SIM-001,Baghewala-style representative,3,2026-03-29T12:00:00,production,21.823,19.023,111,33.4,40,53,579,48.0,14.199,35.037,22.416,15.0,6.64,1.59,44.402,57.014,23.776,36,GOOD,SYNTHETIC,26120
BWG-SIM-001,Baghewala-style representative,3,2026-03-29T13:00:00,production,22.033,19.233,111,33.4,40,53,579,48.0,14.493,35.516,22.928,15.0,6.817,1.59,46.4,58.0,24.0,37,GOOD,SYNTHETIC,26120
BWG-SIM-001,Baghewala-style representative,3,2026-03-29T14:00:00,production,22.129,19.329,111,33.4,40,53,579,48.0,14.098,35.598,25.236,15.0,6.761,1.59,48.318,58.0,24.0,36,GOOD,SYNTHETIC,26120
BWG-SIM-001,Baghewala-style representative,3,2026-03-29T15:00:00,production,22.014,19.214,111,33.4,40,53,579,48.0,14.488,34.886,22.641,15.0,6.544,1.59,44.026,58.0,23.529,38,GOOD,SYNTHETIC,26120
BWG-SIM-001,Baghewala-style representative,3,2026-03-29T16:00:00,production,22.215,19.415,111,33.4,40,53,579,48.0,14.037,35.662,23.819,15.0,6.641,1.59,48.448,58.0,23.574,36,GOOD,SYNTHETIC,26120
BWG-SIM-001,Baghewala-style representative,3,2026-03-29T17:00:00,production,22.019,19.219,111,33.4,40,53,579,48.0,14.267,35.645,24.896,15.0,6.672,1.59,47.311,55.418,23.278,31,GOOD,SYNTHETIC,26120
BWG-SIM-001,Baghewala-style representative,3,2026-03-29T18:00:00,production,21.786,18.986,111,33.4,40,53,579,48.0,14.494,35.325,22.683,15.0,6.703,1.589,46.914,58.0,23.764,36,GOOD,SYNTHETIC,26120
BWG-SIM-001,Baghewala-style representative,3,2026-03-29T19:00:00,production,21.936,19.136,111,33.4,40,53,579,48.0,14.545,34.938,23.471,15.0,6.616,1.589,46.838,58.0,23.262,37,GOOD,SYNTHETIC,26120
BWG-SIM-001,Baghewala-style representative,3,2026-03-29T20:00:00,production,21.757,18.957,111,33.4,40,53,579,48.0,14.181,35.143,22.542,15.0,6.488,1.588,47.236,56.916,23.775,34,GOOD,SYNTHETIC,26120
BWG-SIM-001,Baghewala-style representative,3,2026-03-29T21:00:00,production,21.625,18.825,111,33.4,40,53,579,48.0,14.46,34.518,21.998,15.0,6.592,1.588,46.275,58.0,23.964,37,GOOD,SYNTHETIC,26120
BWG-SIM-001,Baghewala-style representative,3,2026-03-29T22:00:00,production,21.942,19.142,111,33.4,40,53,579,48.0,14.302,35.757,22.987,15.0,6.511,1.587,47.413,57.298,23.262,35,GOOD,SYNTHETIC,26120
BWG-SIM-001,Baghewala-style representative,3,2026-03-29T23:00:00,production,21.841,19.041,111,33.4,40,53,579,48.0,14.268,35.03,25.019,15.0,6.473,1.587,48.139,56.598,23.683,33,GOOD,SYNTHETIC,26120
BWG-SIM-001,Baghewala-style representative,3,2026-03-30T00:00:00,production,21.663,18.863,111,33.4,40,53,579,48.0,14.168,34.246,22.68,15.0,6.479,1.586,44.201,58.0,23.614,38,GOOD,SYNTHETIC,26120
BWG-SIM-001,Baghewala-style representative,3,2026-03-30T01:00:00,production,21.747,18.947,111,33.4,40,53,579,48.0,14.217,36.044,24.496,15.0,6.426,1.585,44.738,56.939,23.731,35,GOOD,SYNTHETIC,26120
BWG-SIM-001,Baghewala-style representative,3,2026-03-30T02:00:00,production,21.699,18.899,111,33.4,40,53,579,48.0,14.417,34.315,23.844,15.0,6.522,1.584,46.006,58.0,23.399,37,GOOD,SYNTHETIC,26120
BWG-SIM-001,Baghewala-style representative,3,2026-03-30T03:00:00,production,21.77,18.97,111,33.4,40,53,579,48.0,14.198,36.287,23.899,15.0,6.464,1.583,48.859,57.739,23.867,35,GOOD,SYNTHETIC,26120
BWG-SIM-001,Baghewala-style representative,3,2026-03-30T04:00:00,production,21.81,19.01,111,33.4,40,53,579,48.0,14.268,35.415,22.858,15.0,6.488,1.582,48.904,57.164,23.914,34,GOOD,SYNTHETIC,26120
BWG-SIM-001,Baghewala-style representative,3,2026-03-30T05:00:00,production,21.425,18.625,111,33.4,40,53,579,48.0,14.391,35.086,22.658,15.0,6.382,1.581,47.445,57.505,23.523,35,GOOD,SYNTHETIC,26120
BWG-SIM-001,Baghewala-style representative,3,2026-03-30T06:00:00,production,21.726,18.926,111,33.4,40,53,579,48.0,14.377,35.579,23.571,15.0,6.332,1.58,49.615,57.33,23.456,34,GOOD,SYNTHETIC,26120
BWG-SIM-001,Baghewala-style representative,3,2026-03-30T07:00:00,production,21.476,18.676,111,33.4,40,53,579,48.0,14.142,36.053,24.223,15.0,6.457,1.579,48.864,57.253,24.0,34,GOOD,SYNTHETIC,26120
BWG-SIM-001,Baghewala-style representative,3,2026-03-30T08:00:00,production,21.469,18.669,111,33.4,40,53,579,48.0,14.387,34.937,24.051,15.0,6.228,1.578,50.355,55.143,23.335,29,GOOD,SYNTHETIC,26120
BWG-SIM-001,Baghewala-style representative,3,2026-03-30T09:00:00,production,21.54,18.74,111,33.4,40,53,579,48.0,14.306,37.118,24.592,15.0,6.379,1.577,50.964,57.726,24.0,34,GOOD,SYNTHETIC,26120
BWG-SIM-001,Baghewala-style representative,3,2026-03-30T10:00:00,production,21.404,18.604,111,33.4,40,53,579,48.0,14.372,34.708,25.352,15.0,6.357,1.575,51.164,58.0,23.779,35,GOOD,SYNTHETIC,26120
BWG-SIM-001,Baghewala-style representative,3,2026-03-30T11:00:00,production,21.328,18.528,111,33.4,40,53,579,48.0,14.267,34.514,22.713,15.0,6.299,1.574,50.413,56.32,23.208,32,GOOD,SYNTHETIC,26120
BWG-SIM-001,Baghewala-style representative,3,2026-03-30T12:00:00,production,21.519,18.719,111,33.4,40,53,579,48.0,14.017,34.855,23.585,15.0,6.41,1.573,49.479,58.0,23.546,35,GOOD,SYNTHETIC,26120
BWG-SIM-001,Baghewala-style representative,3,2026-03-30T13:00:00,production,21.391,18.591,111,33.4,40,53,579,48.0,14.213,35.539,22.662,15.0,6.256,1.571,51.267,56.53,23.131,32,GOOD,SYNTHETIC,26120
BWG-SIM-001,Baghewala-style representative,3,2026-03-30T14:00:00,production,21.322,18.522,111,33.4,40,53,579,48.0,14.364,35.492,24.253,15.0,6.301,1.57,49.904,57.117,23.638,33,GOOD,SYNTHETIC,26120
BWG-SIM-001,Baghewala-style representative,3,2026-03-30T15:00:00,production,21.303,18.503,111,33.4,40,53,579,48.0,14.314,34.499,24.089,15.0,6.206,1.568,49.67,54.785,23.131,29,GOOD,SYNTHETIC,26120
BWG-SIM-001,Baghewala-style representative,3,2026-03-30T16:00:00,production,21.256,18.456,111,33.4,40,53,579,48.0,14.127,35.489,23.415,15.0,6.33,1.567,49.694,58.0,24.0,35,GOOD,SYNTHETIC,26120
BWG-SIM-001,Baghewala-style representative,3,2026-03-30T17:00:00,production,21.145,18.345,111,33.4,40,53,579,48.0,14.149,34.837,24.427,15.0,6.209,1.565,48.932,56.421,23.042,32,GOOD,SYNTHETIC,26120
BWG-SIM-001,Baghewala-style representative,3,2026-03-30T18:00:00,production,21.195,18.395,111,33.4,40,53,579,48.0,14.155,35.031,23.987,15.0,6.178,1.563,51.127,57.012,23.604,33,GOOD,SYNTHETIC,26120
BWG-SIM-001,Baghewala-style representative,3,2026-03-30T19:00:00,production,21.137,18.337,111,33.4,40,53,579,48.0,14.5,35.273,23.242,15.0,6.231,1.562,49.975,57.901,23.819,35,GOOD,SYNTHETIC,26120
BWG-SIM-001,Baghewala-style representative,3,2026-03-30T20:00:00,production,21.334,18.534,111,33.4,40,53,579,48.0,14.018,35.807,24.499,15.0,6.041,1.56,53.473,55.349,23.163,28,GOOD,SYNTHETIC,26120
BWG-SIM-001,Baghewala-style representative,3,2026-03-30T21:00:00,production,21.276,18.476,111,33.4,40,53,579,48.0,14.286,36.114,24.633,15.0,6.176,1.558,53.009,54.632,23.412,27,GOOD,SYNTHETIC,26120
BWG-SIM-001,Baghewala-style representative,3,2026-03-30T22:00:00,production,20.933,18.133,111,33.4,40,53,579,48.0,14.461,35.152,23.045,15.0,6.181,1.557,53.38,57.339,23.763,32,GOOD,SYNTHETIC,26120
BWG-SIM-001,Baghewala-style representative,3,2026-03-30T23:00:00,production,21.268,18.468,111,33.4,40,53,579,48.0,14.453,35.135,23.446,15.0,6.079,1.555,52.473,55.753,23.002,29,GOOD,SYNTHETIC,26120
BWG-SIM-001,Baghewala-style representative,3,2026-03-31T00:00:00,production,20.946,18.146,111,33.4,40,53,579,48.0,14.015,35.609,24.975,15.0,6.178,1.553,53.126,55.04,23.021,28,GOOD,SYNTHETIC,26120
BWG-SIM-001,Baghewala-style representative,3,2026-03-31T01:00:00,production,21.238,18.438,111,33.4,40,53,579,48.0,14.11,35.336,24.03,15.0,6.068,1.551,52.529,55.708,23.284,29,GOOD,SYNTHETIC,26120
BWG-SIM-001,Baghewala-style representative,3,2026-03-31T02:00:00,production,21.103,18.303,111,33.4,40,53,579,48.0,14.07,34.645,23.325,15.0,5.979,1.55,55.338,54.528,23.052,26,GOOD,SYNTHETIC,26120
BWG-SIM-001,Baghewala-style representative,3,2026-03-31T03:00:00,production,20.825,18.025,111,33.4,40,53,579,48.0,14.327,35.417,25.12,15.0,6.125,1.548,51.749,56.911,23.268,32,GOOD,SYNTHETIC,26120
BWG-SIM-001,Baghewala-style representative,3,2026-03-31T04:00:00,production,20.957,18.157,111,33.4,40,53,579,48.0,14.433,34.236,23.28,15.0,6.148,1.546,47.865,57.648,23.775,35,GOOD,SYNTHETIC,26120
BWG-SIM-001,Baghewala-style representative,3,2026-03-31T05:00:00,production,21.006,18.206,111,33.4,40,53,579,48.0,14.119,34.631,23.889,15.0,6.152,1.544,54.019,55.17,23.024,28,GOOD,SYNTHETIC,26120
BWG-SIM-001,Baghewala-style representative,3,2026-03-31T06:00:00,production,20.941,18.141,111,33.4,40,53,579,48.0,14.159,35.232,23.442,15.0,6.259,1.543,50.472,56.949,23.826,33,GOOD,SYNTHETIC,26120
BWG-SIM-001,Baghewala-style representative,3,2026-03-31T07:00:00,production,20.766,17.966,111,33.4,40,53,579,48.0,14.364,34.573,23.996,15.0,5.983,1.541,53.638,54.881,23.18,27,GOOD,SYNTHETIC,26120
BWG-SIM-001,Baghewala-style representative,3,2026-03-31T08:00:00,production,20.805,18.005,111,33.4,40,53,579,48.0,14.197,35.068,23.006,15.0,6.193,1.539,51.237,55.018,23.258,29,GOOD,SYNTHETIC,26120
BWG-SIM-001,Baghewala-style representative,3,2026-03-31T09:00:00,production,20.85,18.05,111,33.4,40,53,579,48.0,14.356,34.529,22.513,15.0,6.117,1.538,49.956,57.841,23.505,35,GOOD,SYNTHETIC,26120
BWG-SIM-001,Baghewala-style representative,3,2026-03-31T10:00:00,production,20.804,18.004,111,33.4,40,53,579,48.0,14.309,35.142,23.894,15.0,6.238,1.536,51.465,55.782,23.258,30,GOOD,SYNTHETIC,26120
BWG-SIM-001,Baghewala-style representative,3,2026-03-31T11:00:00,production,20.809,18.009,111,33.4,40,53,579,48.0,14.273,35.133,23.369,15.0,6.272,1.534,50.385,56.537,23.313,32,GOOD,SYNTHETIC,26120
BWG-SIM-001,Baghewala-style representative,3,2026-03-31T12:00:00,production,20.738,17.938,111,33.4,40,53,579,48.0,14.001,34.921,24.02,15.0,6.124,1.533,52.104,53.798,23.11,26,GOOD,SYNTHETIC,26120
BWG-SIM-001,Baghewala-style representative,3,2026-03-31T13:00:00,production,20.83,18.03,111,33.4,40,53,579,48.0,14.129,34.101,22.759,15.0,6.147,1.531,47.725,57.657,23.214,35,GOOD,SYNTHETIC,26120
BWG-SIM-001,Baghewala-style representative,3,2026-03-31T14:00:00,production,20.88,18.08,111,33.4,40,53,579,48.0,14.016,33.973,22.838,15.0,6.17,1.53,48.531,56.269,23.237,32,GOOD,SYNTHETIC,26120
BWG-SIM-001,Baghewala-style representative,3,2026-03-31T15:00:00,production,20.804,18.004,111,33.4,40,53,579,48.0,14.448,34.339,23.664,15.0,6.345,1.528,48.949,56.122,23.54,32,GOOD,SYNTHETIC,26120
BWG-SIM-001,Baghewala-style representative,3,2026-03-31T16:00:00,production,20.861,18.061,111,33.4,40,53,579,48.0,14.507,34.187,23.577,15.0,6.224,1.527,49.416,57.085,23.43,34,GOOD,SYNTHETIC,26120
BWG-SIM-001,Baghewala-style representative,3,2026-03-31T17:00:00,production,20.755,17.955,111,33.4,40,53,579,48.0,14.428,34.57,22.78,15.0,6.217,1.525,51.501,57.584,23.982,34,GOOD,SYNTHETIC,26120
BWG-SIM-001,Baghewala-style representative,3,2026-03-31T18:00:00,production,20.591,17.791,111,33.4,40,53,579,48.0,14.383,34.965,23.612,15.0,6.297,1.524,52.492,56.19,23.307,30,GOOD,SYNTHETIC,26120
BWG-SIM-001,Baghewala-style representative,3,2026-03-31T19:00:00,production,20.594,17.794,111,33.4,40,53,579,48.0,14.443,33.758,22.736,15.0,6.215,1.523,49.415,58.0,23.718,35,GOOD,SYNTHETIC,26120
BWG-SIM-001,Baghewala-style representative,3,2026-03-31T20:00:00,production,20.687,17.887,111,33.4,40,53,579,48.0,14.326,33.672,23.274,15.0,6.283,1.522,47.816,56.793,23.69,34,GOOD,SYNTHETIC,26120
BWG-SIM-001,Baghewala-style representative,3,2026-03-31T21:00:00,production,20.521,17.721,111,33.4,40,53,579,48.0,14.137,35.077,22.213,15.0,6.315,1.52,48.305,57.515,23.283,35,GOOD,SYNTHETIC,26120
BWG-SIM-001,Baghewala-style representative,3,2026-03-31T22:00:00,production,20.361,17.561,111,33.4,40,53,579,48.0,14.194,34.834,22.005,15.0,6.331,1.519,50.79,57.087,23.813,33,GOOD,SYNTHETIC,26120
BWG-SIM-001,Baghewala-style representative,3,2026-03-31T23:00:00,production,20.596,17.796,111,33.4,40,53,579,48.0,14.31,34.608,23.107,15.0,6.423,1.518,49.314,58.0,23.916,35,GOOD,SYNTHETIC,26120
BWG-SIM-001,Baghewala-style representative,3,2026-04-01T00:00:00,production,20.487,17.687,111,33.4,40,53,579,48.0,14.354,34.321,22.634,15.0,6.286,1.517,48.564,55.511,23.507,31,GOOD,SYNTHETIC,26120
BWG-SIM-001,Baghewala-style representative,3,2026-04-01T01:00:00,production,20.565,17.765,111,33.4,40,53,579,48.0,14.451,34.822,22.897,15.0,6.319,1.516,51.956,55.799,23.313,30,GOOD,SYNTHETIC,26120
BWG-SIM-001,Baghewala-style representative,3,2026-04-01T02:00:00,production,20.33,17.53,111,33.4,40,53,579,48.0,14.138,33.792,23.466,15.0,6.267,1.515,51.727,57.734,23.138,34,GOOD,SYNTHETIC,26120
BWG-SIM-001,Baghewala-style representative,3,2026-04-01T03:00:00,production,20.675,17.875,111,33.4,40,53,579,48.0,14.283,34.844,23.443,15.0,6.423,1.514,47.479,56.669,23.85,34,GOOD,SYNTHETIC,26120
BWG-SIM-001,Baghewala-style representative,3,2026-04-01T04:00:00,production,20.612,17.812,111,33.4,40,53,579,48.0,14.463,35.005,22.941,15.0,6.554,1.514,48.074,54.424,23.038,29,GOOD,SYNTHETIC,26120
BWG-SIM-001,Baghewala-style representative,3,2026-04-01T05:00:00,production,20.321,17.521,111,33.4,40,53,579,48.0,14.362,34.682,23.735,15.0,6.405,1.513,48.519,55.703,23.749,31,GOOD,SYNTHETIC,26120
BWG-SIM-001,Baghewala-style representative,3,2026-04-01T06:00:00,production,20.506,17.706,111,33.4,40,53,579,48.0,14.201,35.755,24.236,15.0,6.579,1.512,48.056,58.0,23.319,36,GOOD,SYNTHETIC,26120
BWG-SIM-001,Baghewala-style representative,3,2026-04-01T07:00:00,production,20.451,17.651,111,33.4,40,53,579,48.0,14.248,36.392,24.175,15.0,6.508,1.512,51.237,57.347,23.643,33,GOOD,SYNTHETIC,26120
BWG-SIM-001,Baghewala-style representative,3,2026-04-01T08:00:00,production,20.466,17.666,111,33.4,40,53,579,48.0,14.436,35.807,23.706,15.0,6.5,1.511,48.217,58.0,23.939,36,GOOD,SYNTHETIC,26120
BWG-SIM-001,Baghewala-style representative,3,2026-04-01T09:00:00,production,20.427,17.627,111,33.4,40,53,579,48.0,14.233,34.865,23.126,15.0,6.599,1.511,49.168,58.0,23.573,35,GOOD,SYNTHETIC,26120
BWG-SIM-001,Baghewala-style representative,3,2026-04-01T10:00:00,production,20.441,17.641,111,33.4,40,53,579,48.0,14.265,34.803,23.042,15.0,6.672,1.511,49.029,58.0,23.781,36,GOOD,SYNTHETIC,26120
BWG-SIM-001,Baghewala-style representative,3,2026-04-01T11:00:00,production,20.529,17.729,111,33.4,40,53,579,48.0,14.09,33.979,22.698,15.0,6.542,1.51,48.206,58.0,23.622,36,GOOD,SYNTHETIC,26120
BWG-SIM-001,Baghewala-style representative,3,2026-04-01T12:00:00,production,20.743,17.943,111,33.4,40,53,579,48.0,14.535,34.22,23.172,15.0,6.561,1.51,46.542,58.0,24.0,37,GOOD,SYNTHETIC,26120
BWG-SIM-001,Baghewala-style representative,3,2026-04-01T13:00:00,production,20.532,17.732,111,33.4,40,53,579,48.0,14.376,34.474,23.665,15.0,6.78,1.51,46.946,58.0,23.892,36,GOOD,SYNTHETIC,26120
BWG-SIM-001,Baghewala-style representative,3,2026-04-01T14:00:00,production,20.446,17.646,111,33.4,40,53,579,48.0,14.472,33.89,22.321,15.0,6.735,1.51,49.461,57.456,23.765,34,GOOD,SYNTHETIC,26120
BWG-SIM-001,Baghewala-style representative,3,2026-04-01T15:00:00,production,20.533,17.733,111,33.4,40,53,579,48.0,13.97,35.136,23.157,15.0,6.77,1.51,46.303,57.287,23.977,35,GOOD,SYNTHETIC,26120
BWG-SIM-001,Baghewala-style representative,3,2026-04-01T16:00:00,production,20.674,17.874,111,33.4,40,53,579,48.0,14.356,34.837,23.801,15.0,6.632,1.51,49.746,56.606,23.703,32,GOOD,SYNTHETIC,26120
BWG-SIM-001,Baghewala-style representative,3,2026-04-01T17:00:00,production,20.454,17.654,111,33.4,40,53,579,48.0,14.4,35.235,22.985,15.0,6.672,1.51,49.225,56.989,23.59,33,GOOD,SYNTHETIC,26120
BWG-SIM-001,Baghewala-style representative,3,2026-04-01T18:00:00,production,20.449,17.649,111,33.4,40,53,579,48.0,14.06,34.752,23.386,15.0,6.652,1.511,47.692,58.0,23.822,36,GOOD,SYNTHETIC,26120
BWG-SIM-001,Baghewala-style representative,3,2026-04-01T19:00:00,production,20.426,17.626,111,33.4,40,53,579,48.0,13.995,34.917,23.15,15.0,6.69,1.511,47.069,57.615,23.778,36,GOOD,SYNTHETIC,26120
BWG-SIM-001,Baghewala-style representative,3,2026-04-01T20:00:00,production,20.177,17.377,111,33.4,40,53,579,48.0,14.085,34.005,23.341,15.0,6.754,1.511,45.412,58.0,23.58,37,GOOD,SYNTHETIC,26120
BWG-SIM-001,Baghewala-style representative,3,2026-04-01T21:00:00,production,20.485,17.685,111,33.4,40,53,579,48.0,13.905,34.751,23.239,15.0,6.831,1.512,46.224,56.956,23.277,35,GOOD,SYNTHETIC,26120
BWG-SIM-001,Baghewala-style representative,3,2026-04-01T22:00:00,production,20.342,17.542,111,33.4,40,53,579,48.0,14.194,34.277,23.639,15.0,6.745,1.512,46.439,58.0,23.843,37,GOOD,SYNTHETIC,26120
BWG-SIM-001,Baghewala-style representative,3,2026-04-01T23:00:00,production,20.367,17.567,111,33.4,40,53,579,48.0,14.603,33.159,22.437,15.0,6.787,1.513,45.197,58.0,23.864,37,GOOD,SYNTHETIC,26120
BWG-SIM-001,Baghewala-style representative,3,2026-04-02T00:00:00,production,20.534,17.734,111,33.4,40,53,579,48.0,14.613,34.085,22.875,15.0,6.737,1.514,48.413,57.101,23.928,34,GOOD,SYNTHETIC,26120
BWG-SIM-001,Baghewala-style representative,3,2026-04-02T01:00:00,production,20.493,17.693,111,33.4,40,53,579,48.0,13.947,34.915,23.179,15.0,6.822,1.515,49.211,58.0,23.718,35,GOOD,SYNTHETIC,26120
BWG-SIM-001,Baghewala-style representative,3,2026-04-02T02:00:00,production,20.379,17.579,111,33.4,40,53,579,48.0,14.486,34.807,24.173,15.0,6.821,1.515,48.941,57.615,23.943,35,GOOD,SYNTHETIC,26120
BWG-SIM-001,Baghewala-style representative,3,2026-04-02T03:00:00,production,20.568,17.768,111,33.4,40,53,579,48.0,14.313,34.878,22.898,15.0,6.96,1.516,47.27,58.0,23.919,36,GOOD,SYNTHETIC,26120
BWG-SIM-001,Baghewala-style representative,3,2026-04-02T04:00:00,production,20.617,17.817,111,33.4,40,53,579,48.0,14.292,34.092,22.69,15.0,6.856,1.517,45.925,58.0,24.0,37,GOOD,SYNTHETIC,26120
BWG-SIM-001,Baghewala-style representative,3,2026-04-02T05:00:00,production,20.705,17.905,111,33.4,40,53,579,48.0,14.179,35.975,24.061,15.0,6.883,1.518,47.783,56.814,23.739,34,GOOD,SYNTHETIC,26120
BWG-SIM-001,Baghewala-style representative,3,2026-04-02T06:00:00,production,20.511,17.711,111,33.4,40,53,579,48.0,14.247,34.467,23.017,15.0,6.845,1.519,46.206,58.0,23.939,37,GOOD,SYNTHETIC,26120
BWG-SIM-001,Baghewala-style representative,3,2026-04-02T07:00:00,production,20.611,17.811,111,33.4,40,53,579,48.0,14.207,34.889,23.003,15.0,6.878,1.521,47.565,58.0,23.774,36,GOOD,SYNTHETIC,26120
BWG-SIM-001,Baghewala-style representative,3,2026-04-02T08:00:00,production,20.617,17.817,111,33.4,40,53,579,48.0,14.215,35.131,22.772,15.0,6.923,1.522,45.179,58.0,24.0,37,GOOD,SYNTHETIC,26120
BWG-SIM-001,Baghewala-style representative,3,2026-04-02T09:00:00,production,20.505,17.705,111,33.4,40,53,579,48.0,14.314,34.706,22.127,15.0,6.928,1.523,46.219,57.453,23.832,36,GOOD,SYNTHETIC,26120
BWG-SIM-001,Baghewala-style representative,3,2026-04-02T10:00:00,production,20.576,17.776,111,33.4,40,53,579,48.0,14.207,34.475,22.983,15.0,6.823,1.524,43.286,58.0,24.0,38,GOOD,SYNTHETIC,26120
BWG-SIM-001,Baghewala-style representative,3,2026-04-02T11:00:00,production,20.722,17.922,111,33.4,40,53,579,48.0,14.425,33.719,22.971,15.0,7.065,1.526,42.0,58.0,23.93,39,GOOD,SYNTHETIC,26120
BWG-SIM-001,Baghewala-style representative,3,2026-04-02T12:00:00,production,20.579,17.779,111,33.4,40,53,579,48.0,14.422,35.561,24.349,15.0,6.932,1.527,44.048,58.0,24.0,38,GOOD,SYNTHETIC,26120
BWG-SIM-001,Baghewala-style representative,3,2026-04-02T13:00:00,production,20.534,17.734,111,33.4,40,53,579,48.0,14.424,33.785,21.728,15.0,6.835,1.528,44.457,58.0,24.0,38,GOOD,SYNTHETIC,26120
BWG-SIM-001,Baghewala-style representative,3,2026-04-02T14:00:00,production,20.766,17.966,111,33.4,40,53,579,48.0,13.912,35.73,24.192,15.0,6.913,1.53,49.442,58.0,23.77,35,GOOD,SYNTHETIC,26120
BWG-SIM-001,Baghewala-style representative,3,2026-04-02T15:00:00,production,20.637,17.837,111,33.4,40,53,579,48.0,14.186,34.516,22.584,15.0,6.946,1.532,45.949,58.0,23.925,37,GOOD,SYNTHETIC,26120
BWG-SIM-001,Baghewala-style representative,3,2026-04-02T16:00:00,production,20.712,17.912,111,33.4,40,53,579,48.0,14.109,35.044,22.86,15.0,6.945,1.533,46.252,58.0,23.989,37,GOOD,SYNTHETIC,26120
BWG-SIM-001,Baghewala-style representative,3,2026-04-02T17:00:00,production,20.836,18.036,111,33.4,40,53,579,48.0,14.244,35.473,23.273,15.0,6.91,1.535,44.308,58.0,24.0,38,GOOD,SYNTHETIC,26120
BWG-SIM-001,Baghewala-style representative,3,2026-04-02T18:00:00,production,20.562,17.762,111,33.4,40,53,579,48.0,14.342,34.43,21.262,15.0,6.755,1.536,44.492,58.0,23.707,38,GOOD,SYNTHETIC,26120
BWG-SIM-001,Baghewala-style representative,3,2026-04-02T19:00:00,production,20.608,17.808,111,33.4,40,53,579,48.0,14.507,34.634,23.483,15.0,6.828,1.538,46.599,58.0,23.976,37,GOOD,SYNTHETIC,26120
BWG-SIM-001,Baghewala-style representative,3,2026-04-02T20:00:00,production,20.916,18.116,111,33.4,40,53,579,48.0,14.55,34.484,23.778,15.0,6.922,1.54,44.728,58.0,23.869,37,GOOD,SYNTHETIC,26120
BWG-SIM-001,Baghewala-style representative,3,2026-04-02T21:00:00,production,20.708,17.908,111,33.4,40,53,579,48.0,14.392,34.03,22.144,15.0,6.861,1.541,44.502,58.0,23.653,38,GOOD,SYNTHETIC,26120
BWG-SIM-001,Baghewala-style representative,3,2026-04-02T22:00:00,production,20.819,18.019,111,33.4,40,53,579,48.0,14.222,34.37,22.217,15.0,6.702,1.543,44.333,58.0,23.669,38,GOOD,SYNTHETIC,26120
BWG-SIM-001,Baghewala-style representative,3,2026-04-02T23:00:00,production,20.648,17.848,111,33.4,40,53,579,48.0,14.373,34.369,23.303,15.0,6.748,1.545,44.609,58.0,23.875,38,GOOD,SYNTHETIC,26120
BWG-SIM-001,Baghewala-style representative,3,2026-04-03T00:00:00,production,20.911,18.111,111,33.4,40,53,579,48.0,14.069,34.738,22.961,15.0,6.773,1.546,46.725,58.0,23.395,37,GOOD,SYNTHETIC,26120
BWG-SIM-001,Baghewala-style representative,3,2026-04-03T01:00:00,production,20.73,17.93,111,33.4,40,53,579,48.0,14.139,35.155,23.922,15.0,6.691,1.548,47.375,56.658,23.169,34,GOOD,SYNTHETIC,26120
BWG-SIM-001,Baghewala-style representative,3,2026-04-03T02:00:00,production,20.876,18.076,111,33.4,40,53,579,48.0,14.385,34.337,23.807,15.0,6.654,1.55,45.264,57.845,23.976,37,GOOD,SYNTHETIC,26120
BWG-SIM-001,Baghewala-style representative,3,2026-04-03T03:00:00,production,20.903,18.103,111,33.4,40,53,579,48.0,14.467,34.19,23.552,15.0,6.749,1.552,42.683,57.771,23.719,38,GOOD,SYNTHETIC,26120
BWG-SIM-001,Baghewala-style representative,3,2026-04-03T04:00:00,production,20.744,17.944,111,33.4,40,53,579,48.0,14.46,35.255,24.102,15.0,6.665,1.553,47.762,57.817,23.928,36,GOOD,SYNTHETIC,26120
BWG-SIM-001,Baghewala-style representative,3,2026-04-03T05:00:00,production,21.0,18.2,111,33.4,40,53,579,48.0,14.425,35.3,24.697,15.0,6.689,1.555,47.987,56.603,24.0,33,GOOD,SYNTHETIC,26120
BWG-SIM-001,Baghewala-style representative,3,2026-04-03T06:00:00,production,20.826,18.026,111,33.4,40,53,579,48.0,14.155,34.421,22.163,15.0,6.619,1.557,44.537,58.0,23.772,38,GOOD,SYNTHETIC,26120
BWG-SIM-001,Baghewala-style representative,3,2026-04-03T07:00:00,production,20.91,18.11,111,33.4,40,53,579,48.0,14.387,34.212,21.994,15.0,6.605,1.559,47.241,56.424,23.686,33,GOOD,SYNTHETIC,26120
BWG-SIM-001,Baghewala-style representative,3,2026-04-03T08:00:00,production,21.015,18.215,111,33.4,40,53,579,48.0,14.098,34.624,23.737,15.0,6.587,1.56,46.025,54.263,23.141,29,GOOD,SYNTHETIC,26120
BWG-SIM-001,Baghewala-style representative,3,2026-04-03T09:00:00,production,21.19,18.39,111,33.4,40,53,579,48.0,14.493,34.657,22.539,15.0,6.578,1.562,46.278,58.0,24.0,37,GOOD,SYNTHETIC,26120
BWG-SIM-001,Baghewala-style representative,3,2026-04-03T10:00:00,production,21.051,18.251,111,33.4,40,53,579,48.0,14.386,34.081,24.271,15.0,6.443,1.564,47.001,58.0,23.7,36,GOOD,SYNTHETIC,26120
BWG-SIM-001,Baghewala-style representative,3,2026-04-03T11:00:00,production,20.955,18.155,111,33.4,40,53,579,48.0,13.983,34.984,24.481,15.0,6.519,1.565,49.456,58.0,23.341,35,GOOD,SYNTHETIC,26120
BWG-SIM-001,Baghewala-style representative,3,2026-04-03T12:00:00,production,21.192,18.392,111,33.4,40,53,579,48.0,14.575,33.867,23.074,15.0,6.5,1.567,43.995,57.836,23.833,37,GOOD,SYNTHETIC,26120
BWG-SIM-001,Baghewala-style representative,3,2026-04-03T13:00:00,production,21.128,18.328,111,33.4,40,53,579,48.0,14.455,35.082,23.644,15.0,6.56,1.568,48.64,58.0,23.475,36,GOOD,SYNTHETIC,26120
BWG-SIM-001,Baghewala-style representative,3,2026-04-03T14:00:00,production,21.191,18.391,111,33.4,40,53,579,48.0,13.961,35.09,24.099,15.0,6.435,1.57,46.441,55.265,23.216,31,GOOD,SYNTHETIC,26120
BWG-SIM-001,Baghewala-style representative,3,2026-04-03T15:00:00,production,21.281,18.481,111,33.4,40,53,579,48.0,14.165,35.045,24.258,15.0,6.462,1.571,47.179,58.0,23.691,36,GOOD,SYNTHETIC,26120
BWG-SIM-001,Baghewala-style representative,3,2026-04-03T16:00:00,production,21.222,18.422,111,33.4,40,53,579,48.0,14.105,35.507,24.041,15.0,6.398,1.573,49.15,56.338,23.131,32,GOOD,SYNTHETIC,26120
BWG-SIM-001,Baghewala-style representative,3,2026-04-03T17:00:00,production,21.072,18.272,111,33.4,40,53,579,48.0,14.205,35.339,23.441,15.0,6.249,1.574,51.283,57.852,23.88,34,GOOD,SYNTHETIC,26120
BWG-SIM-001,Baghewala-style representative,3,2026-04-03T18:00:00,production,21.187,18.387,111,33.4,40,53,579,48.0,14.232,35.267,23.956,15.0,6.264,1.576,48.753,58.0,23.472,36,GOOD,SYNTHETIC,26120
BWG-SIM-001,Baghewala-style representative,3,2026-04-03T19:00:00,production,21.259,18.459,111,33.4,40,53,579,48.0,14.306,35.294,24.359,15.0,6.418,1.577,51.01,55.807,23.408,30,GOOD,SYNTHETIC,26120
BWG-SIM-001,Baghewala-style representative,3,2026-04-03T20:00:00,production,21.237,18.437,111,33.4,40,53,579,48.0,13.999,34.462,22.842,15.0,6.362,1.578,48.823,57.227,23.316,34,GOOD,SYNTHETIC,26120
BWG-SIM-001,Baghewala-style representative,3,2026-04-03T21:00:00,production,21.287,18.487,111,33.4,40,53,579,48.0,14.325,35.774,24.832,15.0,6.308,1.579,50.33,56.894,23.438,33,GOOD,SYNTHETIC,26120
BWG-SIM-001,Baghewala-style representative,3,2026-04-03T22:00:00,production,21.081,18.281,111,33.4,40,53,579,48.0,14.105,35.325,24.086,15.0,6.209,1.581,48.053,57.116,23.186,34,GOOD,SYNTHETIC,26120
BWG-SIM-001,Baghewala-style representative,3,2026-04-03T23:00:00,production,21.303,18.503,111,33.4,40,53,579,48.0,14.222,36.33,25.664,15.0,6.292,1.582,50.076,57.505,23.853,34,GOOD,SYNTHETIC,26120
BWG-SIM-001,Baghewala-style representative,3,2026-04-04T00:00:00,production,21.197,18.397,111,33.4,40,53,579,48.0,14.299,35.253,23.176,15.0,6.293,1.583,49.477,56.775,23.311,33,GOOD,SYNTHETIC,26120
BWG-SIM-001,Baghewala-style representative,3,2026-04-04T01:00:00,production,21.266,18.466,111,33.4,40,53,579,48.0,14.244,34.583,23.669,15.0,6.121,1.584,49.014,56.18,22.956,32,GOOD,SYNTHETIC,26120
BWG-SIM-001,Baghewala-style representative,3,2026-04-04T02:00:00,production,21.269,18.469,111,33.4,40,53,579,48.0,14.443,35.838,23.581,15.0,6.192,1.585,50.247,55.845,23.631,31,GOOD,SYNTHETIC,26120
BWG-SIM-001,Baghewala-style representative,3,2026-04-04T03:00:00,production,21.347,18.547,111,33.4,40,53,579,48.0,14.075,34.805,24.504,15.0,6.158,1.585,51.451,55.858,22.716,30,GOOD,SYNTHETIC,26120
BWG-SIM-001,Baghewala-style representative,3,2026-04-04T04:00:00,production,21.116,18.316,111,33.4,40,53,579,48.0,14.108,34.296,22.611,15.0,6.166,1.586,47.378,55.484,23.888,31,GOOD,SYNTHETIC,26120
BWG-SIM-001,Baghewala-style representative,3,2026-04-04T05:00:00,production,21.471,18.671,111,33.4,40,53,579,48.0,14.502,36.051,24.214,15.0,6.235,1.587,52.274,55.472,23.393,29,GOOD,SYNTHETIC,26120
BWG-SIM-001,Baghewala-style representative,3,2026-04-04T06:00:00,production,21.65,18.85,111,33.4,40,53,579,48.0,14.359,34.776,23.707,15.0,6.011,1.587,50.454,58.0,23.489,35,GOOD,SYNTHETIC,26120
BWG-SIM-001,Baghewala-style representative,3,2026-04-04T07:00:00,production,21.201,18.401,111,33.4,40,53,579,48.0,14.23,34.125,22.534,15.0,6.321,1.588,45.328,57.27,23.597,36,GOOD,SYNTHETIC,26120
BWG-SIM-001,Baghewala-style representative,3,2026-04-04T08:00:00,production,21.492,18.692,111,33.4,40,53,579,48.0,14.054,35.525,23.342,15.0,6.124,1.589,51.001,55.771,23.263,30,GOOD,SYNTHETIC,26120
BWG-SIM-001,Baghewala-style representative,3,2026-04-04T09:00:00,production,21.405,18.605,111,33.4,40,53,579,48.0,14.348,33.998,22.76,15.0,6.203,1.589,46.824,57.253,23.604,35,GOOD,SYNTHETIC,26120
BWG-SIM-001,Baghewala-style representative,3,2026-04-04T10:00:00,production,21.408,18.608,111,33.4,40,53,579,48.0,14.012,34.818,23.325,15.0,6.224,1.589,45.871,56.462,23.024,34,GOOD,SYNTHETIC,26120
BWG-SIM-001,Baghewala-style representative,3,2026-04-04T11:00:00,production,21.398,18.598,111,33.4,40,53,579,48.0,14.385,33.845,23.062,15.0,6.255,1.59,47.467,56.285,23.463,33,GOOD,SYNTHETIC,26120
BWG-SIM-001,Baghewala-style representative,3,2026-04-04T12:00:00,production,21.353,18.553,111,33.4,40,53,579,48.0,14.367,33.662,22.036,15.0,6.152,1.59,45.225,57.066,23.977,35,GOOD,SYNTHETIC,26120
BWG-SIM-001,Baghewala-style representative,3,2026-04-04T13:00:00,production,21.336,18.536,111,33.4,40,53,579,48.0,14.377,34.724,22.039,15.0,6.299,1.59,47.537,57.268,23.267,35,GOOD,SYNTHETIC,26120
BWG-SIM-001,Baghewala-style representative,3,2026-04-04T14:00:00,production,21.569,18.769,111,33.4,40,53,579,48.0,14.443,35.033,24.888,15.0,6.238,1.59,50.14,56.368,23.239,32,GOOD,SYNTHETIC,26120
BWG-SIM-001,Baghewala-style representative,3,2026-04-04T15:00:00,production,21.393,18.593,111,33.4,40,53,579,48.0,14.404,35.618,24.878,15.0,6.101,1.59,51.626,56.048,23.297,30,GOOD,SYNTHETIC,26120
BWG-SIM-001,Baghewala-style representative,3,2026-04-04T16:00:00,production,21.518,18.718,111,33.4,40,53,579,48.0,14.0,36.193,24.87,15.0,6.221,1.59,49.579,58.0,23.254,35,GOOD,SYNTHETIC,26120
BWG-SIM-001,Baghewala-style representative,3,2026-04-04T17:00:00,production,21.301,18.501,111,33.4,40,53,579,48.0,14.238,35.871,24.785,15.0,6.276,1.59,53.21,55.362,23.149,28,GOOD,SYNTHETIC,26120
BWG-SIM-001,Baghewala-style representative,3,2026-04-04T18:00:00,production,21.695,18.895,111,33.4,40,53,579,48.0,14.49,35.258,25.075,15.0,6.265,1.589,49.11,55.556,23.52,31,GOOD,SYNTHETIC,26120
BWG-SIM-001,Baghewala-style representative,3,2026-04-04T19:00:00,production,21.502,18.702,111,33.4,40,53,579,48.0,14.074,34.465,22.679,15.0,6.124,1.589,48.282,57.304,23.623,34,GOOD,SYNTHETIC,26120
BWG-SIM-001,Baghewala-style representative,3,2026-04-04T20:00:00,production,21.451,18.651,111,33.4,40,53,579,48.0,14.229,34.446,24.028,15.0,6.051,1.589,50.332,56.328,23.302,32,GOOD,SYNTHETIC,26120
BWG-SIM-001,Baghewala-style representative,3,2026-04-04T21:00:00,production,21.377,18.577,111,33.4,40,53,579,48.0,13.967,35.455,24.371,15.0,6.33,1.588,49.301,55.464,23.446,30,GOOD,SYNTHETIC,26120
BWG-SIM-001,Baghewala-style representative,3,2026-04-04T22:00:00,production,21.257,18.457,111,33.4,40,53,579,48.0,14.081,35.217,24.054,15.0,6.209,1.588,50.274,54.304,23.497,28,GOOD,SYNTHETIC,26120
BWG-SIM-001,Baghewala-style representative,3,2026-04-04T23:00:00,production,21.644,18.844,111,33.4,40,53,579,48.0,14.377,35.332,25.43,15.0,6.115,1.587,50.312,58.0,22.87,35,GOOD,SYNTHETIC,26120
BWG-SIM-001,Baghewala-style representative,3,2026-04-05T00:00:00,production,21.591,18.791,111,33.4,40,53,579,48.0,14.191,35.415,23.913,15.0,6.262,1.586,49.354,57.429,23.9,34,GOOD,SYNTHETIC,26120
BWG-SIM-001,Baghewala-style representative,3,2026-04-05T01:00:00,production,21.586,18.786,111,33.4,40,53,579,48.0,14.331,35.424,24.048,15.0,6.335,1.586,48.551,57.99,23.672,36,GOOD,SYNTHETIC,26120
BWG-SIM-001,Baghewala-style representative,3,2026-04-05T02:00:00,production,21.661,18.861,111,33.4,40,53,579,48.0,13.968,35.567,25.435,15.0,6.453,1.585,48.423,54.166,23.38,28,GOOD,SYNTHETIC,26120
BWG-SIM-001,Baghewala-style representative,3,2026-04-05T03:00:00,production,21.836,19.036,111,33.4,40,53,579,48.0,14.496,35.28,23.3,15.0,6.142,1.584,46.976,58.0,24.0,36,GOOD,SYNTHETIC,26120
BWG-SIM-001,Baghewala-style representative,3,2026-04-05T04:00:00,production,21.169,18.369,111,33.4,40,53,579,48.0,14.02,35.159,22.85,15.0,6.483,1.583,46.496,58.0,23.658,37,GOOD,SYNTHETIC,26120
BWG-SIM-001,Baghewala-style representative,3,2026-04-05T05:00:00,production,21.432,18.632,111,33.4,40,53,579,48.0,14.11,35.514,24.51,15.0,6.213,1.582,50.91,56.351,23.121,31,GOOD,SYNTHETIC,26120
BWG-SIM-001,Baghewala-style representative,3,2026-04-05T06:00:00,production,21.611,18.811,111,33.4,40,53,579,48.0,14.251,36.031,23.739,15.0,6.313,1.581,50.261,56.926,23.19,33,GOOD,SYNTHETIC,26120
BWG-SIM-001,Baghewala-style representative,3,2026-04-05T07:00:00,production,21.236,18.436,111,33.4,40,53,579,48.0,14.372,35.505,24.991,15.0,6.266,1.58,48.905,58.0,23.33,36,GOOD,SYNTHETIC,26120
BWG-SIM-001,Baghewala-style representative,3,2026-04-05T08:00:00,production,21.521,18.721,111,33.4,40,53,579,48.0,14.406,35.744,22.676,15.0,6.384,1.579,51.086,58.0,23.601,35,GOOD,SYNTHETIC,26120
BWG-SIM-001,Baghewala-style representative,3,2026-04-05T09:00:00,production,21.588,18.788,111,33.4,40,53,579,48.0,14.061,35.384,22.915,15.0,6.417,1.577,47.101,55.22,22.785,31,GOOD,SYNTHETIC,26120
BWG-SIM-001,Baghewala-style representative,3,2026-04-05T10:00:00,production,21.293,18.493,111,33.4,40,53,579,48.0,14.263,36.23,24.239,15.0,6.516,1.576,50.701,58.0,23.269,35,GOOD,SYNTHETIC,26120
BWG-SIM-001,Baghewala-style representative,3,2026-04-05T11:00:00,production,21.436,18.636,111,33.4,40,53,579,48.0,14.054,35.415,25.148,15.0,6.175,1.575,51.372,53.581,23.052,26,GOOD,SYNTHETIC,26120
BWG-SIM-001,Baghewala-style representative,3,2026-04-05T12:00:00,production,21.221,18.421,111,33.4,40,53,579,48.0,13.989,35.961,23.762,15.0,6.362,1.573,51.151,55.281,23.044,29,GOOD,SYNTHETIC,26120
BWG-SIM-001,Baghewala-style representative,3,2026-04-05T13:00:00,production,21.458,18.658,111,33.4,40,53,579,48.0,14.084,35.798,24.307,15.0,6.577,1.572,46.832,58.0,23.728,37,GOOD,SYNTHETIC,26120
BWG-SIM-001,Baghewala-style representative,3,2026-04-05T14:00:00,production,21.477,18.677,111,33.4,40,53,579,48.0,14.377,34.552,22.362,15.0,6.467,1.57,47.05,58.0,23.209,36,GOOD,SYNTHETIC,26120
BWG-SIM-001,Baghewala-style representative,3,2026-04-05T15:00:00,production,21.466,18.666,111,33.4,40,53,579,48.0,14.347,35.58,24.703,15.0,6.54,1.569,51.168,58.0,23.672,35,GOOD,SYNTHETIC,26120
BWG-SIM-001,Baghewala-style representative,3,2026-04-05T16:00:00,production,21.42,18.62,111,33.4,40,53,579,48.0,14.35,34.722,23.075,15.0,6.475,1.567,48.269,58.0,23.846,36,GOOD,SYNTHETIC,26120
BWG-SIM-001,Baghewala-style representative,3,2026-04-05T17:00:00,production,21.863,19.063,111,33.4,40,53,579,48.0,14.443,35.344,24.605,15.0,6.509,1.566,49.002,57.962,23.736,35,GOOD,SYNTHETIC,26120
BWG-SIM-001,Baghewala-style representative,3,2026-04-05T18:00:00,production,21.252,18.452,111,33.4,40,53,579,48.0,14.498,34.956,24.068,15.0,6.688,1.564,47.303,58.0,24.0,36,GOOD,SYNTHETIC,26120
BWG-SIM-001,Baghewala-style representative,3,2026-04-05T19:00:00,production,21.527,18.727,111,33.4,40,53,579,48.0,14.134,36.318,24.932,15.0,6.656,1.562,49.007,55.808,23.379,31,GOOD,SYNTHETIC,26120
BWG-SIM-001,Baghewala-style representative,3,2026-04-05T20:00:00,production,21.342,18.542,111,33.4,40,53,579,48.0,14.04,36.034,25.211,15.0,6.603,1.561,47.865,57.311,23.598,35,GOOD,SYNTHETIC,26120
BWG-SIM-001,Baghewala-style representative,3,2026-04-05T21:00:00,production,21.282,18.482,111,33.4,40,53,579,48.0,14.175,35.364,23.818,15.0,6.585,1.559,51.447,57.397,23.596,33,GOOD,SYNTHETIC,26120
BWG-SIM-001,Baghewala-style representative,3,2026-04-05T22:00:00,production,21.285,18.485,111,33.4,40,53,579,48.0,14.135,34.999,23.847,15.0,6.571,1.557,46.594,57.442,23.382,36,GOOD,SYNTHETIC,26120
BWG-SIM-001,Baghewala-style representative,3,2026-04-05T23:00:00,production,21.295,18.495,111,33.4,40,53,579,48.0,14.363,34.96,22.689,15.0,6.707,1.556,43.785,58.0,23.617,38,GOOD,SYNTHETIC,26120
BWG-SIM-001,Baghewala-style representative,3,2026-04-06T00:00:00,production,21.279,18.479,111,33.4,40,53,579,48.0,14.427,35.456,24.779,15.0,6.574,1.554,47.122,56.835,24.0,34,GOOD,SYNTHETIC,26120
BWG-SIM-001,Baghewala-style representative,3,2026-04-06T01:00:00,production,21.333,18.533,111,33.4,40,53,579,48.0,14.05,36.207,24.023,15.0,6.694,1.552,45.951,57.341,24.0,36,GOOD,SYNTHETIC,26120
BWG-SIM-001,Baghewala-style representative,3,2026-04-06T02:00:00,production,21.314,18.514,111,33.4,40,53,579,48.0,14.199,34.551,24.378,15.0,6.71,1.551,45.96,56.89,23.669,35,GOOD,SYNTHETIC,26120
BWG-SIM-001,Baghewala-style representative,3,2026-04-06T03:00:00,production,21.303,18.503,111,33.4,40,53,579,48.0,13.957,34.439,24.531,15.0,6.583,1.549,45.082,57.935,23.35,37,GOOD,SYNTHETIC,26120
BWG-SIM-001,Baghewala-style representative,3,2026-04-06T04:00:00,production,21.377,18.577,111,33.4,40,53,579,48.0,14.352,35.568,23.548,15.0,6.778,1.547,46.087,57.398,23.762,36,GOOD,SYNTHETIC,26120
BWG-SIM-001,Baghewala-style representative,3,2026-04-06T05:00:00,production,21.097,18.297,111,33.4,40,53,579,48.0,14.195,35.346,22.888,15.0,6.862,1.545,44.392,58.0,24.0,38,GOOD,SYNTHETIC,26120
BWG-SIM-001,Baghewala-style representative,3,2026-04-06T06:00:00,production,21.174,18.374,111,33.4,40,53,579,48.0,14.428,35.019,22.899,15.0,6.779,1.544,48.154,58.0,24.0,36,GOOD,SYNTHETIC,26120
BWG-SIM-001,Baghewala-style representative,3,2026-04-06T07:00:00,production,21.135,18.335,111,33.4,40,53,579,48.0,14.308,34.325,22.485,15.0,6.876,1.542,44.21,58.0,24.0,38,GOOD,SYNTHETIC,26120
BWG-SIM-001,Baghewala-style representative,3,2026-04-06T08:00:00,production,21.072,18.272,111,33.4,40,53,579,48.0,14.414,34.826,24.237,15.0,6.685,1.54,45.99,58.0,23.948,37,GOOD,SYNTHETIC,26120
BWG-SIM-001,Baghewala-style representative,3,2026-04-06T09:00:00,production,21.074,18.274,111,33.4,40,53,579,48.0,14.095,34.978,24.421,15.0,6.73,1.539,47.452,57.54,24.0,35,GOOD,SYNTHETIC,26120
BWG-SIM-001,Baghewala-style representative,3,2026-04-06T10:00:00,production,21.123,18.323,111,33.4,40,53,579,48.0,14.367,34.841,23.069,15.0,6.822,1.537,47.428,58.0,24.0,36,GOOD,SYNTHETIC,26120
BWG-SIM-001,Baghewala-style representative,3,2026-04-06T11:00:00,production,21.078,18.278,111,33.4,40,53,579,48.0,14.039,35.603,23.739,15.0,6.895,1.535,45.15,58.0,23.862,37,GOOD,SYNTHETIC,26120
BWG-SIM-001,Baghewala-style representative,3,2026-04-06T12:00:00,production,21.123,18.323,111,33.4,40,53,579,48.0,14.278,35.712,24.419,15.0,6.798,1.534,49.065,58.0,23.876,36,GOOD,SYNTHETIC,26120
BWG-SIM-001,Baghewala-style representative,3,2026-04-06T13:00:00,production,21.117,18.317,111,33.4,40,53,579,48.0,14.247,36.421,25.459,15.0,6.87,1.532,50.964,57.49,23.545,34,GOOD,SYNTHETIC,26120
BWG-SIM-001,Baghewala-style representative,3,2026-04-06T14:00:00,production,21.069,18.269,111,33.4,40,53,579,48.0,14.376,34.622,22.591,15.0,6.788,1.531,45.923,58.0,24.0,37,GOOD,SYNTHETIC,26120
BWG-SIM-001,Baghewala-style representative,3,2026-04-06T15:00:00,production,20.943,18.143,111,33.4,40,53,579,48.0,14.15,36.149,23.369,15.0,6.922,1.529,43.881,58.0,23.581,38,GOOD,SYNTHETIC,26120
BWG-SIM-001,Baghewala-style representative,3,2026-04-06T16:00:00,production,20.998,18.198,111,33.4,40,53,579,48.0,14.322,35.008,24.178,15.0,6.737,1.528,47.534,57.826,24.0,36,GOOD,SYNTHETIC,26120
BWG-SIM-001,Baghewala-style representative,3,2026-04-06T17:00:00,production,20.971,18.171,111,33.4,40,53,579,48.0,14.043,35.147,24.017,15.0,6.736,1.526,47.877,58.0,23.95,36,GOOD,SYNTHETIC,26120
BWG-SIM-001,Baghewala-style representative,3,2026-04-06T18:00:00,production,20.911,18.111,111,33.4,40,53,579,48.0,14.101,36.035,23.347,15.0,6.87,1.525,46.961,57.073,23.93,35,GOOD,SYNTHETIC,26120
BWG-SIM-001,Baghewala-style representative,3,2026-04-06T19:00:00,production,20.717,17.917,111,33.4,40,53,579,48.0,14.189,33.972,22.476,15.0,6.779,1.523,45.784,58.0,23.773,37,GOOD,SYNTHETIC,26120
BWG-SIM-001,Baghewala-style representative,3,2026-04-06T20:00:00,production,20.816,18.016,111,33.4,40,53,579,48.0,14.32,34.427,22.365,15.0,6.794,1.522,46.743,58.0,23.823,37,GOOD,SYNTHETIC,26120
BWG-SIM-001,Baghewala-style representative,3,2026-04-06T21:00:00,production,20.757,17.957,111,33.4,40,53,579,48.0,14.485,34.234,23.323,15.0,6.862,1.521,46.579,58.0,23.679,37,GOOD,SYNTHETIC,26120
BWG-SIM-001,Baghewala-style representative,3,2026-04-06T22:00:00,production,20.706,17.906,111,33.4,40,53,579,48.0,14.186,34.516,24.598,15.0,6.715,1.52,48.322,58.0,23.569,36,GOOD,SYNTHETIC,26120
BWG-SIM-001,Baghewala-style representative,3,2026-04-06T23:00:00,production,20.891,18.091,111,33.4,40,53,579,48.0,14.259,35.427,24.349,15.0,6.792,1.519,48.049,58.0,23.74,36,GOOD,SYNTHETIC,26120
BWG-SIM-001,Baghewala-style representative,4,2026-04-13T00:00:00,injection,24.493,21.693,116,34.2,42,56,574,58.129,8.846,44.181,32.454,7.86,6.502,1.55,62.247,50.53,23.281,15,GOOD,SYNTHETIC,26120
BWG-SIM-001,Baghewala-style representative,4,2026-04-13T01:00:00,injection,24.402,21.602,116,34.2,42,56,574,58.538,8.92,43.48,30.642,7.258,6.517,1.552,60.455,53.749,23.224,22,GOOD,SYNTHETIC,26120
BWG-SIM-001,Baghewala-style representative,4,2026-04-13T02:00:00,injection,24.46,21.66,116,34.2,42,56,574,59.538,8.325,45.786,34.081,7.521,6.559,1.553,62.411,53.797,23.76,21,GOOD,SYNTHETIC,26120
BWG-SIM-001,Baghewala-style representative,4,2026-04-13T03:00:00,injection,24.382,21.582,116,34.2,42,56,574,59.852,8.272,44.293,31.367,7.728,6.535,1.555,59.994,51.198,23.167,17,GOOD,SYNTHETIC,26120
BWG-SIM-001,Baghewala-style representative,4,2026-04-13T04:00:00,injection,24.473,21.673,116,34.2,42,56,574,59.225,8.271,45.231,32.636,7.587,6.521,1.557,63.425,51.54,22.966,16,GOOD,SYNTHETIC,26120
BWG-SIM-001,Baghewala-style representative,4,2026-04-13T05:00:00,injection,24.625,21.825,116,34.2,42,56,574,59.462,8.48,44.68,31.558,7.222,6.593,1.559,57.595,52.823,23.589,21,GOOD,SYNTHETIC,26120
BWG-SIM-001,Baghewala-style representative,4,2026-04-13T06:00:00,injection,24.755,21.955,116,34.2,42,56,574,59.992,8.221,45.13,31.954,7.63,6.524,1.56,60.79,50.92,22.735,16,GOOD,SYNTHETIC,26120
BWG-SIM-001,Baghewala-style representative,4,2026-04-13T07:00:00,injection,24.632,21.832,116,34.2,42,56,574,60.509,7.977,46.335,33.71,8.006,6.611,1.562,62.384,53.118,23.459,20,GOOD,SYNTHETIC,26120
BWG-SIM-001,Baghewala-style representative,4,2026-04-13T08:00:00,injection,24.691,21.891,116,34.2,42,56,574,60.098,8.192,45.645,33.731,7.982,6.616,1.564,61.217,53.517,23.337,21,GOOD,SYNTHETIC,26120
BWG-SIM-001,Baghewala-style representative,4,2026-04-13T09:00:00,injection,24.555,21.755,116,34.2,42,56,574,59.453,8.514,45.663,33.768,7.981,6.714,1.565,62.219,53.814,23.614,21,GOOD,SYNTHETIC,26120
BWG-SIM-001,Baghewala-style representative,4,2026-04-13T10:00:00,injection,24.737,21.937,116,34.2,42,56,574,61.216,7.769,47.031,34.899,7.72,6.745,1.567,61.762,53.732,23.388,21,GOOD,SYNTHETIC,26120
BWG-SIM-001,Baghewala-style representative,4,2026-04-13T11:00:00,injection,24.683,21.883,116,34.2,42,56,574,60.384,8.047,44.904,33.153,8.334,6.779,1.568,60.221,52.969,23.803,20,GOOD,SYNTHETIC,26120
BWG-SIM-001,Baghewala-style representative,4,2026-04-13T12:00:00,injection,24.736,21.936,116,34.2,42,56,574,60.105,7.931,46.191,33.453,7.384,6.709,1.57,59.362,51.219,23.169,17,GOOD,SYNTHETIC,26120
BWG-SIM-001,Baghewala-style representative,4,2026-04-13T13:00:00,injection,24.689,21.889,116,34.2,42,56,574,60.378,8.185,46.072,32.342,8.159,6.786,1.571,58.645,55.352,23.57,26,GOOD,SYNTHETIC,26120
BWG-SIM-001,Baghewala-style representative,4,2026-04-13T14:00:00,injection,24.819,22.019,116,34.2,42,56,574,61.24,7.756,46.858,35.266,7.82,6.808,1.573,61.867,52.03,23.695,18,GOOD,SYNTHETIC,26120
BWG-SIM-001,Baghewala-style representative,4,2026-04-13T15:00:00,injection,24.851,22.051,116,34.2,42,56,574,61.311,7.761,46.609,33.153,7.691,6.791,1.574,60.956,52.6,23.768,19,GOOD,SYNTHETIC,26120
BWG-SIM-001,Baghewala-style representative,4,2026-04-13T16:00:00,injection,24.57,21.77,116,34.2,42,56,574,60.923,7.714,46.608,32.898,7.854,6.818,1.576,58.038,54.633,23.921,25,GOOD,SYNTHETIC,26120
BWG-SIM-001,Baghewala-style representative,4,2026-04-13T17:00:00,injection,24.946,22.146,116,34.2,42,56,574,61.351,7.928,46.133,32.913,8.057,6.866,1.577,58.6,54.544,23.409,24,GOOD,SYNTHETIC,26120
BWG-SIM-001,Baghewala-style representative,4,2026-04-13T18:00:00,injection,24.816,22.016,116,34.2,42,56,574,62.048,7.522,46.904,33.847,7.416,6.771,1.578,59.838,51.259,23.013,17,GOOD,SYNTHETIC,26120
BWG-SIM-001,Baghewala-style representative,4,2026-04-13T19:00:00,injection,24.877,22.077,116,34.2,42,56,574,61.534,7.694,47.616,33.824,8.418,6.859,1.579,60.475,52.689,23.72,20,GOOD,SYNTHETIC,26120
BWG-SIM-001,Baghewala-style representative,4,2026-04-13T20:00:00,injection,24.818,22.018,116,34.2,42,56,574,62.111,7.312,48.148,36.359,7.884,6.959,1.581,61.319,51.57,23.56,17,GOOD,SYNTHETIC,26120
BWG-SIM-001,Baghewala-style representative,4,2026-04-13T21:00:00,injection,24.876,22.076,116,34.2,42,56,574,62.718,6.936,48.602,36.443,7.589,6.764,1.582,64.473,50.167,23.341,13,GOOD,SYNTHETIC,26120
BWG-SIM-001,Baghewala-style representative,4,2026-04-13T22:00:00,injection,24.785,21.985,116,34.2,42,56,574,62.608,7.185,48.329,34.985,8.05,6.883,1.583,62.181,53.083,23.578,20,GOOD,SYNTHETIC,26120
BWG-SIM-001,Baghewala-style representative,4,2026-04-13T23:00:00,injection,24.981,22.181,116,34.2,42,56,574,62.529,7.397,47.405,35.505,7.461,6.853,1.584,59.959,54.149,23.801,23,GOOD,SYNTHETIC,26120
BWG-SIM-001,Baghewala-style representative,4,2026-04-14T00:00:00,injection,24.869,22.069,116,34.2,42,56,574,62.647,7.142,49.131,35.309,8.109,6.906,1.585,63.278,53.745,23.536,21,GOOD,SYNTHETIC,26120
BWG-SIM-001,Baghewala-style representative,4,2026-04-14T01:00:00,injection,25.034,22.234,116,34.2,42,56,574,62.252,7.114,47.373,34.092,8.169,6.923,1.585,60.17,53.174,23.728,21,GOOD,SYNTHETIC,26120
BWG-SIM-001,Baghewala-style representative,4,2026-04-14T02:00:00,injection,24.929,22.129,116,34.2,42,56,574,62.214,7.612,47.403,34.272,7.973,6.839,1.586,61.069,53.424,23.349,21,GOOD,SYNTHETIC,26120
BWG-SIM-001,Baghewala-style representative,4,2026-04-14T03:00:00,injection,24.936,22.136,116,34.2,42,56,574,63.271,6.866,49.034,35.897,8.272,6.74,1.587,64.763,52.968,23.452,18,GOOD,SYNTHETIC,26120
BWG-SIM-001,Baghewala-style representative,4,2026-04-14T04:00:00,injection,24.825,22.025,116,34.2,42,56,574,63.49,7.167,49.021,36.585,8.155,6.902,1.588,62.532,53.43,23.695,20,GOOD,SYNTHETIC,26120
BWG-SIM-001,Baghewala-style representative,4,2026-04-14T05:00:00,injection,24.984,22.184,116,34.2,42,56,574,63.202,7.068,49.573,36.657,8.02,6.762,1.588,63.01,51.605,23.31,16,GOOD,SYNTHETIC,26120
BWG-SIM-001,Baghewala-style representative,4,2026-04-14T06:00:00,injection,25.011,22.211,116,34.2,42,56,574,63.477,6.856,49.223,35.31,8.379,6.807,1.589,64.056,52.791,23.322,18,GOOD,SYNTHETIC,26120
BWG-SIM-001,Baghewala-style representative,4,2026-04-14T07:00:00,injection,25.338,22.538,116,34.2,42,56,574,63.69,7.05,50.061,36.389,9.004,6.944,1.589,64.7,52.979,23.334,18,GOOD,SYNTHETIC,26120
BWG-SIM-001,Baghewala-style representative,4,2026-04-14T08:00:00,injection,24.98,22.18,116,34.2,42,56,574,64.175,6.67,50.958,37.541,8.303,6.742,1.589,63.395,52.796,23.359,19,GOOD,SYNTHETIC,26120
BWG-SIM-001,Baghewala-style representative,4,2026-04-14T09:00:00,injection,24.885,22.085,116,34.2,42,56,574,63.891,6.674,50.858,37.661,7.794,6.84,1.59,66.959,51.534,23.269,15,GOOD,SYNTHETIC,26120
BWG-SIM-001,Baghewala-style representative,4,2026-04-14T10:00:00,injection,25.093,22.293,116,34.2,42,56,574,63.433,7.011,48.997,36.56,8.268,6.672,1.59,63.758,51.072,22.969,15,GOOD,SYNTHETIC,26120
BWG-SIM-001,Baghewala-style representative,4,2026-04-14T11:00:00,injection,25.065,22.265,116,34.2,42,56,574,63.385,6.851,49.918,36.862,8.177,6.889,1.59,63.949,50.531,22.938,14,GOOD,SYNTHETIC,26120
BWG-SIM-001,Baghewala-style representative,4,2026-04-14T12:00:00,injection,25.188,22.388,116,34.2,42,56,574,63.522,6.989,48.972,36.128,8.664,6.691,1.59,64.23,52.584,24.0,18,GOOD,SYNTHETIC,26120
BWG-SIM-001,Baghewala-style representative,4,2026-04-14T13:00:00,injection,25.298,22.498,116,34.2,42,56,574,64.391,6.409,50.741,38.799,8.656,6.759,1.59,67.143,51.256,23.315,14,GOOD,SYNTHETIC,26120
BWG-SIM-001,Baghewala-style representative,4,2026-04-14T14:00:00,injection,24.939,22.139,116,34.2,42,56,574,63.817,6.897,49.453,35.076,8.529,6.823,1.59,63.297,53.697,23.572,21,GOOD,SYNTHETIC,26120
BWG-SIM-001,Baghewala-style representative,4,2026-04-14T15:00:00,injection,25.01,22.21,116,34.2,42,56,574,64.401,6.5,50.331,38.003,8.281,6.602,1.59,65.76,51.733,23.69,15,GOOD,SYNTHETIC,26120
BWG-SIM-001,Baghewala-style representative,4,2026-04-14T16:00:00,injection,24.958,22.158,116,34.2,42,56,574,64.085,6.819,48.827,36.759,7.905,6.696,1.589,64.429,51.758,23.372,16,GOOD,SYNTHETIC,26120
BWG-SIM-001,Baghewala-style representative,4,2026-04-14T17:00:00,injection,24.975,22.175,116,34.2,42,56,574,64.579,6.557,50.626,37.022,9.038,6.778,1.589,64.66,50.627,23.072,14,GOOD,SYNTHETIC,26120
BWG-SIM-001,Baghewala-style representative,4,2026-04-14T18:00:00,soak,25.001,22.201,116,34.2,42,56,574,67.898,5.937,52.132,38.862,7.937,6.672,1.589,67.921,49.739,22.938,11,GOOD,SYNTHETIC,26120
BWG-SIM-001,Baghewala-style representative,4,2026-04-14T19:00:00,soak,25.025,22.225,116,34.2,42,56,574,68.448,5.53,54.273,41.603,8.465,6.618,1.588,74.013,49.927,23.232,8,GOOD,SYNTHETIC,26120
BWG-SIM-001,Baghewala-style representative,4,2026-04-14T20:00:00,soak,24.973,22.173,116,34.2,42,56,574,68.646,5.386,56.158,43.637,8.727,6.622,1.588,77.283,47.984,23.262,3,GOOD,SYNTHETIC,26120
BWG-SIM-001,Baghewala-style representative,4,2026-04-14T21:00:00,soak,25.131,22.331,116,34.2,42,56,574,68.886,5.27,56.942,44.181,9.171,6.678,1.587,73.196,48.206,23.131,5,GOOD,SYNTHETIC,26120
BWG-SIM-001,Baghewala-style representative,4,2026-04-14T22:00:00,soak,24.726,21.926,116,34.2,42,56,574,69.279,5.178,57.477,44.334,8.37,6.632,1.586,76.55,49.519,22.641,6,GOOD,SYNTHETIC,26120
BWG-SIM-001,Baghewala-style representative,4,2026-04-14T23:00:00,soak,25.003,22.203,116,34.2,42,56,574,68.59,5.349,56.57,43.339,8.424,6.489,1.586,75.287,50.073,23.365,8,GOOD,SYNTHETIC,26120
BWG-SIM-001,Baghewala-style representative,4,2026-04-15T00:00:00,soak,25.009,22.209,116,34.2,42,56,574,68.964,5.367,56.19,43.235,8.423,6.438,1.585,77.185,47.731,23.291,2,GOOD,SYNTHETIC,26120
BWG-SIM-001,Baghewala-style representative,4,2026-04-15T01:00:00,soak,24.806,22.006,116,34.2,42,56,574,68.362,5.546,55.015,42.822,8.71,6.723,1.584,71.13,49.435,23.14,8,GOOD,SYNTHETIC,26120
BWG-SIM-001,Baghewala-style representative,4,2026-04-15T02:00:00,soak,25.011,22.211,116,34.2,42,56,574,68.312,5.494,55.574,43.292,8.712,6.412,1.583,76.43,47.115,22.799,1,GOOD,SYNTHETIC,26120
BWG-SIM-001,Baghewala-style representative,4,2026-04-15T03:00:00,soak,25.233,22.433,116,34.2,42,56,574,69.506,5.184,57.03,44.257,9.397,6.697,1.582,74.53,48.534,22.93,5,GOOD,SYNTHETIC,26120
BWG-SIM-001,Baghewala-style representative,4,2026-04-15T04:00:00,soak,25.049,22.249,116,34.2,42,56,574,68.781,5.513,55.946,43.127,8.965,6.502,1.581,72.974,51.359,22.903,11,GOOD,SYNTHETIC,26120
BWG-SIM-001,Baghewala-style representative,4,2026-04-15T05:00:00,soak,25.167,22.367,116,34.2,42,56,574,68.924,5.205,57.511,44.742,8.68,6.58,1.58,79.17,51.631,23.282,9,GOOD,SYNTHETIC,26120
BWG-SIM-001,Baghewala-style representative,4,2026-04-15T06:00:00,soak,24.845,22.045,116,34.2,42,56,574,68.951,5.22,56.276,42.308,10.105,6.562,1.579,74.316,48.975,23.118,6,GOOD,SYNTHETIC,26120
BWG-SIM-001,Baghewala-style representative,4,2026-04-15T07:00:00,soak,24.992,22.192,116,34.2,42,56,574,68.416,5.669,54.029,41.761,9.635,6.477,1.577,73.686,48.063,22.91,5,GOOD,SYNTHETIC,26120
BWG-SIM-001,Baghewala-style representative,4,2026-04-15T08:00:00,soak,24.918,22.118,116,34.2,42,56,574,68.583,5.584,54.935,41.964,9.457,6.443,1.576,74.739,48.641,22.556,5,GOOD,SYNTHETIC,26120
BWG-SIM-001,Baghewala-style representative,4,2026-04-15T09:00:00,soak,25.028,22.228,116,34.2,42,56,574,68.875,5.405,55.68,41.977,9.76,6.504,1.575,77.466,48.398,22.732,4,GOOD,SYNTHETIC,26120
BWG-SIM-001,Baghewala-style representative,4,2026-04-15T10:00:00,soak,24.822,22.022,116,34.2,42,56,574,69.405,5.436,55.394,42.363,9.714,6.553,1.573,76.917,46.478,22.84,0,GOOD,SYNTHETIC,26120
BWG-SIM-001,Baghewala-style representative,4,2026-04-15T11:00:00,soak,24.708,21.908,116,34.2,42,56,574,68.905,5.544,55.154,42.175,8.403,6.28,1.572,74.883,48.798,22.57,5,GOOD,SYNTHETIC,26120
BWG-SIM-001,Baghewala-style representative,4,2026-04-15T12:00:00,soak,24.8,22.0,116,34.2,42,56,574,68.388,5.368,56.555,43.196,9.414,6.37,1.57,77.544,46.617,22.279,0,GOOD,SYNTHETIC,26120
BWG-SIM-001,Baghewala-style representative,4,2026-04-15T13:00:00,soak,24.941,22.141,116,34.2,42,56,574,68.71,5.436,55.13,41.994,9.947,6.264,1.569,76.876,48.085,22.721,3,GOOD,SYNTHETIC,26120
BWG-SIM-001,Baghewala-style representative,4,2026-04-15T14:00:00,soak,24.616,21.816,116,34.2,42,56,574,69.059,4.991,58.662,45.748,8.977,6.315,1.567,82.381,47.94,22.595,0,GOOD,SYNTHETIC,26120
BWG-SIM-001,Baghewala-style representative,4,2026-04-15T15:00:00,soak,24.847,22.047,116,34.2,42,56,574,68.941,5.492,55.601,42.083,9.467,6.3,1.566,77.487,48.244,22.933,3,GOOD,SYNTHETIC,26120
BWG-SIM-001,Baghewala-style representative,4,2026-04-15T16:00:00,soak,24.651,21.851,116,34.2,42,56,574,68.94,5.34,55.99,43.865,9.915,6.285,1.564,78.186,47.285,22.034,1,GOOD,SYNTHETIC,26120
BWG-SIM-001,Baghewala-style representative,4,2026-04-15T17:00:00,soak,24.788,21.988,116,34.2,42,56,574,68.493,5.394,55.339,41.614,9.628,6.408,1.562,77.278,48.009,22.528,3,GOOD,SYNTHETIC,26120
BWG-SIM-001,Baghewala-style representative,4,2026-04-15T18:00:00,soak,25.024,22.224,116,34.2,42,56,574,68.406,5.69,54.339,42.307,9.697,6.258,1.561,74.844,49.233,22.693,6,GOOD,SYNTHETIC,26120
BWG-SIM-001,Baghewala-style representative,4,2026-04-15T19:00:00,soak,24.925,22.125,116,34.2,42,56,574,68.328,5.348,55.768,44.112,8.997,6.23,1.559,81.23,48.697,22.789,2,GOOD,SYNTHETIC,26120
BWG-SIM-001,Baghewala-style representative,4,2026-04-15T20:00:00,soak,24.767,21.967,116,34.2,42,56,574,68.857,5.316,56.319,43.699,9.088,6.227,1.557,81.29,48.446,22.914,2,GOOD,SYNTHETIC,26120
BWG-SIM-001,Baghewala-style representative,4,2026-04-15T21:00:00,soak,24.523,21.723,116,34.2,42,56,574,68.658,5.623,54.039,39.904,10.156,6.396,1.556,76.188,48.419,23.073,4,GOOD,SYNTHETIC,26120
BWG-SIM-001,Baghewala-style representative,4,2026-04-15T22:00:00,soak,24.677,21.877,116,34.2,42,56,574,68.945,5.719,54.54,41.621,9.757,6.275,1.554,78.14,50.561,22.634,8,GOOD,SYNTHETIC,26120
BWG-SIM-001,Baghewala-style representative,4,2026-04-15T23:00:00,soak,24.615,21.815,116,34.2,42,56,574,68.688,5.53,55.152,42.535,9.552,6.333,1.552,78.566,49.022,22.526,4,GOOD,SYNTHETIC,26120
BWG-SIM-001,Baghewala-style representative,4,2026-04-16T00:00:00,soak,24.679,21.879,116,34.2,42,56,574,68.22,5.692,53.956,41.734,10.087,6.209,1.55,74.992,45.701,22.128,0,GOOD,SYNTHETIC,26120
BWG-SIM-001,Baghewala-style representative,4,2026-04-16T01:00:00,soak,24.729,21.929,116,34.2,42,56,574,68.326,5.687,54.45,42.544,9.327,6.373,1.549,77.639,46.13,22.681,0,GOOD,SYNTHETIC,26120
BWG-SIM-001,Baghewala-style representative,4,2026-04-16T02:00:00,soak,24.651,21.851,116,34.2,42,56,574,69.049,5.46,54.666,41.682,9.681,6.371,1.547,76.338,47.247,22.286,2,GOOD,SYNTHETIC,26120
BWG-SIM-001,Baghewala-style representative,4,2026-04-16T03:00:00,soak,24.435,21.635,116,34.2,42,56,574,68.203,5.547,54.871,43.333,10.038,6.098,1.545,82.952,47.856,22.428,0,GOOD,SYNTHETIC,26120
BWG-SIM-001,Baghewala-style representative,4,2026-04-16T04:00:00,soak,24.493,21.693,116,34.2,42,56,574,68.672,5.318,56.258,43.814,10.208,6.198,1.544,81.198,47.869,22.628,1,GOOD,SYNTHETIC,26120
BWG-SIM-001,Baghewala-style representative,4,2026-04-16T05:00:00,soak,24.664,21.864,116,34.2,42,56,574,68.672,5.837,53.848,41.853,9.564,6.113,1.542,81.096,45.593,22.464,0,GOOD,SYNTHETIC,26120
BWG-SIM-001,Baghewala-style representative,4,2026-04-16T06:00:00,soak,24.515,21.715,116,34.2,42,56,574,68.653,5.439,56.003,42.945,9.784,6.339,1.54,81.284,47.462,22.538,0,GOOD,SYNTHETIC,26120
BWG-SIM-001,Baghewala-style representative,4,2026-04-16T07:00:00,soak,24.298,21.498,116,34.2,42,56,574,68.77,5.509,55.463,43.789,9.407,6.141,1.538,81.95,46.758,22.614,0,GOOD,SYNTHETIC,26120
BWG-SIM-001,Baghewala-style representative,4,2026-04-16T08:00:00,soak,24.444,21.644,116,34.2,42,56,574,68.76,5.537,53.759,41.646,9.052,6.118,1.537,77.016,47.819,22.308,3,GOOD,SYNTHETIC,26120
BWG-SIM-001,Baghewala-style representative,4,2026-04-16T09:00:00,soak,24.492,21.692,116,34.2,42,56,574,69.02,5.051,58.602,47.054,10.005,5.985,1.535,87.218,47.02,22.333,0,GOOD,SYNTHETIC,26120
BWG-SIM-001,Baghewala-style representative,4,2026-04-16T10:00:00,soak,24.339,21.539,116,34.2,42,56,574,69.107,5.2,57.123,45.791,10.02,6.032,1.534,87.29,45.124,22.29,0,GOOD,SYNTHETIC,26120
BWG-SIM-001,Baghewala-style representative,4,2026-04-16T11:00:00,soak,24.412,21.612,116,34.2,42,56,574,68.949,5.641,54.553,43.722,10.37,6.177,1.532,79.34,47.542,22.441,1,GOOD,SYNTHETIC,26120
BWG-SIM-001,Baghewala-style representative,4,2026-04-16T12:00:00,soak,24.328,21.528,116,34.2,42,56,574,69.708,5.08,57.032,45.38,9.402,6.215,1.53,84.066,47.7,22.706,0,GOOD,SYNTHETIC,26120
BWG-SIM-001,Baghewala-style representative,4,2026-04-16T13:00:00,soak,24.299,21.499,116,34.2,42,56,574,69.329,5.344,56.107,44.466,9.754,6.159,1.529,82.056,47.104,22.618,0,GOOD,SYNTHETIC,26120
BWG-SIM-001,Baghewala-style representative,4,2026-04-16T14:00:00,soak,24.214,21.414,116,34.2,42,56,574,69.56,5.288,55.666,42.39,10.932,6.239,1.527,79.786,46.819,22.668,0,GOOD,SYNTHETIC,26120
BWG-SIM-001,Baghewala-style representative,4,2026-04-16T15:00:00,soak,24.124,21.324,116,34.2,42,56,574,69.122,5.498,54.267,42.221,10.076,6.109,1.526,81.784,48.602,22.375,2,GOOD,SYNTHETIC,26120
BWG-SIM-001,Baghewala-style representative,4,2026-04-16T16:00:00,soak,24.335,21.535,116,34.2,42,56,574,68.991,5.418,55.819,43.816,10.517,6.227,1.525,80.84,45.194,22.236,0,GOOD,SYNTHETIC,26120
BWG-SIM-001,Baghewala-style representative,4,2026-04-16T17:00:00,soak,24.055,21.255,116,34.2,42,56,574,69.13,5.365,56.17,43.553,9.948,6.153,1.523,82.532,48.309,22.66,1,GOOD,SYNTHETIC,26120
BWG-SIM-001,Baghewala-style representative,4,2026-04-16T18:00:00,soak,24.071,21.271,116,34.2,42,56,574,69.709,5.276,56.109,42.173,10.413,6.258,1.522,80.895,47.197,22.09,0,GOOD,SYNTHETIC,26120
BWG-SIM-001,Baghewala-style representative,4,2026-04-16T19:00:00,soak,24.09,21.29,116,34.2,42,56,574,69.513,5.392,55.288,42.784,10.283,6.302,1.521,80.726,50.299,22.751,6,GOOD,SYNTHETIC,26120
BWG-SIM-001,Baghewala-style representative,4,2026-04-16T20:00:00,soak,24.37,21.57,116,34.2,42,56,574,69.622,5.19,57.651,46.135,9.837,6.322,1.52,83.649,46.25,22.399,0,GOOD,SYNTHETIC,26120
BWG-SIM-001,Baghewala-style representative,4,2026-04-16T21:00:00,soak,23.787,20.987,116,34.2,42,56,574,69.538,5.415,54.925,42.47,10.826,6.372,1.519,76.084,49.053,22.469,5,GOOD,SYNTHETIC,26120
BWG-SIM-001,Baghewala-style representative,4,2026-04-16T22:00:00,soak,23.959,21.159,116,34.2,42,56,574,69.545,5.467,55.829,44.64,10.148,6.275,1.518,83.286,45.979,22.234,0,GOOD,SYNTHETIC,26120
BWG-SIM-001,Baghewala-style representative,4,2026-04-16T23:00:00,soak,24.214,21.414,116,34.2,42,56,574,70.203,5.145,56.528,43.237,10.09,6.197,1.517,82.908,47.263,22.261,0,GOOD,SYNTHETIC,26120
BWG-SIM-001,Baghewala-style representative,4,2026-04-17T00:00:00,soak,23.961,21.161,116,34.2,42,56,574,70.201,5.222,56.281,43.999,10.594,6.214,1.516,82.282,47.814,22.805,0,GOOD,SYNTHETIC,26120
BWG-SIM-001,Baghewala-style representative,4,2026-04-17T01:00:00,soak,24.032,21.232,116,34.2,42,56,574,70.37,4.813,58.235,46.294,9.703,6.377,1.515,84.59,47.917,22.505,0,GOOD,SYNTHETIC,26120
BWG-SIM-001,Baghewala-style representative,4,2026-04-17T02:00:00,production,23.841,21.041,116,34.2,42,56,574,70.787,5.198,55.689,44.039,10.388,6.38,1.514,81.397,48.451,22.969,2,GOOD,SYNTHETIC,26120
BWG-SIM-001,Baghewala-style representative,4,2026-04-17T03:00:00,production,23.876,21.076,116,34.2,42,56,574,70.091,4.972,57.28,44.155,10.97,6.462,1.513,83.013,48.612,22.846,1,GOOD,SYNTHETIC,26120
BWG-SIM-001,Baghewala-style representative,4,2026-04-17T04:00:00,production,23.875,21.075,116,34.2,42,56,574,70.098,5.033,57.1,45.532,9.845,6.417,1.513,81.549,48.374,23.244,2,GOOD,SYNTHETIC,26120
BWG-SIM-001,Baghewala-style representative,4,2026-04-17T05:00:00,production,23.961,21.161,116,34.2,42,56,574,70.161,5.308,56.143,42.855,10.318,6.363,1.512,78.474,48.932,23.293,4,GOOD,SYNTHETIC,26120
BWG-SIM-001,Baghewala-style representative,4,2026-04-17T06:00:00,production,23.608,20.808,116,34.2,42,56,574,70.322,5.444,53.54,41.021,10.461,6.432,1.512,75.472,48.082,23.02,4,GOOD,SYNTHETIC,26120
BWG-SIM-001,Baghewala-style representative,4,2026-04-17T07:00:00,production,23.751,20.951,116,34.2,42,56,574,69.757,5.295,56.146,44.115,11.244,6.447,1.511,81.259,48.188,22.925,1,GOOD,SYNTHETIC,26120
BWG-SIM-001,Baghewala-style representative,4,2026-04-17T08:00:00,production,23.555,20.755,116,34.2,42,56,574,70.465,5.421,55.016,41.935,10.331,6.45,1.511,78.147,48.906,22.748,4,GOOD,SYNTHETIC,26120
BWG-SIM-001,Baghewala-style representative,4,2026-04-17T09:00:00,production,23.663,20.863,116,34.2,42,56,574,70.072,4.97,57.892,45.552,10.636,6.399,1.51,83.271,46.813,22.482,0,GOOD,SYNTHETIC,26120
BWG-SIM-001,Baghewala-style representative,4,2026-04-17T10:00:00,production,23.489,20.689,116,34.2,42,56,574,70.147,4.951,57.3,43.505,10.238,6.423,1.51,80.801,49.539,22.575,4,GOOD,SYNTHETIC,26120
BWG-SIM-001,Baghewala-style representative,4,2026-04-17T11:00:00,production,23.638,20.838,116,34.2,42,56,574,69.994,5.41,55.354,43.272,10.205,6.4,1.51,80.07,46.111,22.8,0,GOOD,SYNTHETIC,26120
BWG-SIM-001,Baghewala-style representative,4,2026-04-17T12:00:00,production,23.76,20.96,116,34.2,42,56,574,69.37,5.19,56.958,44.905,10.551,6.49,1.51,82.212,49.007,22.475,3,GOOD,SYNTHETIC,26120
BWG-SIM-001,Baghewala-style representative,4,2026-04-17T13:00:00,production,23.562,20.762,116,34.2,42,56,574,68.854,5.371,55.008,41.874,10.434,6.542,1.51,75.836,47.979,22.953,3,GOOD,SYNTHETIC,26120
BWG-SIM-001,Baghewala-style representative,4,2026-04-17T14:00:00,production,23.371,20.571,116,34.2,42,56,574,69.424,5.357,54.285,40.77,11.039,6.679,1.51,76.17,49.741,23.563,7,GOOD,SYNTHETIC,26120
BWG-SIM-001,Baghewala-style representative,4,2026-04-17T15:00:00,production,23.465,20.665,116,34.2,42,56,574,69.992,5.151,55.83,42.266,10.751,6.487,1.51,80.066,49.014,22.678,4,GOOD,SYNTHETIC,26120
BWG-SIM-001,Baghewala-style representative,4,2026-04-17T16:00:00,production,23.514,20.714,116,34.2,42,56,574,69.885,4.919,57.511,44.597,10.993,6.707,1.51,78.323,48.616,23.23,4,GOOD,SYNTHETIC,26120
BWG-SIM-001,Baghewala-style representative,4,2026-04-17T17:00:00,production,23.373,20.573,116,34.2,42,56,574,70.032,5.062,57.181,43.891,10.713,6.625,1.511,81.156,48.24,22.938,2,GOOD,SYNTHETIC,26120
BWG-SIM-001,Baghewala-style representative,4,2026-04-17T18:00:00,production,23.255,20.455,116,34.2,42,56,574,69.636,5.108,57.099,44.888,10.327,6.527,1.511,79.909,47.585,22.499,1,GOOD,SYNTHETIC,26120
BWG-SIM-001,Baghewala-style representative,4,2026-04-17T19:00:00,production,23.328,20.528,116,34.2,42,56,574,69.527,5.699,54.185,41.767,11.19,6.653,1.512,76.027,48.523,23.168,4,GOOD,SYNTHETIC,26120
BWG-SIM-001,Baghewala-style representative,4,2026-04-17T20:00:00,production,23.483,20.683,116,34.2,42,56,574,69.32,5.508,54.161,41.492,10.854,6.773,1.512,75.336,51.547,23.494,11,GOOD,SYNTHETIC,26120
BWG-SIM-001,Baghewala-style representative,4,2026-04-17T21:00:00,production,23.246,20.446,116,34.2,42,56,574,69.504,5.28,55.936,43.776,11.0,6.788,1.513,72.465,49.675,23.177,8,GOOD,SYNTHETIC,26120
BWG-SIM-001,Baghewala-style representative,4,2026-04-17T22:00:00,production,23.319,20.519,116,34.2,42,56,574,70.235,5.168,56.644,42.766,11.455,6.779,1.513,75.79,47.495,23.02,2,GOOD,SYNTHETIC,26120
BWG-SIM-001,Baghewala-style representative,4,2026-04-17T23:00:00,production,23.242,20.442,116,34.2,42,56,574,70.458,4.676,59.608,47.885,11.766,6.735,1.514,82.015,48.271,22.706,1,GOOD,SYNTHETIC,26120
BWG-SIM-001,Baghewala-style representative,4,2026-04-18T00:00:00,production,23.117,20.317,116,34.2,42,56,574,69.317,5.284,55.048,41.239,10.601,6.841,1.515,74.508,49.367,23.073,7,GOOD,SYNTHETIC,26120
BWG-SIM-001,Baghewala-style representative,4,2026-04-18T01:00:00,production,23.411,20.611,116,34.2,42,56,574,69.171,5.567,54.188,41.625,10.685,6.781,1.516,73.111,48.656,22.982,6,GOOD,SYNTHETIC,26120
BWG-SIM-001,Baghewala-style representative,4,2026-04-18T02:00:00,production,23.317,20.517,116,34.2,42,56,574,69.762,4.997,56.84,43.551,10.536,6.835,1.517,77.034,49.559,23.365,6,GOOD,SYNTHETIC,26120
BWG-SIM-001,Baghewala-style representative,4,2026-04-18T03:00:00,production,23.294,20.494,116,34.2,42,56,574,69.214,5.285,54.527,41.377,10.977,6.859,1.518,73.507,50.048,23.291,9,GOOD,SYNTHETIC,26120
BWG-SIM-001,Baghewala-style representative,4,2026-04-18T04:00:00,production,23.244,20.444,116,34.2,42,56,574,69.637,5.307,55.093,41.677,10.863,6.775,1.519,74.713,50.865,23.104,10,GOOD,SYNTHETIC,26120
BWG-SIM-001,Baghewala-style representative,4,2026-04-18T05:00:00,production,23.281,20.481,116,34.2,42,56,574,69.092,5.406,55.642,42.525,11.796,6.787,1.52,77.492,49.188,23.091,5,GOOD,SYNTHETIC,26120
BWG-SIM-001,Baghewala-style representative,4,2026-04-18T06:00:00,production,22.867,20.067,116,34.2,42,56,574,69.235,5.304,56.039,42.36,10.927,6.717,1.521,73.874,48.429,23.062,5,GOOD,SYNTHETIC,26120
BWG-SIM-001,Baghewala-style representative,4,2026-04-18T07:00:00,production,23.214,20.414,116,34.2,42,56,574,69.971,5.136,56.42,42.824,11.537,6.788,1.522,76.3,48.177,23.522,4,GOOD,SYNTHETIC,26120
BWG-SIM-001,Baghewala-style representative,4,2026-04-18T08:00:00,production,23.08,20.28,116,34.2,42,56,574,69.306,5.242,55.676,41.413,11.026,6.827,1.524,74.539,47.417,22.566,3,GOOD,SYNTHETIC,26120
BWG-SIM-001,Baghewala-style representative,4,2026-04-18T09:00:00,production,22.989,20.189,116,34.2,42,56,574,68.835,5.327,55.907,42.082,10.917,6.743,1.525,75.643,49.672,22.943,7,GOOD,SYNTHETIC,26120
BWG-SIM-001,Baghewala-style representative,4,2026-04-18T10:00:00,production,22.955,20.155,116,34.2,42,56,574,69.278,5.393,54.564,41.161,11.69,6.67,1.526,75.128,48.159,23.198,4,GOOD,SYNTHETIC,26120
BWG-SIM-001,Baghewala-style representative,4,2026-04-18T11:00:00,production,22.98,20.18,116,34.2,42,56,574,69.491,5.379,55.058,42.302,11.765,6.999,1.528,71.35,51.194,23.426,12,GOOD,SYNTHETIC,26120
BWG-SIM-001,Baghewala-style representative,4,2026-04-18T12:00:00,production,22.916,20.116,116,34.2,42,56,574,69.859,5.346,54.344,40.489,11.675,6.88,1.529,69.759,51.042,23.479,12,GOOD,SYNTHETIC,26120
BWG-SIM-001,Baghewala-style representative,4,2026-04-18T13:00:00,production,22.982,20.182,116,34.2,42,56,574,69.026,5.554,54.154,40.47,11.171,6.837,1.531,71.311,48.989,23.497,7,GOOD,SYNTHETIC,26120
BWG-SIM-001,Baghewala-style representative,4,2026-04-18T14:00:00,production,22.989,20.189,116,34.2,42,56,574,69.014,5.278,55.251,40.976,10.87,6.786,1.532,75.216,51.759,23.202,11,GOOD,SYNTHETIC,26120
BWG-SIM-001,Baghewala-style representative,4,2026-04-18T15:00:00,production,23.129,20.329,116,34.2,42,56,574,69.318,5.358,54.9,40.949,11.363,6.921,1.534,70.722,51.672,23.201,13,GOOD,SYNTHETIC,26120
BWG-SIM-001,Baghewala-style representative,4,2026-04-18T16:00:00,production,23.105,20.305,116,34.2,42,56,574,69.297,5.254,56.026,42.518,11.344,6.791,1.536,73.2,51.063,23.402,11,GOOD,SYNTHETIC,26120
BWG-SIM-001,Baghewala-style representative,4,2026-04-18T17:00:00,production,22.633,19.833,116,34.2,42,56,574,69.338,5.111,56.882,42.288,12.013,6.923,1.537,73.166,50.211,23.613,9,GOOD,SYNTHETIC,26120
BWG-SIM-001,Baghewala-style representative,4,2026-04-18T18:00:00,production,22.885,20.085,116,34.2,42,56,574,69.692,5.362,55.11,41.939,11.258,6.863,1.539,74.791,50.97,23.505,10,GOOD,SYNTHETIC,26120
BWG-SIM-001,Baghewala-style representative,4,2026-04-18T19:00:00,production,22.674,19.874,116,34.2,42,56,574,69.337,5.234,55.5,41.251,11.74,6.737,1.541,73.49,50.663,22.75,10,GOOD,SYNTHETIC,26120
BWG-SIM-001,Baghewala-style representative,4,2026-04-18T20:00:00,production,22.693,19.893,116,34.2,42,56,574,68.817,5.594,52.8,38.534,11.586,6.859,1.542,70.198,48.455,23.228,7,GOOD,SYNTHETIC,26120
BWG-SIM-001,Baghewala-style representative,4,2026-04-18T21:00:00,production,22.82,20.02,116,34.2,42,56,574,68.392,5.454,53.277,39.662,11.638,6.954,1.544,67.02,50.951,23.247,13,GOOD,SYNTHETIC,26120
BWG-SIM-001,Baghewala-style representative,4,2026-04-18T22:00:00,production,23.035,20.235,116,34.2,42,56,574,68.266,5.427,54.425,40.879,11.688,6.815,1.546,71.125,50.523,23.185,11,GOOD,SYNTHETIC,26120
BWG-SIM-001,Baghewala-style representative,4,2026-04-18T23:00:00,production,22.91,20.11,116,34.2,42,56,574,68.723,5.427,54.975,42.07,12.093,6.846,1.547,70.802,52.265,23.278,14,GOOD,SYNTHETIC,26120
BWG-SIM-001,Baghewala-style representative,4,2026-04-19T00:00:00,production,22.594,19.794,116,34.2,42,56,574,68.812,5.644,53.565,39.557,12.383,6.732,1.549,71.413,50.77,23.582,11,GOOD,SYNTHETIC,26120
BWG-SIM-001,Baghewala-style representative,4,2026-04-19T01:00:00,production,22.77,19.97,116,34.2,42,56,574,68.461,5.591,53.788,40.603,12.311,6.702,1.551,72.556,50.407,22.896,10,GOOD,SYNTHETIC,26120
BWG-SIM-001,Baghewala-style representative,4,2026-04-19T02:00:00,production,22.679,19.879,116,34.2,42,56,574,68.193,5.729,52.409,38.497,11.334,6.77,1.553,68.133,49.615,22.998,10,GOOD,SYNTHETIC,26120
BWG-SIM-001,Baghewala-style representative,4,2026-04-19T03:00:00,production,22.826,20.026,116,34.2,42,56,574,68.131,5.551,54.272,39.161,11.632,6.904,1.554,70.071,52.04,23.626,14,GOOD,SYNTHETIC,26120
BWG-SIM-001,Baghewala-style representative,4,2026-04-19T04:00:00,production,22.867,20.067,116,34.2,42,56,574,68.262,5.622,52.929,40.632,11.989,6.796,1.556,70.836,49.052,22.583,8,GOOD,SYNTHETIC,26120
BWG-SIM-001,Baghewala-style representative,4,2026-04-19T05:00:00,production,22.803,20.003,116,34.2,42,56,574,67.744,5.932,52.054,39.575,12.489,6.686,1.558,72.162,51.321,23.683,12,GOOD,SYNTHETIC,26120
BWG-SIM-001,Baghewala-style representative,4,2026-04-19T06:00:00,production,22.757,19.957,116,34.2,42,56,574,67.718,5.508,53.672,41.377,11.732,6.614,1.559,73.609,50.457,22.85,9,GOOD,SYNTHETIC,26120
BWG-SIM-001,Baghewala-style representative,4,2026-04-19T07:00:00,production,22.713,19.913,116,34.2,42,56,574,67.42,5.827,52.839,39.089,12.253,6.803,1.561,68.568,52.876,23.608,16,GOOD,SYNTHETIC,26120
BWG-SIM-001,Baghewala-style representative,4,2026-04-19T08:00:00,production,22.844,20.044,116,34.2,42,56,574,67.457,5.906,52.22,39.556,11.904,6.724,1.563,69.531,48.866,23.037,8,GOOD,SYNTHETIC,26120
BWG-SIM-001,Baghewala-style representative,4,2026-04-19T09:00:00,production,22.895,20.095,116,34.2,42,56,574,67.133,5.813,52.223,40.182,11.595,6.586,1.564,68.905,49.735,22.753,10,GOOD,SYNTHETIC,26120
BWG-SIM-001,Baghewala-style representative,4,2026-04-19T10:00:00,production,22.74,19.94,116,34.2,42,56,574,66.975,6.271,50.878,38.261,12.212,6.648,1.566,65.165,51.804,23.586,16,GOOD,SYNTHETIC,26120
BWG-SIM-001,Baghewala-style representative,4,2026-04-19T11:00:00,production,22.738,19.938,116,34.2,42,56,574,67.501,5.524,54.969,41.367,12.894,6.692,1.568,72.92,49.158,22.428,7,GOOD,SYNTHETIC,26120
BWG-SIM-001,Baghewala-style representative,4,2026-04-19T12:00:00,production,22.658,19.858,116,34.2,42,56,574,67.898,5.581,53.731,40.606,12.097,6.671,1.569,70.358,49.629,22.946,9,GOOD,SYNTHETIC,26120
BWG-SIM-001,Baghewala-style representative,4,2026-04-19T13:00:00,production,22.819,20.019,116,34.2,42,56,574,66.612,5.834,52.104,39.806,13.256,6.386,1.571,72.84,49.035,22.884,7,GOOD,SYNTHETIC,26120
BWG-SIM-001,Baghewala-style representative,4,2026-04-19T14:00:00,production,22.778,19.978,116,34.2,42,56,574,66.773,5.862,50.845,38.277,12.085,6.676,1.572,66.909,52.192,23.565,16,GOOD,SYNTHETIC,26120
BWG-SIM-001,Baghewala-style representative,4,2026-04-19T15:00:00,production,23.077,20.277,116,34.2,42,56,574,66.457,6.245,51.02,38.554,12.049,6.558,1.574,70.139,49.355,23.325,9,GOOD,SYNTHETIC,26120
BWG-SIM-001,Baghewala-style representative,4,2026-04-19T16:00:00,production,22.79,19.99,116,34.2,42,56,574,65.884,6.244,50.066,37.271,12.366,6.54,1.575,66.319,52.644,24.0,17,GOOD,SYNTHETIC,26120
BWG-SIM-001,Baghewala-style representative,4,2026-04-19T17:00:00,production,22.848,20.048,116,34.2,42,56,574,66.736,6.06,50.848,37.592,12.446,6.347,1.576,72.737,47.545,22.944,4,GOOD,SYNTHETIC,26120
BWG-SIM-001,Baghewala-style representative,4,2026-04-19T18:00:00,production,22.693,19.893,116,34.2,42,56,574,66.175,6.197,49.571,36.197,12.904,6.478,1.578,66.624,49.62,23.702,11,GOOD,SYNTHETIC,26120
BWG-SIM-001,Baghewala-style representative,4,2026-04-19T19:00:00,production,22.791,19.991,116,34.2,42,56,574,65.296,6.597,49.814,37.812,12.05,6.273,1.579,68.674,49.399,22.677,9,GOOD,SYNTHETIC,26120
BWG-SIM-001,Baghewala-style representative,4,2026-04-19T20:00:00,production,23.093,20.293,116,34.2,42,56,574,65.192,6.26,50.831,38.56,12.874,6.341,1.58,70.932,50.52,23.005,11,GOOD,SYNTHETIC,26120
BWG-SIM-001,Baghewala-style representative,4,2026-04-19T21:00:00,production,22.694,19.894,116,34.2,42,56,574,65.568,6.517,48.934,36.163,11.782,6.299,1.581,69.426,48.967,22.575,8,GOOD,SYNTHETIC,26120
BWG-SIM-001,Baghewala-style representative,4,2026-04-19T22:00:00,production,22.991,20.191,116,34.2,42,56,574,65.29,6.335,50.431,37.42,12.338,6.349,1.582,70.544,51.203,22.848,12,GOOD,SYNTHETIC,26120
BWG-SIM-001,Baghewala-style representative,4,2026-04-19T23:00:00,production,22.828,20.028,116,34.2,42,56,574,64.823,6.885,47.401,33.83,12.489,6.362,1.583,65.549,49.862,22.666,12,GOOD,SYNTHETIC,26120
BWG-SIM-001,Baghewala-style representative,4,2026-04-20T00:00:00,production,22.764,19.964,116,34.2,42,56,574,64.717,6.636,49.738,37.552,13.13,6.325,1.584,69.295,49.378,23.606,9,GOOD,SYNTHETIC,26120
BWG-SIM-001,Baghewala-style representative,4,2026-04-20T01:00:00,production,22.946,20.146,116,34.2,42,56,574,64.56,6.501,48.474,35.524,12.301,6.321,1.585,66.053,49.146,23.017,10,GOOD,SYNTHETIC,26120
BWG-SIM-001,Baghewala-style representative,4,2026-04-20T02:00:00,production,22.86,20.06,116,34.2,42,56,574,63.906,6.8,48.471,38.271,12.064,6.24,1.586,68.385,50.331,22.646,11,GOOD,SYNTHETIC,26120
BWG-SIM-001,Baghewala-style representative,4,2026-04-20T03:00:00,production,22.755,19.955,116,34.2,42,56,574,64.6,6.721,48.884,37.343,12.877,6.389,1.587,69.176,51.789,23.323,14,GOOD,SYNTHETIC,26120
BWG-SIM-001,Baghewala-style representative,4,2026-04-20T04:00:00,production,22.782,19.982,116,34.2,42,56,574,64.077,6.926,47.803,36.369,12.926,6.058,1.587,69.297,49.174,22.735,9,GOOD,SYNTHETIC,26120
BWG-SIM-001,Baghewala-style representative,4,2026-04-20T05:00:00,production,22.984,20.184,116,34.2,42,56,574,63.735,6.723,48.465,36.616,12.758,6.193,1.588,67.136,49.011,22.655,9,GOOD,SYNTHETIC,26120
BWG-SIM-001,Baghewala-style representative,4,2026-04-20T06:00:00,production,22.881,20.081,116,34.2,42,56,574,63.662,6.725,48.693,36.08,12.72,6.298,1.588,70.205,50.0,22.618,10,GOOD,SYNTHETIC,26120
BWG-SIM-001,Baghewala-style representative,4,2026-04-20T07:00:00,production,23.039,20.239,116,34.2,42,56,574,63.951,7.089,47.952,35.43,12.171,6.243,1.589,69.805,51.386,22.824,13,GOOD,SYNTHETIC,26120
BWG-SIM-001,Baghewala-style representative,4,2026-04-20T08:00:00,production,23.006,20.206,116,34.2,42,56,574,63.341,6.893,47.878,36.129,13.061,6.289,1.589,66.715,49.994,23.401,12,GOOD,SYNTHETIC,26120
BWG-SIM-001,Baghewala-style representative,4,2026-04-20T09:00:00,production,22.879,20.079,116,34.2,42,56,574,62.817,7.15,47.356,34.569,12.605,6.231,1.589,67.218,50.009,23.172,11,GOOD,SYNTHETIC,26120
BWG-SIM-001,Baghewala-style representative,4,2026-04-20T10:00:00,production,23.042,20.242,116,34.2,42,56,574,63.406,6.987,48.41,34.83,12.799,6.265,1.59,67.872,50.244,22.453,12,GOOD,SYNTHETIC,26120
BWG-SIM-001,Baghewala-style representative,4,2026-04-20T11:00:00,production,22.889,20.089,116,34.2,42,56,574,62.453,7.344,45.528,32.834,12.482,6.103,1.59,65.495,51.322,22.693,15,GOOD,SYNTHETIC,26120
BWG-SIM-001,Baghewala-style representative,4,2026-04-20T12:00:00,production,23.074,20.274,116,34.2,42,56,574,62.656,7.195,47.714,33.925,13.085,6.187,1.59,66.438,50.332,22.806,12,GOOD,SYNTHETIC,26120
BWG-SIM-001,Baghewala-style representative,4,2026-04-20T13:00:00,production,23.033,20.233,116,34.2,42,56,574,62.194,7.457,46.591,34.623,12.168,6.195,1.59,63.101,50.612,22.781,14,GOOD,SYNTHETIC,26120
BWG-SIM-001,Baghewala-style representative,4,2026-04-20T14:00:00,production,23.075,20.275,116,34.2,42,56,574,62.595,7.674,45.442,33.773,13.94,6.225,1.59,64.751,49.429,22.821,11,GOOD,SYNTHETIC,26120
BWG-SIM-001,Baghewala-style representative,4,2026-04-20T15:00:00,production,22.988,20.188,116,34.2,42,56,574,61.756,7.522,44.98,32.437,13.007,6.214,1.59,64.087,48.603,22.952,10,GOOD,SYNTHETIC,26120
BWG-SIM-001,Baghewala-style representative,4,2026-04-20T16:00:00,production,23.097,20.297,116,34.2,42,56,574,61.32,7.617,45.499,32.119,13.319,6.148,1.59,66.055,48.689,22.756,9,GOOD,SYNTHETIC,26120
BWG-SIM-001,Baghewala-style representative,4,2026-04-20T17:00:00,production,22.901,20.101,116,34.2,42,56,574,62.015,7.504,46.456,34.089,12.803,6.145,1.589,63.66,51.038,23.147,15,GOOD,SYNTHETIC,26120
BWG-SIM-001,Baghewala-style representative,4,2026-04-20T18:00:00,production,23.163,20.363,116,34.2,42,56,574,61.45,7.802,44.518,31.561,13.851,6.041,1.589,64.87,49.699,22.325,12,GOOD,SYNTHETIC,26120
BWG-SIM-001,Baghewala-style representative,4,2026-04-20T19:00:00,production,23.18,20.38,116,34.2,42,56,574,61.156,7.771,45.827,34.093,13.368,6.045,1.588,67.594,49.784,22.863,11,GOOD,SYNTHETIC,26120
BWG-SIM-001,Baghewala-style representative,4,2026-04-20T20:00:00,production,23.426,20.626,116,34.2,42,56,574,61.307,7.7,46.897,35.425,12.458,6.238,1.588,65.887,49.882,23.005,12,GOOD,SYNTHETIC,26120
BWG-SIM-001,Baghewala-style representative,4,2026-04-20T21:00:00,production,23.378,20.578,116,34.2,42,56,574,60.594,8.006,44.893,32.269,14.013,6.12,1.587,63.856,50.096,23.099,13,GOOD,SYNTHETIC,26120
BWG-SIM-001,Baghewala-style representative,4,2026-04-20T22:00:00,production,23.2,20.4,116,34.2,42,56,574,60.561,7.747,47.042,35.639,13.058,6.2,1.587,65.418,50.128,22.478,12,GOOD,SYNTHETIC,26120
BWG-SIM-001,Baghewala-style representative,4,2026-04-20T23:00:00,production,23.121,20.321,116,34.2,42,56,574,60.689,7.814,45.422,32.522,13.098,6.262,1.586,66.947,49.206,22.84,10,GOOD,SYNTHETIC,26120
BWG-SIM-001,Baghewala-style representative,4,2026-04-21T00:00:00,production,23.292,20.492,116,34.2,42,56,574,59.422,8.468,44.657,32.487,13.027,6.204,1.585,64.897,49.381,22.529,11,GOOD,SYNTHETIC,26120
BWG-SIM-001,Baghewala-style representative,4,2026-04-21T01:00:00,production,23.229,20.429,116,34.2,42,56,574,59.955,8.553,44.465,31.769,12.609,6.239,1.584,60.955,53.389,22.752,21,GOOD,SYNTHETIC,26120
BWG-SIM-001,Baghewala-style representative,4,2026-04-21T02:00:00,production,23.349,20.549,116,34.2,42,56,574,60.193,8.001,45.933,33.72,12.91,6.144,1.583,67.617,50.271,22.378,12,GOOD,SYNTHETIC,26120
BWG-SIM-001,Baghewala-style representative,4,2026-04-21T03:00:00,production,23.367,20.567,116,34.2,42,56,574,59.986,8.028,44.676,31.868,13.399,6.197,1.582,61.633,50.699,23.053,15,GOOD,SYNTHETIC,26120
BWG-SIM-001,Baghewala-style representative,4,2026-04-21T04:00:00,production,23.49,20.69,116,34.2,42,56,574,59.415,8.511,43.484,29.994,13.816,6.154,1.581,61.288,51.59,23.147,17,GOOD,SYNTHETIC,26120
BWG-SIM-001,Baghewala-style representative,4,2026-04-21T05:00:00,production,23.411,20.611,116,34.2,42,56,574,59.101,8.593,44.347,31.99,14.308,6.222,1.58,59.786,52.092,22.986,19,GOOD,SYNTHETIC,26120
BWG-SIM-001,Baghewala-style representative,4,2026-04-21T06:00:00,production,23.344,20.544,116,34.2,42,56,574,59.687,8.592,43.708,31.103,13.533,6.161,1.579,60.654,51.984,22.864,18,GOOD,SYNTHETIC,26120
BWG-SIM-001,Baghewala-style representative,4,2026-04-21T07:00:00,production,23.328,20.528,116,34.2,42,56,574,58.392,8.986,43.329,30.963,13.698,6.35,1.578,59.878,52.373,22.855,19,GOOD,SYNTHETIC,26120
BWG-SIM-001,Baghewala-style representative,4,2026-04-21T08:00:00,production,23.465,20.665,116,34.2,42,56,574,58.74,8.431,45.046,33.118,13.456,6.219,1.577,62.234,51.183,23.027,16,GOOD,SYNTHETIC,26120
BWG-SIM-001,Baghewala-style representative,4,2026-04-21T09:00:00,production,23.543,20.743,116,34.2,42,56,574,58.678,8.781,42.608,29.843,13.999,6.336,1.575,58.595,52.843,23.085,21,GOOD,SYNTHETIC,26120
BWG-SIM-001,Baghewala-style representative,4,2026-04-21T10:00:00,production,23.375,20.575,116,34.2,42,56,574,58.612,9.102,43.337,32.587,13.653,6.289,1.574,62.452,51.115,22.815,16,GOOD,SYNTHETIC,26120
BWG-SIM-001,Baghewala-style representative,4,2026-04-21T11:00:00,production,23.309,20.509,116,34.2,42,56,574,58.726,8.552,43.702,33.154,14.262,6.299,1.573,61.239,54.279,23.282,23,GOOD,SYNTHETIC,26120
BWG-SIM-001,Baghewala-style representative,4,2026-04-21T12:00:00,production,23.542,20.742,116,34.2,42,56,574,58.227,8.948,43.759,30.051,13.75,6.207,1.571,62.168,52.493,23.067,19,GOOD,SYNTHETIC,26120
BWG-SIM-001,Baghewala-style representative,4,2026-04-21T13:00:00,production,23.59,20.79,116,34.2,42,56,574,58.324,8.747,43.025,30.703,13.145,6.308,1.57,59.056,52.578,22.977,20,GOOD,SYNTHETIC,26120
BWG-SIM-001,Baghewala-style representative,4,2026-04-21T14:00:00,production,23.612,20.812,116,34.2,42,56,574,57.986,9.189,43.146,30.729,13.728,6.233,1.568,59.782,52.112,22.935,19,GOOD,SYNTHETIC,26120
BWG-SIM-001,Baghewala-style representative,4,2026-04-21T15:00:00,production,23.485,20.685,116,34.2,42,56,574,57.237,9.313,42.576,31.114,13.689,6.358,1.566,57.472,51.862,23.023,19,GOOD,SYNTHETIC,26120
BWG-SIM-001,Baghewala-style representative,4,2026-04-21T16:00:00,production,23.348,20.548,116,34.2,42,56,574,57.522,9.372,43.023,30.537,13.362,6.417,1.565,59.14,52.807,23.285,21,GOOD,SYNTHETIC,26120
BWG-SIM-001,Baghewala-style representative,4,2026-04-21T17:00:00,production,23.627,20.827,116,34.2,42,56,574,57.182,9.292,43.05,31.716,13.87,6.319,1.563,62.554,52.26,22.949,18,GOOD,SYNTHETIC,26120
BWG-SIM-001,Baghewala-style representative,4,2026-04-21T18:00:00,production,23.735,20.935,116,34.2,42,56,574,57.422,9.161,43.083,30.648,13.651,6.429,1.562,60.204,54.504,23.243,24,GOOD,SYNTHETIC,26120
BWG-SIM-001,Baghewala-style representative,4,2026-04-21T19:00:00,production,23.711,20.911,116,34.2,42,56,574,57.709,9.217,42.542,29.551,13.928,6.433,1.56,60.013,53.163,23.477,21,GOOD,SYNTHETIC,26120
BWG-SIM-001,Baghewala-style representative,4,2026-04-21T20:00:00,production,23.625,20.825,116,34.2,42,56,574,56.962,9.252,42.835,29.623,14.47,6.552,1.558,57.106,52.552,22.899,21,GOOD,SYNTHETIC,26120
BWG-SIM-001,Baghewala-style representative,4,2026-04-21T21:00:00,production,23.524,20.724,116,34.2,42,56,574,57.072,9.289,42.147,29.719,14.286,6.514,1.557,59.045,52.438,23.32,20,GOOD,SYNTHETIC,26120
BWG-SIM-001,Baghewala-style representative,4,2026-04-21T22:00:00,production,23.881,21.081,116,34.2,42,56,574,57.029,9.556,43.12,31.075,13.164,6.636,1.555,58.837,51.845,22.653,19,GOOD,SYNTHETIC,26120
BWG-SIM-001,Baghewala-style representative,4,2026-04-21T23:00:00,production,23.766,20.966,116,34.2,42,56,574,56.868,9.615,42.518,30.927,14.27,6.698,1.553,55.706,53.76,23.749,24,GOOD,SYNTHETIC,26120
BWG-SIM-001,Baghewala-style representative,4,2026-04-22T00:00:00,production,23.772,20.972,116,34.2,42,56,574,56.225,9.685,42.783,31.509,13.951,6.635,1.551,60.892,53.569,23.917,21,GOOD,SYNTHETIC,26120
BWG-SIM-001,Baghewala-style representative,4,2026-04-22T01:00:00,production,23.427,20.627,116,34.2,42,56,574,56.739,9.348,42.094,29.705,14.539,6.653,1.55,57.77,56.644,24.0,29,GOOD,SYNTHETIC,26120
BWG-SIM-001,Baghewala-style representative,4,2026-04-22T02:00:00,production,23.847,21.047,116,34.2,42,56,574,56.365,9.954,42.222,29.515,14.585,6.542,1.548,56.885,52.529,23.244,21,GOOD,SYNTHETIC,26120
BWG-SIM-001,Baghewala-style representative,4,2026-04-22T03:00:00,production,23.624,20.824,116,34.2,42,56,574,56.741,9.527,42.209,29.602,13.485,6.667,1.546,57.271,54.498,23.131,25,GOOD,SYNTHETIC,26120
BWG-SIM-001,Baghewala-style representative,4,2026-04-22T04:00:00,production,23.904,21.104,116,34.2,42,56,574,56.161,9.937,41.701,30.476,13.737,6.619,1.544,58.201,55.085,23.871,26,GOOD,SYNTHETIC,26120
BWG-SIM-001,Baghewala-style representative,4,2026-04-22T05:00:00,production,23.906,21.106,116,34.2,42,56,574,56.478,9.602,42.096,30.524,13.915,6.623,1.543,57.712,54.061,23.475,24,GOOD,SYNTHETIC,26120
BWG-SIM-001,Baghewala-style representative,4,2026-04-22T06:00:00,production,23.826,21.026,116,34.2,42,56,574,56.437,9.581,42.633,29.979,13.914,6.564,1.541,58.066,55.252,23.581,26,GOOD,SYNTHETIC,26120
BWG-SIM-001,Baghewala-style representative,4,2026-04-22T07:00:00,production,23.838,21.038,116,34.2,42,56,574,56.432,9.823,42.277,30.937,15.0,6.695,1.539,57.618,55.911,23.834,27,GOOD,SYNTHETIC,26120
BWG-SIM-001,Baghewala-style representative,4,2026-04-22T08:00:00,production,23.58,20.78,116,34.2,42,56,574,56.488,9.703,41.338,29.385,14.234,6.767,1.538,56.38,52.225,23.364,21,GOOD,SYNTHETIC,26120
BWG-SIM-001,Baghewala-style representative,4,2026-04-22T09:00:00,production,23.689,20.889,116,34.2,42,56,574,56.073,9.765,43.037,30.603,14.106,6.721,1.536,57.826,53.056,23.614,22,GOOD,SYNTHETIC,26120
BWG-SIM-001,Baghewala-style representative,4,2026-04-22T10:00:00,production,23.915,21.115,116,34.2,42,56,574,56.487,9.728,41.932,29.607,14.863,6.785,1.534,57.399,53.608,23.595,23,GOOD,SYNTHETIC,26120
BWG-SIM-001,Baghewala-style representative,4,2026-04-22T11:00:00,production,23.745,20.945,116,34.2,42,56,574,56.429,9.548,42.536,30.373,14.016,6.452,1.533,59.224,53.19,23.375,21,GOOD,SYNTHETIC,26120
BWG-SIM-001,Baghewala-style representative,4,2026-04-22T12:00:00,production,24.072,21.272,116,34.2,42,56,574,55.799,10.003,41.52,29.477,14.835,6.83,1.531,56.243,53.674,23.34,24,GOOD,SYNTHETIC,26120
BWG-SIM-001,Baghewala-style representative,4,2026-04-22T13:00:00,production,23.973,21.173,116,34.2,42,56,574,55.348,10.159,41.414,29.596,14.684,6.653,1.53,54.819,53.703,23.604,24,GOOD,SYNTHETIC,26120
BWG-SIM-001,Baghewala-style representative,4,2026-04-22T14:00:00,production,23.833,21.033,116,34.2,42,56,574,55.928,9.81,42.569,29.03,14.275,6.673,1.528,56.171,52.702,23.115,22,GOOD,SYNTHETIC,26120
BWG-SIM-001,Baghewala-style representative,4,2026-04-22T15:00:00,production,23.891,21.091,116,34.2,42,56,574,55.815,9.985,42.808,30.42,14.868,6.886,1.527,54.328,54.467,23.75,26,GOOD,SYNTHETIC,26120
BWG-SIM-001,Baghewala-style representative,4,2026-04-22T16:00:00,production,23.905,21.105,116,34.2,42,56,574,56.277,9.679,43.249,31.455,14.7,6.826,1.525,58.764,53.947,23.349,23,GOOD,SYNTHETIC,26120
BWG-SIM-001,Baghewala-style representative,4,2026-04-22T17:00:00,production,23.787,20.987,116,34.2,42,56,574,56.158,10.027,40.422,28.916,14.653,6.702,1.524,54.466,53.36,23.653,24,GOOD,SYNTHETIC,26120
BWG-SIM-001,Baghewala-style representative,4,2026-04-22T18:00:00,production,24.13,21.33,116,34.2,42,56,574,55.988,9.75,41.682,28.567,14.732,6.861,1.523,55.0,53.447,23.828,24,GOOD,SYNTHETIC,26120
BWG-SIM-001,Baghewala-style representative,4,2026-04-22T19:00:00,production,23.859,21.059,116,34.2,42,56,574,55.365,10.159,41.523,30.754,14.821,6.733,1.522,57.38,53.028,23.267,22,GOOD,SYNTHETIC,26120
BWG-SIM-001,Baghewala-style representative,4,2026-04-22T20:00:00,production,23.878,21.078,116,34.2,42,56,574,55.565,10.128,41.705,29.089,14.515,6.696,1.52,57.344,54.161,23.733,24,GOOD,SYNTHETIC,26120
BWG-SIM-001,Baghewala-style representative,4,2026-04-22T21:00:00,production,24.034,21.234,116,34.2,42,56,574,55.782,10.225,41.033,29.742,14.501,6.833,1.519,54.87,55.119,24.0,27,GOOD,SYNTHETIC,26120
BWG-SIM-001,Baghewala-style representative,4,2026-04-22T22:00:00,production,23.97,21.17,116,34.2,42,56,574,55.167,10.428,40.903,29.425,14.692,6.944,1.518,54.066,53.479,23.62,24,GOOD,SYNTHETIC,26120
BWG-SIM-001,Baghewala-style representative,4,2026-04-22T23:00:00,production,23.968,21.168,116,34.2,42,56,574,55.244,10.339,40.986,28.88,14.703,6.791,1.517,53.867,56.569,23.862,30,GOOD,SYNTHETIC,26120
BWG-SIM-001,Baghewala-style representative,4,2026-04-23T00:00:00,production,23.894,21.094,116,34.2,42,56,574,55.798,10.023,40.88,28.479,15.0,6.772,1.516,57.154,55.011,23.435,26,GOOD,SYNTHETIC,26120
BWG-SIM-001,Baghewala-style representative,4,2026-04-23T01:00:00,production,23.955,21.155,116,34.2,42,56,574,55.835,10.011,41.392,28.612,14.679,6.734,1.515,57.394,55.062,23.51,26,GOOD,SYNTHETIC,26120
BWG-SIM-001,Baghewala-style representative,4,2026-04-23T02:00:00,production,24.036,21.236,116,34.2,42,56,574,56.096,9.632,42.491,30.078,15.0,6.761,1.514,58.123,55.867,23.781,27,GOOD,SYNTHETIC,26120
BWG-SIM-001,Baghewala-style representative,4,2026-04-23T03:00:00,production,23.939,21.139,116,34.2,42,56,574,56.033,9.539,42.231,30.728,14.626,6.841,1.514,57.098,54.887,24.0,26,GOOD,SYNTHETIC,26120
BWG-SIM-001,Baghewala-style representative,4,2026-04-23T04:00:00,production,23.705,20.905,116,34.2,42,56,574,55.537,10.034,41.293,28.957,14.565,6.835,1.513,57.153,53.851,23.709,24,GOOD,SYNTHETIC,26120
BWG-SIM-001,Baghewala-style representative,4,2026-04-23T05:00:00,production,23.781,20.981,116,34.2,42,56,574,55.595,10.377,41.32,29.312,14.869,6.872,1.512,56.299,55.333,23.881,27,GOOD,SYNTHETIC,26120
BWG-SIM-001,Baghewala-style representative,4,2026-04-23T06:00:00,production,23.809,21.009,116,34.2,42,56,574,55.348,10.386,40.185,26.844,15.0,6.746,1.512,52.043,56.466,23.993,31,GOOD,SYNTHETIC,26120
BWG-SIM-001,Baghewala-style representative,4,2026-04-23T07:00:00,production,23.875,21.075,116,34.2,42,56,574,55.012,10.545,41.951,29.976,14.284,6.707,1.511,57.143,55.254,23.477,26,GOOD,SYNTHETIC,26120
BWG-SIM-001,Baghewala-style representative,4,2026-04-23T08:00:00,production,23.899,21.099,116,34.2,42,56,574,55.676,9.848,41.595,29.267,15.0,6.918,1.511,55.979,55.043,23.586,26,GOOD,SYNTHETIC,26120
BWG-SIM-001,Baghewala-style representative,4,2026-04-23T09:00:00,production,23.93,21.13,116,34.2,42,56,574,55.591,9.967,41.019,29.735,15.0,6.911,1.511,56.032,56.528,23.654,29,GOOD,SYNTHETIC,26120
BWG-SIM-001,Baghewala-style representative,4,2026-04-23T10:00:00,production,23.83,21.03,116,34.2,42,56,574,55.427,10.038,42.447,29.743,14.834,6.764,1.51,57.101,55.555,23.9,27,GOOD,SYNTHETIC,26120
BWG-SIM-001,Baghewala-style representative,4,2026-04-23T11:00:00,production,23.759,20.959,116,34.2,42,56,574,55.982,9.973,41.589,29.514,14.942,6.739,1.51,56.213,52.575,23.354,21,GOOD,SYNTHETIC,26120
BWG-SIM-001,Baghewala-style representative,4,2026-04-23T12:00:00,production,23.707,20.907,116,34.2,42,56,574,55.377,9.736,42.428,29.786,14.957,6.783,1.51,56.363,54.51,23.572,25,GOOD,SYNTHETIC,26120
BWG-SIM-001,Baghewala-style representative,4,2026-04-23T13:00:00,production,23.787,20.987,116,34.2,42,56,574,55.191,10.393,40.469,28.507,15.0,6.715,1.51,55.247,53.329,23.428,23,GOOD,SYNTHETIC,26120
BWG-SIM-001,Baghewala-style representative,4,2026-04-23T14:00:00,production,23.832,21.032,116,34.2,42,56,574,56.007,9.81,41.996,29.924,15.0,6.71,1.51,57.553,53.637,23.475,23,GOOD,SYNTHETIC,26120
BWG-SIM-001,Baghewala-style representative,4,2026-04-23T15:00:00,production,23.66,20.86,116,34.2,42,56,574,55.877,9.863,40.947,28.408,15.0,6.861,1.51,54.675,56.255,24.0,30,GOOD,SYNTHETIC,26120
BWG-SIM-001,Baghewala-style representative,4,2026-04-23T16:00:00,production,23.828,21.028,116,34.2,42,56,574,55.504,10.056,40.707,29.619,15.0,6.663,1.51,57.844,55.921,23.664,27,GOOD,SYNTHETIC,26120
BWG-SIM-001,Baghewala-style representative,4,2026-04-23T17:00:00,production,23.546,20.746,116,34.2,42,56,574,55.269,10.253,41.543,29.546,14.846,6.735,1.511,58.4,56.466,23.704,28,GOOD,SYNTHETIC,26120
BWG-SIM-001,Baghewala-style representative,4,2026-04-23T18:00:00,production,23.732,20.932,116,34.2,42,56,574,54.829,10.215,40.722,28.945,15.0,6.74,1.511,56.189,56.614,23.767,30,GOOD,SYNTHETIC,26120
BWG-SIM-001,Baghewala-style representative,4,2026-04-23T19:00:00,production,23.493,20.693,116,34.2,42,56,574,54.855,10.509,41.163,29.39,15.0,6.676,1.511,59.459,54.01,23.174,23,GOOD,SYNTHETIC,26120
BWG-SIM-001,Baghewala-style representative,4,2026-04-23T20:00:00,production,23.742,20.942,116,34.2,42,56,574,55.092,10.477,41.093,29.266,15.0,6.675,1.512,54.893,55.71,23.524,28,GOOD,SYNTHETIC,26120
BWG-SIM-001,Baghewala-style representative,4,2026-04-23T21:00:00,production,23.574,20.774,116,34.2,42,56,574,54.584,10.419,40.469,28.219,15.0,6.765,1.512,56.485,54.959,23.713,26,GOOD,SYNTHETIC,26120
BWG-SIM-001,Baghewala-style representative,4,2026-04-23T22:00:00,production,23.444,20.644,116,34.2,42,56,574,54.829,10.208,40.058,27.944,15.0,6.638,1.513,55.572,55.628,23.586,28,GOOD,SYNTHETIC,26120
BWG-SIM-001,Baghewala-style representative,4,2026-04-23T23:00:00,production,23.436,20.636,116,34.2,42,56,574,54.992,10.981,39.405,26.852,14.808,6.537,1.514,53.863,55.844,23.467,29,GOOD,SYNTHETIC,26120
BWG-SIM-001,Baghewala-style representative,4,2026-04-24T00:00:00,production,23.568,20.768,116,34.2,42,56,574,54.891,10.374,40.391,28.441,15.0,6.605,1.515,55.791,55.535,23.569,28,GOOD,SYNTHETIC,26120
BWG-SIM-001,Baghewala-style representative,4,2026-04-24T01:00:00,production,23.545,20.745,116,34.2,42,56,574,54.164,10.611,39.209,27.772,15.0,6.549,1.515,55.856,56.333,23.825,29,GOOD,SYNTHETIC,26120
BWG-SIM-001,Baghewala-style representative,4,2026-04-24T02:00:00,production,23.533,20.733,116,34.2,42,56,574,54.611,10.48,40.757,28.081,15.0,6.5,1.516,57.344,53.557,23.37,23,GOOD,SYNTHETIC,26120
BWG-SIM-001,Baghewala-style representative,4,2026-04-24T03:00:00,production,23.419,20.619,116,34.2,42,56,574,53.958,10.978,40.681,27.813,15.0,6.545,1.517,55.926,55.569,24.0,28,GOOD,SYNTHETIC,26120
BWG-SIM-001,Baghewala-style representative,4,2026-04-24T04:00:00,production,23.631,20.831,116,34.2,42,56,574,53.594,11.12,39.108,27.398,15.0,6.464,1.518,53.696,54.368,23.773,26,GOOD,SYNTHETIC,26120
BWG-SIM-001,Baghewala-style representative,4,2026-04-24T05:00:00,production,23.337,20.537,116,34.2,42,56,574,54.704,10.543,40.439,27.615,15.0,6.323,1.519,59.131,52.993,23.365,21,GOOD,SYNTHETIC,26120
BWG-SIM-001,Baghewala-style representative,4,2026-04-24T06:00:00,production,23.565,20.765,116,34.2,42,56,574,53.86,10.755,39.585,27.83,15.0,6.537,1.521,56.744,56.309,23.261,29,GOOD,SYNTHETIC,26120
BWG-SIM-001,Baghewala-style representative,4,2026-04-24T07:00:00,production,23.311,20.511,116,34.2,42,56,574,54.102,10.87,39.633,26.714,15.0,6.442,1.522,55.624,53.805,22.964,24,GOOD,SYNTHETIC,26120
BWG-SIM-001,Baghewala-style representative,4,2026-04-24T08:00:00,production,23.63,20.83,116,34.2,42,56,574,53.564,10.934,41.083,29.157,14.615,6.295,1.523,61.544,54.59,23.25,23,GOOD,SYNTHETIC,26120
BWG-SIM-001,Baghewala-style representative,4,2026-04-24T09:00:00,production,23.225,20.425,116,34.2,42,56,574,54.21,10.871,40.345,29.11,15.0,6.292,1.524,57.715,52.734,23.164,21,GOOD,SYNTHETIC,26120
BWG-SIM-001,Baghewala-style representative,4,2026-04-24T10:00:00,production,23.359,20.559,116,34.2,42,56,574,53.73,10.923,39.824,28.174,15.0,6.273,1.526,57.006,54.942,23.435,26,GOOD,SYNTHETIC,26120
BWG-SIM-001,Baghewala-style representative,4,2026-04-24T11:00:00,production,23.148,20.348,116,34.2,42,56,574,53.459,11.296,38.75,25.498,15.0,6.361,1.527,55.736,55.741,23.559,28,GOOD,SYNTHETIC,26120
BWG-SIM-001,Baghewala-style representative,4,2026-04-24T12:00:00,production,23.231,20.431,116,34.2,42,56,574,53.505,11.127,40.567,28.559,15.0,6.243,1.529,57.155,53.011,22.945,22,GOOD,SYNTHETIC,26120
BWG-SIM-001,Baghewala-style representative,4,2026-04-24T13:00:00,production,23.337,20.537,116,34.2,42,56,574,53.115,11.168,39.264,28.124,15.0,6.127,1.53,58.981,52.732,23.137,21,GOOD,SYNTHETIC,26120
BWG-SIM-001,Baghewala-style representative,4,2026-04-24T14:00:00,production,23.092,20.292,116,34.2,42,56,574,52.368,11.868,38.481,27.688,15.0,6.353,1.532,58.102,55.142,23.229,26,GOOD,SYNTHETIC,26120
BWG-SIM-001,Baghewala-style representative,4,2026-04-24T15:00:00,production,23.087,20.287,116,34.2,42,56,574,52.818,11.521,39.297,27.456,15.0,6.233,1.533,56.384,55.412,23.113,27,GOOD,SYNTHETIC,26120
BWG-SIM-001,Baghewala-style representative,4,2026-04-24T16:00:00,production,23.295,20.495,116,34.2,42,56,574,52.528,11.33,39.543,27.995,15.0,6.184,1.535,56.959,52.721,23.274,21,GOOD,SYNTHETIC,26120
BWG-SIM-001,Baghewala-style representative,4,2026-04-24T17:00:00,production,23.152,20.352,116,34.2,42,56,574,52.661,11.052,39.879,27.724,15.0,6.288,1.536,59.053,54.226,23.162,23,GOOD,SYNTHETIC,26120
BWG-SIM-001,Baghewala-style representative,4,2026-04-24T18:00:00,production,22.793,19.993,116,34.2,42,56,574,51.837,11.932,37.97,27.364,15.0,6.328,1.538,53.056,54.65,23.261,27,GOOD,SYNTHETIC,26120
BWG-SIM-001,Baghewala-style representative,4,2026-04-24T19:00:00,production,22.84,20.04,116,34.2,42,56,574,51.499,12.083,38.44,26.971,15.0,6.254,1.54,55.96,55.369,23.151,27,GOOD,SYNTHETIC,26120
BWG-SIM-001,Baghewala-style representative,4,2026-04-24T20:00:00,production,22.944,20.144,116,34.2,42,56,574,51.33,12.078,37.531,26.299,15.0,6.205,1.541,53.614,54.647,23.125,27,GOOD,SYNTHETIC,26120
BWG-SIM-001,Baghewala-style representative,4,2026-04-24T21:00:00,production,23.018,20.218,116,34.2,42,56,574,51.458,11.686,38.852,27.249,15.0,6.359,1.543,55.869,56.562,23.622,30,GOOD,SYNTHETIC,26120
BWG-SIM-001,Baghewala-style representative,4,2026-04-24T22:00:00,production,22.689,19.889,116,34.2,42,56,574,52.244,11.883,37.134,25.12,15.0,6.119,1.545,54.551,54.389,22.781,26,GOOD,SYNTHETIC,26120
BWG-SIM-001,Baghewala-style representative,4,2026-04-24T23:00:00,production,22.799,19.999,116,34.2,42,56,574,51.461,12.168,38.283,26.834,15.0,6.244,1.546,56.286,54.807,23.323,26,GOOD,SYNTHETIC,26120
BWG-SIM-001,Baghewala-style representative,4,2026-04-25T00:00:00,production,22.615,19.815,116,34.2,42,56,574,51.399,11.894,37.746,26.888,15.0,6.216,1.548,55.756,56.734,23.793,30,GOOD,SYNTHETIC,26120
BWG-SIM-001,Baghewala-style representative,4,2026-04-25T01:00:00,production,22.888,20.088,116,34.2,42,56,574,51.264,12.126,38.656,26.041,15.0,6.288,1.55,54.227,53.456,22.91,24,GOOD,SYNTHETIC,26120
BWG-SIM-001,Baghewala-style representative,4,2026-04-25T02:00:00,production,22.786,19.986,116,34.2,42,56,574,50.62,12.973,36.472,24.5,15.0,6.115,1.552,53.152,54.33,23.165,26,GOOD,SYNTHETIC,26120
BWG-SIM-001,Baghewala-style representative,4,2026-04-25T03:00:00,production,22.759,19.959,116,34.2,42,56,574,50.47,12.566,37.406,28.284,15.0,6.016,1.553,58.454,53.177,22.959,22,GOOD,SYNTHETIC,26120
BWG-SIM-001,Baghewala-style representative,4,2026-04-25T04:00:00,production,22.763,19.963,116,34.2,42,56,574,49.6,13.433,36.598,26.043,15.0,6.277,1.555,53.383,57.217,23.991,32,GOOD,SYNTHETIC,26120
BWG-SIM-001,Baghewala-style representative,4,2026-04-25T05:00:00,production,22.832,20.032,116,34.2,42,56,574,50.423,12.916,37.037,26.432,15.0,6.035,1.557,54.965,53.99,23.208,25,GOOD,SYNTHETIC,26120
BWG-SIM-001,Baghewala-style representative,4,2026-04-25T06:00:00,production,22.537,19.737,116,34.2,42,56,574,50.204,12.936,37.509,26.058,15.0,6.4,1.559,50.738,57.555,23.744,34,GOOD,SYNTHETIC,26120
BWG-SIM-001,Baghewala-style representative,4,2026-04-25T07:00:00,production,22.726,19.926,116,34.2,42,56,574,50.018,13.129,36.549,24.389,15.0,6.244,1.56,50.542,55.988,23.728,31,GOOD,SYNTHETIC,26120
BWG-SIM-001,Baghewala-style representative,4,2026-04-25T08:00:00,production,22.663,19.863,116,34.2,42,56,574,49.228,13.615,36.402,26.173,15.0,6.159,1.562,54.258,53.578,22.422,24,GOOD,SYNTHETIC,26120
BWG-SIM-001,Baghewala-style representative,4,2026-04-25T09:00:00,production,22.646,19.846,116,34.2,42,56,574,49.584,13.215,37.223,26.208,15.0,6.119,1.564,55.137,55.046,23.059,27,GOOD,SYNTHETIC,26120
BWG-SIM-001,Baghewala-style representative,4,2026-04-25T10:00:00,production,22.515,19.715,116,34.2,42,56,574,48.537,14.068,36.059,23.888,15.0,6.14,1.565,50.529,57.234,23.211,33,GOOD,SYNTHETIC,26120
BWG-SIM-001,Baghewala-style representative,4,2026-04-25T11:00:00,production,22.556,19.756,116,34.2,42,56,574,49.232,13.431,36.353,25.689,15.0,6.245,1.567,50.871,55.006,23.054,29,GOOD,SYNTHETIC,26120
BWG-SIM-001,Baghewala-style representative,4,2026-04-25T12:00:00,production,22.678,19.878,116,34.2,42,56,574,48.297,14.014,35.46,25.284,15.0,6.162,1.568,52.145,55.707,23.461,30,GOOD,SYNTHETIC,26120
BWG-SIM-001,Baghewala-style representative,4,2026-04-25T13:00:00,production,22.502,19.702,116,34.2,42,56,574,48.607,13.64,36.302,25.829,15.0,6.093,1.57,54.292,54.856,22.926,27,GOOD,SYNTHETIC,26120
BWG-SIM-001,Baghewala-style representative,4,2026-04-25T14:00:00,production,22.567,19.767,116,34.2,42,56,574,48.0,14.113,36.204,25.637,15.0,6.173,1.571,53.393,55.87,23.503,29,GOOD,SYNTHETIC,26120
BWG-SIM-001,Baghewala-style representative,4,2026-04-25T15:00:00,production,22.393,19.593,116,34.2,42,56,574,48.0,14.266,35.451,23.751,15.0,6.233,1.573,49.395,57.926,23.735,35,GOOD,SYNTHETIC,26120
BWG-SIM-001,Baghewala-style representative,4,2026-04-25T16:00:00,production,22.383,19.583,116,34.2,42,56,574,48.0,14.141,34.578,23.93,15.0,6.333,1.574,47.473,55.885,23.079,32,GOOD,SYNTHETIC,26120
BWG-SIM-001,Baghewala-style representative,4,2026-04-25T17:00:00,production,22.419,19.619,116,34.2,42,56,574,48.0,14.411,35.309,23.929,15.0,6.21,1.576,50.85,57.803,23.562,34,GOOD,SYNTHETIC,26120
BWG-SIM-001,Baghewala-style representative,4,2026-04-25T18:00:00,production,22.467,19.667,116,34.2,42,56,574,48.0,14.239,35.496,24.065,15.0,6.212,1.577,49.472,57.261,23.739,34,GOOD,SYNTHETIC,26120
BWG-SIM-001,Baghewala-style representative,4,2026-04-25T19:00:00,production,22.314,19.514,116,34.2,42,56,574,48.0,14.168,35.389,23.394,15.0,6.258,1.578,45.986,56.843,23.617,35,GOOD,SYNTHETIC,26120
BWG-SIM-001,Baghewala-style representative,4,2026-04-25T20:00:00,production,22.35,19.55,116,34.2,42,56,574,48.0,14.087,36.46,25.294,15.0,6.181,1.579,49.98,56.289,23.299,32,GOOD,SYNTHETIC,26120
BWG-SIM-001,Baghewala-style representative,4,2026-04-25T21:00:00,production,22.179,19.379,116,34.2,42,56,574,48.0,14.266,35.547,23.511,15.0,6.477,1.581,49.461,55.742,23.547,31,GOOD,SYNTHETIC,26120
BWG-SIM-001,Baghewala-style representative,4,2026-04-25T22:00:00,production,22.334,19.534,116,34.2,42,56,574,48.0,14.337,35.888,25.219,15.0,6.082,1.582,50.387,58.0,23.571,35,GOOD,SYNTHETIC,26120
BWG-SIM-001,Baghewala-style representative,4,2026-04-25T23:00:00,production,22.294,19.494,116,34.2,42,56,574,48.0,14.354,36.053,23.384,15.0,6.336,1.583,49.754,58.0,23.741,35,GOOD,SYNTHETIC,26120
BWG-SIM-001,Baghewala-style representative,4,2026-04-26T00:00:00,production,22.045,19.245,116,34.2,42,56,574,48.0,14.111,35.9,24.141,15.0,6.347,1.584,47.825,58.0,24.0,36,GOOD,SYNTHETIC,26120
BWG-SIM-001,Baghewala-style representative,4,2026-04-26T01:00:00,production,22.102,19.302,116,34.2,42,56,574,48.0,14.107,35.501,24.011,15.0,6.27,1.585,48.427,57.121,23.211,34,GOOD,SYNTHETIC,26120
BWG-SIM-001,Baghewala-style representative,4,2026-04-26T02:00:00,production,21.937,19.137,116,34.2,42,56,574,48.0,14.232,36.255,24.595,15.0,6.216,1.585,53.816,56.452,23.39,30,GOOD,SYNTHETIC,26120
BWG-SIM-001,Baghewala-style representative,4,2026-04-26T03:00:00,production,22.141,19.341,116,34.2,42,56,574,48.0,14.223,35.943,24.343,15.0,6.435,1.586,50.592,58.0,24.0,35,GOOD,SYNTHETIC,26120
BWG-SIM-001,Baghewala-style representative,4,2026-04-26T04:00:00,production,21.899,19.099,116,34.2,42,56,574,48.0,13.969,35.671,23.757,15.0,6.327,1.587,50.431,56.735,23.428,32,GOOD,SYNTHETIC,26120
BWG-SIM-001,Baghewala-style representative,4,2026-04-26T05:00:00,production,21.866,19.066,116,34.2,42,56,574,48.0,14.201,36.8,24.941,15.0,6.487,1.588,48.786,57.807,23.645,35,GOOD,SYNTHETIC,26120
BWG-SIM-001,Baghewala-style representative,4,2026-04-26T06:00:00,production,22.06,19.26,116,34.2,42,56,574,48.0,14.182,35.233,23.628,15.0,6.436,1.588,47.741,57.577,23.958,35,GOOD,SYNTHETIC,26120
BWG-SIM-001,Baghewala-style representative,4,2026-04-26T07:00:00,production,22.122,19.322,116,34.2,42,56,574,48.0,14.14,36.598,24.59,15.0,6.325,1.589,49.043,56.913,23.696,33,GOOD,SYNTHETIC,26120
BWG-SIM-001,Baghewala-style representative,4,2026-04-26T08:00:00,production,21.933,19.133,116,34.2,42,56,574,48.0,14.228,35.413,23.894,15.0,6.389,1.589,50.339,58.0,24.0,35,GOOD,SYNTHETIC,26120
BWG-SIM-001,Baghewala-style representative,4,2026-04-26T09:00:00,production,21.917,19.117,116,34.2,42,56,574,48.0,14.172,35.809,23.203,15.0,6.521,1.589,46.208,57.318,23.395,35,GOOD,SYNTHETIC,26120
BWG-SIM-001,Baghewala-style representative,4,2026-04-26T10:00:00,production,21.733,18.933,116,34.2,42,56,574,48.0,14.404,36.593,25.266,15.0,6.573,1.59,46.412,57.883,23.717,36,GOOD,SYNTHETIC,26120
BWG-SIM-001,Baghewala-style representative,4,2026-04-26T11:00:00,production,21.962,19.162,116,34.2,42,56,574,48.0,14.194,35.128,23.234,15.0,6.706,1.59,47.825,57.748,23.858,36,GOOD,SYNTHETIC,26120
BWG-SIM-001,Baghewala-style representative,4,2026-04-26T12:00:00,production,21.93,19.13,116,34.2,42,56,574,48.0,14.35,34.794,24.184,15.0,6.471,1.59,47.1,56.398,23.427,33,GOOD,SYNTHETIC,26120
BWG-SIM-001,Baghewala-style representative,4,2026-04-26T13:00:00,production,21.733,18.933,116,34.2,42,56,574,48.0,14.595,35.598,23.842,15.0,6.635,1.59,45.759,57.709,23.57,36,GOOD,SYNTHETIC,26120
BWG-SIM-001,Baghewala-style representative,4,2026-04-26T14:00:00,production,22.009,19.209,116,34.2,42,56,574,48.0,13.982,35.371,23.375,15.0,6.495,1.59,47.892,56.401,23.708,33,GOOD,SYNTHETIC,26120
BWG-SIM-001,Baghewala-style representative,4,2026-04-26T15:00:00,production,21.919,19.119,116,34.2,42,56,574,48.0,14.224,35.971,25.091,15.0,6.65,1.59,47.211,57.999,23.398,36,GOOD,SYNTHETIC,26120
BWG-SIM-001,Baghewala-style representative,4,2026-04-26T16:00:00,production,21.629,18.829,116,34.2,42,56,574,48.0,14.305,34.734,23.329,15.0,6.588,1.59,45.469,58.0,23.95,37,GOOD,SYNTHETIC,26120
BWG-SIM-001,Baghewala-style representative,4,2026-04-26T17:00:00,production,21.745,18.945,116,34.2,42,56,574,48.0,14.464,34.414,21.593,15.0,6.619,1.589,43.821,57.475,23.59,37,GOOD,SYNTHETIC,26120
BWG-SIM-001,Baghewala-style representative,4,2026-04-26T18:00:00,production,21.603,18.803,116,34.2,42,56,574,48.0,14.174,35.615,23.562,15.0,6.759,1.589,47.046,58.0,24.0,36,GOOD,SYNTHETIC,26120
BWG-SIM-001,Baghewala-style representative,4,2026-04-26T19:00:00,production,21.693,18.893,116,34.2,42,56,574,48.0,14.377,35.798,23.313,15.0,6.682,1.589,45.815,58.0,24.0,37,GOOD,SYNTHETIC,26120
BWG-SIM-001,Baghewala-style representative,4,2026-04-26T20:00:00,production,21.88,19.08,116,34.2,42,56,574,48.0,14.268,35.268,23.502,15.0,6.7,1.588,46.109,58.0,23.981,37,GOOD,SYNTHETIC,26120
BWG-SIM-001,Baghewala-style representative,4,2026-04-26T21:00:00,production,21.846,19.046,116,34.2,42,56,574,48.0,14.409,34.34,21.357,15.0,6.696,1.588,45.275,58.0,23.717,37,GOOD,SYNTHETIC,26120
BWG-SIM-001,Baghewala-style representative,4,2026-04-26T22:00:00,production,21.654,18.854,116,34.2,42,56,574,48.0,14.28,34.925,24.398,15.0,6.71,1.587,45.652,57.685,24.0,36,GOOD,SYNTHETIC,26120
BWG-SIM-001,Baghewala-style representative,4,2026-04-26T23:00:00,production,21.694,18.894,116,34.2,42,56,574,48.0,14.193,35.762,22.68,15.0,6.83,1.586,43.125,58.0,23.785,38,GOOD,SYNTHETIC,26120
BWG-SIM-001,Baghewala-style representative,4,2026-04-27T00:00:00,production,21.728,18.928,116,34.2,42,56,574,48.0,14.033,34.974,24.262,15.0,6.74,1.586,46.384,58.0,23.773,37,GOOD,SYNTHETIC,26120
BWG-SIM-001,Baghewala-style representative,4,2026-04-27T01:00:00,production,21.683,18.883,116,34.2,42,56,574,48.0,14.351,35.71,23.378,15.0,6.877,1.585,45.255,58.0,23.971,37,GOOD,SYNTHETIC,26120
BWG-SIM-001,Baghewala-style representative,4,2026-04-27T02:00:00,production,21.829,19.029,116,34.2,42,56,574,48.0,14.329,35.382,22.864,15.0,6.677,1.584,46.632,56.582,23.542,34,GOOD,SYNTHETIC,26120
BWG-SIM-001,Baghewala-style representative,4,2026-04-27T03:00:00,production,21.548,18.748,116,34.2,42,56,574,48.0,14.02,34.804,23.204,15.0,6.856,1.583,44.295,58.0,24.0,38,GOOD,SYNTHETIC,26120
BWG-SIM-001,Baghewala-style representative,4,2026-04-27T04:00:00,production,21.752,18.952,116,34.2,42,56,574,48.0,14.252,35.451,23.641,15.0,6.858,1.582,46.174,57.157,24.0,35,GOOD,SYNTHETIC,26120
BWG-SIM-001,Baghewala-style representative,4,2026-04-27T05:00:00,production,21.71,18.91,116,34.2,42,56,574,48.0,14.145,36.001,22.003,15.0,6.912,1.581,44.211,58.0,24.0,38,GOOD,SYNTHETIC,26120
BWG-SIM-001,Baghewala-style representative,4,2026-04-27T06:00:00,production,21.685,18.885,116,34.2,42,56,574,48.0,14.368,34.731,23.652,15.0,6.91,1.58,44.51,58.0,24.0,38,GOOD,SYNTHETIC,26120
BWG-SIM-001,Baghewala-style representative,4,2026-04-27T07:00:00,production,21.839,19.039,116,34.2,42,56,574,48.0,14.641,36.403,24.232,15.0,6.861,1.579,47.17,57.996,24.0,36,GOOD,SYNTHETIC,26120
BWG-SIM-001,Baghewala-style representative,4,2026-04-27T08:00:00,production,21.667,18.867,116,34.2,42,56,574,48.0,14.3,36.308,24.145,15.0,6.838,1.577,47.081,55.86,23.275,32,GOOD,SYNTHETIC,26120
BWG-SIM-001,Baghewala-style representative,4,2026-04-27T09:00:00,production,21.746,18.946,116,34.2,42,56,574,48.0,14.506,35.681,23.056,15.0,6.854,1.576,44.91,58.0,23.892,37,GOOD,SYNTHETIC,26120
BWG-SIM-001,Baghewala-style representative,4,2026-04-27T10:00:00,production,21.696,18.896,116,34.2,42,56,574,48.0,14.183,35.554,23.907,15.0,6.881,1.575,47.007,57.649,24.0,36,GOOD,SYNTHETIC,26120
BWG-SIM-001,Baghewala-style representative,4,2026-04-27T11:00:00,production,21.759,18.959,116,34.2,42,56,574,48.0,14.145,35.648,23.46,15.0,7.077,1.573,45.049,58.0,24.0,37,GOOD,SYNTHETIC,26120
BWG-SIM-001,Baghewala-style representative,4,2026-04-27T12:00:00,production,21.656,18.856,116,34.2,42,56,574,48.0,14.274,34.735,23.534,15.0,6.955,1.572,44.98,58.0,24.0,37,GOOD,SYNTHETIC,26120
BWG-SIM-001,Baghewala-style representative,4,2026-04-27T13:00:00,production,21.816,19.016,116,34.2,42,56,574,48.0,14.03,36.229,25.598,15.0,6.694,1.57,45.261,58.0,23.617,37,GOOD,SYNTHETIC,26120
BWG-SIM-001,Baghewala-style representative,4,2026-04-27T14:00:00,production,21.772,18.972,116,34.2,42,56,574,48.0,14.321,35.359,23.325,15.0,6.93,1.569,45.69,58.0,24.0,37,GOOD,SYNTHETIC,26120
BWG-SIM-001,Baghewala-style representative,4,2026-04-27T15:00:00,production,21.802,19.002,116,34.2,42,56,574,48.0,14.05,35.14,22.802,15.0,6.925,1.567,44.037,58.0,23.96,38,GOOD,SYNTHETIC,26120
BWG-SIM-001,Baghewala-style representative,4,2026-04-27T16:00:00,production,21.752,18.952,116,34.2,42,56,574,48.0,14.123,36.138,24.806,15.0,7.01,1.566,46.222,58.0,24.0,37,GOOD,SYNTHETIC,26120
BWG-SIM-001,Baghewala-style representative,4,2026-04-27T17:00:00,production,21.377,18.577,116,34.2,42,56,574,48.0,14.444,35.251,23.286,15.0,6.899,1.564,45.658,58.0,23.925,37,GOOD,SYNTHETIC,26120
BWG-SIM-001,Baghewala-style representative,4,2026-04-27T18:00:00,production,21.832,19.032,116,34.2,42,56,574,48.0,14.613,35.147,23.64,15.0,6.892,1.562,45.255,58.0,24.0,37,GOOD,SYNTHETIC,26120
BWG-SIM-001,Baghewala-style representative,4,2026-04-27T19:00:00,production,21.726,18.926,116,34.2,42,56,574,48.0,14.509,34.692,22.113,15.0,6.717,1.561,42.782,56.562,23.689,35,GOOD,SYNTHETIC,26120
BWG-SIM-001,Baghewala-style representative,4,2026-04-27T20:00:00,production,21.508,18.708,116,34.2,42,56,574,48.0,14.385,34.659,23.267,15.0,7.018,1.559,44.023,56.146,23.792,34,GOOD,SYNTHETIC,26120
BWG-SIM-001,Baghewala-style representative,4,2026-04-27T21:00:00,production,21.668,18.868,116,34.2,42,56,574,48.0,14.047,36.261,25.194,15.0,6.86,1.557,47.251,58.0,23.835,36,GOOD,SYNTHETIC,26120
BWG-SIM-001,Baghewala-style representative,4,2026-04-27T22:00:00,production,21.78,18.98,116,34.2,42,56,574,48.0,14.086,34.57,23.381,15.0,6.589,1.556,47.351,58.0,23.413,36,GOOD,SYNTHETIC,26120
BWG-SIM-001,Baghewala-style representative,4,2026-04-27T23:00:00,production,21.838,19.038,116,34.2,42,56,574,48.0,14.28,35.139,22.415,15.0,6.806,1.554,45.271,58.0,24.0,37,GOOD,SYNTHETIC,26120
BWG-SIM-001,Baghewala-style representative,4,2026-04-28T00:00:00,production,21.689,18.889,116,34.2,42,56,574,48.0,14.25,35.297,23.379,15.0,6.744,1.552,45.985,58.0,23.374,37,GOOD,SYNTHETIC,26120
BWG-SIM-001,Baghewala-style representative,4,2026-04-28T01:00:00,production,21.611,18.811,116,34.2,42,56,574,48.0,14.211,35.295,24.431,15.0,6.782,1.55,47.114,58.0,23.523,36,GOOD,SYNTHETIC,26120
BWG-SIM-001,Baghewala-style representative,4,2026-04-28T02:00:00,production,21.695,18.895,116,34.2,42,56,574,48.0,13.951,35.167,23.778,15.0,6.711,1.549,48.09,57.07,23.407,34,GOOD,SYNTHETIC,26120
BWG-SIM-001,Baghewala-style representative,4,2026-04-28T03:00:00,production,21.514,18.714,116,34.2,42,56,574,48.0,14.442,35.127,22.837,15.0,6.798,1.547,46.006,58.0,23.703,37,GOOD,SYNTHETIC,26120
BWG-SIM-001,Baghewala-style representative,4,2026-04-28T04:00:00,production,21.751,18.951,116,34.2,42,56,574,48.0,14.411,35.691,24.821,15.0,6.713,1.545,45.445,57.806,23.967,37,GOOD,SYNTHETIC,26120
BWG-SIM-001,Baghewala-style representative,4,2026-04-28T05:00:00,production,21.882,19.082,116,34.2,42,56,574,48.0,14.279,34.315,22.789,15.0,6.596,1.544,46.513,58.0,23.9,37,GOOD,SYNTHETIC,26120
BWG-SIM-001,Baghewala-style representative,4,2026-04-28T06:00:00,production,21.623,18.823,116,34.2,42,56,574,48.0,14.026,34.852,23.934,15.0,6.589,1.542,49.777,56.672,23.73,33,GOOD,SYNTHETIC,26120
BWG-SIM-001,Baghewala-style representative,4,2026-04-28T07:00:00,production,22.01,19.21,116,34.2,42,56,574,48.0,14.65,35.176,24.388,15.0,6.682,1.54,50.262,55.193,23.519,29,GOOD,SYNTHETIC,26120
BWG-SIM-001,Baghewala-style representative,4,2026-04-28T08:00:00,production,21.83,19.03,116,34.2,42,56,574,48.0,14.351,35.331,25.14,15.0,6.731,1.538,46.053,58.0,23.723,37,GOOD,SYNTHETIC,26120
BWG-SIM-001,Baghewala-style representative,4,2026-04-28T09:00:00,production,21.683,18.883,116,34.2,42,56,574,48.0,14.247,35.276,23.163,15.0,6.477,1.537,48.759,58.0,23.595,36,GOOD,SYNTHETIC,26120
BWG-SIM-001,Baghewala-style representative,4,2026-04-28T10:00:00,production,21.879,19.079,116,34.2,42,56,574,48.0,14.278,35.131,23.733,15.0,6.61,1.535,50.087,58.0,23.928,35,GOOD,SYNTHETIC,26120
BWG-SIM-001,Baghewala-style representative,4,2026-04-28T11:00:00,production,21.835,19.035,116,34.2,42,56,574,48.0,14.243,34.93,25.697,15.0,6.472,1.534,48.31,58.0,24.0,36,GOOD,SYNTHETIC,26120
BWG-SIM-001,Baghewala-style representative,4,2026-04-28T12:00:00,production,21.997,19.197,116,34.2,42,56,574,48.0,14.308,36.248,26.016,15.0,6.433,1.532,50.034,57.625,23.765,34,GOOD,SYNTHETIC,26120
BWG-SIM-001,Baghewala-style representative,4,2026-04-28T13:00:00,production,21.727,18.927,116,34.2,42,56,574,48.0,13.977,35.685,24.341,15.0,6.588,1.53,49.496,56.969,23.632,33,GOOD,SYNTHETIC,26120
BWG-SIM-001,Baghewala-style representative,4,2026-04-28T14:00:00,production,21.714,18.914,116,34.2,42,56,574,48.0,14.165,35.439,23.083,15.0,6.543,1.529,48.075,55.82,23.76,32,GOOD,SYNTHETIC,26120
BWG-SIM-001,Baghewala-style representative,4,2026-04-28T15:00:00,production,21.857,19.057,116,34.2,42,56,574,48.0,14.219,34.139,22.409,15.0,6.58,1.528,48.316,56.767,23.72,33,GOOD,SYNTHETIC,26120
BWG-SIM-001,Baghewala-style representative,4,2026-04-28T16:00:00,production,21.994,19.194,116,34.2,42,56,574,48.0,13.968,35.148,23.528,15.0,6.568,1.526,50.117,56.891,23.847,33,GOOD,SYNTHETIC,26120
BWG-SIM-001,Baghewala-style representative,4,2026-04-28T17:00:00,production,21.917,19.117,116,34.2,42,56,574,48.0,14.254,36.316,24.887,15.0,6.61,1.525,50.715,58.0,23.947,35,GOOD,SYNTHETIC,26120
BWG-SIM-001,Baghewala-style representative,4,2026-04-28T18:00:00,production,21.858,19.058,116,34.2,42,56,574,48.0,14.351,36.08,25.031,15.0,6.439,1.523,53.84,56.24,23.242,30,GOOD,SYNTHETIC,26120
BWG-SIM-001,Baghewala-style representative,4,2026-04-28T19:00:00,production,21.987,19.187,116,34.2,42,56,574,48.0,14.344,35.477,24.547,15.0,6.298,1.522,52.697,57.725,24.0,33,GOOD,SYNTHETIC,26120
BWG-SIM-001,Baghewala-style representative,4,2026-04-28T20:00:00,production,21.875,19.075,116,34.2,42,56,574,48.0,14.338,35.548,25.131,15.0,6.37,1.521,51.046,54.739,23.042,28,GOOD,SYNTHETIC,26120
BWG-SIM-001,Baghewala-style representative,4,2026-04-28T21:00:00,production,22.043,19.243,116,34.2,42,56,574,48.0,14.06,35.671,24.132,15.0,6.506,1.52,48.529,58.0,23.579,36,GOOD,SYNTHETIC,26120
BWG-SIM-001,Baghewala-style representative,4,2026-04-28T22:00:00,production,22.129,19.329,116,34.2,42,56,574,48.0,14.261,35.896,25.163,15.0,6.3,1.519,52.266,56.342,23.535,31,GOOD,SYNTHETIC,26120
BWG-SIM-001,Baghewala-style representative,4,2026-04-28T23:00:00,production,22.112,19.312,116,34.2,42,56,574,48.0,14.331,35.68,24.398,15.0,6.319,1.518,51.704,55.852,23.353,30,GOOD,SYNTHETIC,26120
BWG-SIM-001,Baghewala-style representative,4,2026-04-29T00:00:00,production,22.359,19.559,116,34.2,42,56,574,48.0,13.948,36.534,25.28,15.0,6.376,1.517,52.7,57.498,23.729,33,GOOD,SYNTHETIC,26120
BWG-SIM-001,Baghewala-style representative,4,2026-04-29T01:00:00,production,22.153,19.353,116,34.2,42,56,574,48.0,14.252,35.578,23.331,15.0,6.471,1.516,51.681,54.543,23.457,27,GOOD,SYNTHETIC,26120
BWG-SIM-001,Baghewala-style representative,4,2026-04-29T02:00:00,production,22.033,19.233,116,34.2,42,56,574,48.0,13.993,35.393,23.611,15.0,6.338,1.515,50.214,56.335,23.594,32,GOOD,SYNTHETIC,26120
BWG-SIM-001,Baghewala-style representative,4,2026-04-29T03:00:00,production,22.292,19.492,116,34.2,42,56,574,48.0,14.157,35.894,23.626,15.0,6.198,1.514,51.786,56.011,23.237,30,GOOD,SYNTHETIC,26120
BWG-SIM-001,Baghewala-style representative,4,2026-04-29T04:00:00,production,22.192,19.392,116,34.2,42,56,574,48.0,14.259,35.397,23.595,15.0,6.215,1.513,52.484,56.26,23.316,31,GOOD,SYNTHETIC,26120
BWG-SIM-001,Baghewala-style representative,4,2026-04-29T05:00:00,production,22.393,19.593,116,34.2,42,56,574,48.0,14.149,36.086,24.971,15.0,6.168,1.513,53.478,55.89,23.254,29,GOOD,SYNTHETIC,26120
BWG-SIM-001,Baghewala-style representative,4,2026-04-29T06:00:00,production,22.098,19.298,116,34.2,42,56,574,48.0,14.252,34.789,24.208,15.0,6.193,1.512,51.068,56.735,23.571,32,GOOD,SYNTHETIC,26120
BWG-SIM-001,Baghewala-style representative,4,2026-04-29T07:00:00,production,22.044,19.244,116,34.2,42,56,574,48.0,14.041,35.844,25.826,15.0,6.157,1.512,53.349,54.276,23.077,26,GOOD,SYNTHETIC,26120
BWG-SIM-001,Baghewala-style representative,4,2026-04-29T08:00:00,production,22.21,19.41,116,34.2,42,56,574,48.0,14.361,36.504,25.807,15.0,6.082,1.511,55.042,57.193,22.908,31,GOOD,SYNTHETIC,26120
BWG-SIM-001,Baghewala-style representative,4,2026-04-29T09:00:00,production,22.339,19.539,116,34.2,42,56,574,48.0,14.254,36.118,23.902,15.0,6.166,1.511,54.052,56.331,23.271,30,GOOD,SYNTHETIC,26120
BWG-SIM-001,Baghewala-style representative,4,2026-04-29T10:00:00,production,22.399,19.599,116,34.2,42,56,574,48.0,14.282,35.562,24.656,15.0,6.317,1.51,51.516,56.71,23.818,32,GOOD,SYNTHETIC,26120
BWG-SIM-001,Baghewala-style representative,4,2026-04-29T11:00:00,production,22.343,19.543,116,34.2,42,56,574,48.0,14.122,36.109,25.472,15.0,6.18,1.51,52.522,53.524,23.284,25,GOOD,SYNTHETIC,26120
BWG-SIM-001,Baghewala-style representative,4,2026-04-29T12:00:00,production,22.238,19.438,116,34.2,42,56,574,48.0,13.859,36.084,25.745,15.0,6.14,1.51,52.238,56.822,23.786,32,GOOD,SYNTHETIC,26120
BWG-SIM-001,Baghewala-style representative,4,2026-04-29T13:00:00,production,22.258,19.458,116,34.2,42,56,574,48.0,14.207,35.837,24.481,15.0,6.142,1.51,55.515,54.27,23.341,25,GOOD,SYNTHETIC,26120
BWG-SIM-001,Baghewala-style representative,4,2026-04-29T14:00:00,production,22.416,19.616,116,34.2,42,56,574,48.0,14.551,36.201,23.931,15.0,6.139,1.51,56.964,55.832,23.471,28,GOOD,SYNTHETIC,26120
BWG-SIM-001,Baghewala-style representative,4,2026-04-29T15:00:00,production,22.399,19.599,116,34.2,42,56,574,48.0,14.234,37.104,24.496,15.0,6.254,1.51,54.859,55.16,23.596,27,GOOD,SYNTHETIC,26120
BWG-SIM-001,Baghewala-style representative,4,2026-04-29T16:00:00,production,22.454,19.654,116,34.2,42,56,574,48.0,14.209,35.49,22.347,15.0,6.155,1.51,48.162,53.762,23.42,27,GOOD,SYNTHETIC,26120
BWG-SIM-001,Baghewala-style representative,4,2026-04-29T17:00:00,production,22.445,19.645,116,34.2,42,56,574,48.0,14.243,35.528,23.795,15.0,6.187,1.51,53.621,54.272,23.411,26,GOOD,SYNTHETIC,26120
BWG-SIM-001,Baghewala-style representative,4,2026-04-29T18:00:00,production,22.511,19.711,116,34.2,42,56,574,48.0,14.244,35.798,24.253,15.0,6.205,1.511,52.635,54.82,23.046,28,GOOD,SYNTHETIC,26120
BWG-SIM-001,Baghewala-style representative,4,2026-04-29T19:00:00,production,22.375,19.575,116,34.2,42,56,574,48.0,14.347,35.917,23.558,15.0,6.294,1.511,52.064,56.659,23.986,31,GOOD,SYNTHETIC,26120
BWG-SIM-001,Baghewala-style representative,4,2026-04-29T20:00:00,production,22.607,19.807,116,34.2,42,56,574,48.0,14.168,35.432,22.843,15.0,6.299,1.512,52.246,54.466,23.577,27,GOOD,SYNTHETIC,26120
BWG-SIM-001,Baghewala-style representative,4,2026-04-29T21:00:00,production,22.546,19.746,116,34.2,42,56,574,48.0,14.151,35.722,23.793,15.0,6.209,1.512,52.569,56.156,23.508,30,GOOD,SYNTHETIC,26120
BWG-SIM-001,Baghewala-style representative,4,2026-04-29T22:00:00,production,22.393,19.593,116,34.2,42,56,574,48.0,14.409,36.532,24.068,15.0,6.235,1.513,51.594,58.0,23.246,34,GOOD,SYNTHETIC,26120
BWG-SIM-001,Baghewala-style representative,4,2026-04-29T23:00:00,production,22.473,19.673,116,34.2,42,56,574,48.0,14.004,36.215,25.013,15.0,6.303,1.513,52.585,56.208,23.523,30,GOOD,SYNTHETIC,26120
BWG-SIM-001,Baghewala-style representative,4,2026-04-30T00:00:00,production,22.504,19.704,116,34.2,42,56,574,48.0,14.429,36.459,25.395,15.0,6.179,1.514,55.853,55.813,23.339,28,GOOD,SYNTHETIC,26120
BWG-SIM-001,Baghewala-style representative,4,2026-04-30T01:00:00,production,22.482,19.682,116,34.2,42,56,574,48.0,14.518,35.429,23.928,15.0,6.061,1.515,52.078,56.066,23.214,30,GOOD,SYNTHETIC,26120
BWG-SIM-001,Baghewala-style representative,4,2026-04-30T02:00:00,production,22.567,19.767,116,34.2,42,56,574,48.0,14.443,35.58,23.87,15.0,6.161,1.516,53.036,54.738,22.907,27,GOOD,SYNTHETIC,26120
BWG-SIM-001,Baghewala-style representative,4,2026-04-30T03:00:00,production,22.381,19.581,116,34.2,42,56,574,48.0,14.045,36.767,24.678,15.0,6.078,1.517,54.856,58.0,23.393,33,GOOD,SYNTHETIC,26120
BWG-SIM-001,Baghewala-style representative,4,2026-04-30T04:00:00,production,22.586,19.786,116,34.2,42,56,574,48.0,13.95,36.857,24.967,15.0,6.246,1.518,53.655,57.29,23.644,32,GOOD,SYNTHETIC,26120
BWG-SIM-001,Baghewala-style representative,4,2026-04-30T05:00:00,production,22.499,19.699,116,34.2,42,56,574,48.0,14.243,36.563,25.422,15.0,6.317,1.519,53.688,56.274,23.321,30,GOOD,SYNTHETIC,26120
BWG-SIM-001,Baghewala-style representative,4,2026-04-30T06:00:00,production,22.697,19.897,116,34.2,42,56,574,48.0,14.333,36.013,24.122,15.0,6.276,1.52,51.4,58.0,23.71,34,GOOD,SYNTHETIC,26120
BWG-SIM-001,Baghewala-style representative,4,2026-04-30T07:00:00,production,22.389,19.589,116,34.2,42,56,574,48.0,14.28,35.528,24.219,15.0,6.374,1.521,51.131,56.181,23.692,31,GOOD,SYNTHETIC,26120
BWG-SIM-001,Baghewala-style representative,4,2026-04-30T08:00:00,production,22.709,19.909,116,34.2,42,56,574,48.0,14.307,36.788,25.235,15.0,6.288,1.522,53.491,56.175,23.637,30,GOOD,SYNTHETIC,26120
BWG-SIM-001,Baghewala-style representative,4,2026-04-30T09:00:00,production,22.507,19.707,116,34.2,42,56,574,48.0,14.25,36.444,25.593,15.0,6.286,1.524,53.374,55.584,23.78,29,GOOD,SYNTHETIC,26120
BWG-SIM-001,Baghewala-style representative,4,2026-04-30T10:00:00,production,22.582,19.782,116,34.2,42,56,574,48.0,14.077,36.317,23.567,15.0,6.335,1.525,53.322,55.893,23.565,29,GOOD,SYNTHETIC,26120
BWG-SIM-001,Baghewala-style representative,4,2026-04-30T11:00:00,production,22.366,19.566,116,34.2,42,56,574,48.0,14.039,36.549,24.866,15.0,6.289,1.526,54.235,54.331,22.951,26,GOOD,SYNTHETIC,26120
BWG-SIM-001,Baghewala-style representative,4,2026-04-30T12:00:00,production,22.613,19.813,116,34.2,42,56,574,48.0,14.293,35.343,23.766,15.0,6.367,1.528,51.992,57.167,23.586,33,GOOD,SYNTHETIC,26120
BWG-SIM-001,Baghewala-style representative,4,2026-04-30T13:00:00,production,22.755,19.955,116,34.2,42,56,574,48.0,14.435,36.409,25.096,15.0,6.325,1.529,51.63,55.191,23.92,29,GOOD,SYNTHETIC,26120
BWG-SIM-001,Baghewala-style representative,4,2026-04-30T14:00:00,production,22.514,19.714,116,34.2,42,56,574,48.0,14.206,35.269,23.879,15.0,6.267,1.531,51.308,55.996,23.56,31,GOOD,SYNTHETIC,26120
BWG-SIM-001,Baghewala-style representative,4,2026-04-30T15:00:00,production,22.629,19.829,116,34.2,42,56,574,48.0,14.371,35.859,24.192,15.0,6.453,1.532,50.68,55.987,24.0,31,GOOD,SYNTHETIC,26120
BWG-SIM-001,Baghewala-style representative,4,2026-04-30T16:00:00,production,22.829,20.029,116,34.2,42,56,574,48.0,14.359,35.984,23.86,15.0,6.289,1.534,52.396,56.174,23.764,30,GOOD,SYNTHETIC,26120
BWG-SIM-001,Baghewala-style representative,4,2026-04-30T17:00:00,production,22.349,19.549,116,34.2,42,56,574,48.0,14.206,36.317,25.02,15.0,6.368,1.535,52.469,56.083,23.69,30,GOOD,SYNTHETIC,26120
BWG-SIM-001,Baghewala-style representative,4,2026-04-30T18:00:00,production,22.553,19.753,116,34.2,42,56,574,48.0,14.155,35.264,24.308,15.0,6.429,1.537,50.878,55.877,23.616,30,GOOD,SYNTHETIC,26120
BWG-SIM-001,Baghewala-style representative,4,2026-04-30T19:00:00,production,22.716,19.916,116,34.2,42,56,574,48.0,14.098,36.123,26.051,15.0,6.5,1.539,50.563,57.544,23.733,34,GOOD,SYNTHETIC,26120
BWG-SIM-001,Baghewala-style representative,4,2026-04-30T20:00:00,production,22.872,20.072,116,34.2,42,56,574,48.0,14.488,35.686,24.801,15.0,6.545,1.54,49.471,57.109,23.862,34,GOOD,SYNTHETIC,26120
BWG-SIM-001,Baghewala-style representative,4,2026-04-30T21:00:00,production,22.576,19.776,116,34.2,42,56,574,48.0,14.107,35.459,22.623,15.0,6.327,1.542,49.002,56.457,23.616,32,GOOD,SYNTHETIC,26120
BWG-SIM-001,Baghewala-style representative,4,2026-04-30T22:00:00,production,22.674,19.874,116,34.2,42,56,574,48.0,14.233,37.095,24.579,15.0,6.566,1.544,52.614,58.0,23.617,34,GOOD,SYNTHETIC,26120
BWG-SIM-001,Baghewala-style representative,4,2026-04-30T23:00:00,production,22.773,19.973,116,34.2,42,56,574,48.0,14.529,37.103,24.842,15.0,6.426,1.546,52.655,57.016,23.807,32,GOOD,SYNTHETIC,26120
BWG-SIM-001,Baghewala-style representative,4,2026-05-01T00:00:00,production,22.795,19.995,116,34.2,42,56,574,48.0,14.244,35.949,24.18,15.0,6.575,1.547,49.898,56.616,23.85,32,GOOD,SYNTHETIC,26120
BWG-SIM-001,Baghewala-style representative,4,2026-05-01T01:00:00,production,22.666,19.866,116,34.2,42,56,574,48.0,14.281,36.394,23.292,15.0,6.719,1.549,47.807,57.684,24.0,35,GOOD,SYNTHETIC,26120
BWG-SIM-001,Baghewala-style representative,4,2026-05-01T02:00:00,production,22.552,19.752,116,34.2,42,56,574,48.0,14.394,35.657,23.521,15.0,6.755,1.551,48.308,58.0,24.0,36,GOOD,SYNTHETIC,26120
BWG-SIM-001,Baghewala-style representative,4,2026-05-01T03:00:00,production,22.616,19.816,116,34.2,42,56,574,48.0,14.149,36.506,24.475,15.0,6.624,1.553,48.566,57.795,24.0,35,GOOD,SYNTHETIC,26120
BWG-SIM-001,Baghewala-style representative,4,2026-05-01T04:00:00,production,22.764,19.964,116,34.2,42,56,574,48.0,14.068,36.774,25.769,15.0,6.665,1.554,47.462,58.0,23.766,36,GOOD,SYNTHETIC,26120
BWG-SIM-001,Baghewala-style representative,4,2026-05-01T05:00:00,production,22.48,19.68,116,34.2,42,56,574,48.0,14.385,36.211,24.15,15.0,6.585,1.556,50.502,58.0,23.793,35,GOOD,SYNTHETIC,26120
BWG-SIM-001,Baghewala-style representative,4,2026-05-01T06:00:00,production,22.517,19.717,116,34.2,42,56,574,48.0,14.219,36.372,25.155,15.0,6.67,1.558,50.768,58.0,24.0,35,GOOD,SYNTHETIC,26120
BWG-SIM-001,Baghewala-style representative,4,2026-05-01T07:00:00,production,22.673,19.873,116,34.2,42,56,574,48.0,14.056,35.062,23.161,15.0,6.791,1.559,45.438,57.772,23.887,37,GOOD,SYNTHETIC,26120
BWG-SIM-001,Baghewala-style representative,4,2026-05-01T08:00:00,production,22.611,19.811,116,34.2,42,56,574,48.0,14.382,35.25,24.305,15.0,6.791,1.561,44.835,58.0,24.0,37,GOOD,SYNTHETIC,26120
BWG-SIM-001,Baghewala-style representative,4,2026-05-01T09:00:00,production,22.786,19.986,116,34.2,42,56,574,48.0,14.245,36.349,24.222,15.0,6.836,1.563,44.923,58.0,23.989,37,GOOD,SYNTHETIC,26120
BWG-SIM-001,Baghewala-style representative,4,2026-05-01T10:00:00,production,22.445,19.645,116,34.2,42,56,574,48.0,14.444,35.384,23.275,15.0,6.725,1.564,46.683,57.567,23.868,36,GOOD,SYNTHETIC,26120
BWG-SIM-001,Baghewala-style representative,4,2026-05-01T11:00:00,production,22.726,19.926,116,34.2,42,56,574,48.0,14.278,36.783,25.556,15.0,6.74,1.566,49.37,56.206,23.561,32,GOOD,SYNTHETIC,26120
BWG-SIM-001,Baghewala-style representative,4,2026-05-01T12:00:00,production,22.542,19.742,116,34.2,42,56,574,48.0,14.314,36.42,23.056,15.0,6.808,1.568,46.007,58.0,24.0,37,GOOD,SYNTHETIC,26120
BWG-SIM-001,Baghewala-style representative,4,2026-05-01T13:00:00,production,22.431,19.631,116,34.2,42,56,574,48.0,14.081,35.99,23.048,15.0,6.759,1.569,47.165,58.0,24.0,36,GOOD,SYNTHETIC,26120
BWG-SIM-001,Baghewala-style representative,4,2026-05-01T14:00:00,production,22.753,19.953,116,34.2,42,56,574,48.0,14.368,36.745,23.123,15.0,6.63,1.571,50.14,57.18,24.0,33,GOOD,SYNTHETIC,26120
BWG-SIM-001,Baghewala-style representative,4,2026-05-01T15:00:00,production,22.637,19.837,116,34.2,42,56,574,48.0,14.234,36.094,23.171,15.0,6.703,1.572,47.284,58.0,24.0,36,GOOD,SYNTHETIC,26120
BWG-SIM-001,Baghewala-style representative,4,2026-05-01T16:00:00,production,22.552,19.752,116,34.2,42,56,574,48.0,14.39,36.798,23.964,15.0,6.84,1.574,48.154,58.0,23.806,36,GOOD,SYNTHETIC,26120
BWG-SIM-001,Baghewala-style representative,4,2026-05-01T17:00:00,production,22.535,19.735,116,34.2,42,56,574,48.0,14.238,35.83,25.296,15.0,6.865,1.575,49.067,58.0,23.766,36,GOOD,SYNTHETIC,26120
BWG-SIM-001,Baghewala-style representative,4,2026-05-01T18:00:00,production,22.585,19.785,116,34.2,42,56,574,48.0,14.122,35.318,22.536,15.0,7.008,1.576,43.588,58.0,24.0,38,GOOD,SYNTHETIC,26120
BWG-SIM-001,Baghewala-style representative,4,2026-05-01T19:00:00,production,22.272,19.472,116,34.2,42,56,574,48.0,14.104,35.41,23.291,15.0,6.924,1.578,46.285,58.0,23.771,37,GOOD,SYNTHETIC,26120
BWG-SIM-001,Baghewala-style representative,4,2026-05-01T20:00:00,production,22.276,19.476,116,34.2,42,56,574,48.0,14.059,35.647,24.089,15.0,6.933,1.579,45.835,58.0,23.674,37,GOOD,SYNTHETIC,26120
BWG-SIM-001,Baghewala-style representative,4,2026-05-01T21:00:00,production,22.63,19.83,116,34.2,42,56,574,48.0,14.396,35.714,23.697,15.0,6.908,1.58,44.173,58.0,24.0,38,GOOD,SYNTHETIC,26120
BWG-SIM-001,Baghewala-style representative,4,2026-05-01T22:00:00,production,22.659,19.859,116,34.2,42,56,574,48.0,14.342,36.013,23.519,15.0,6.988,1.581,46.364,58.0,24.0,37,GOOD,SYNTHETIC,26120
BWG-SIM-001,Baghewala-style representative,4,2026-05-01T23:00:00,production,22.392,19.592,116,34.2,42,56,574,48.0,14.225,36.04,24.086,15.0,6.713,1.582,48.468,58.0,23.852,36,GOOD,SYNTHETIC,26120
BWG-SIM-001,Baghewala-style representative,4,2026-05-02T00:00:00,production,22.379,19.579,116,34.2,42,56,574,48.0,14.535,35.696,24.638,15.0,6.974,1.583,46.522,58.0,23.886,37,GOOD,SYNTHETIC,26120
BWG-SIM-001,Baghewala-style representative,4,2026-05-02T01:00:00,production,22.452,19.652,116,34.2,42,56,574,48.0,14.081,37.047,24.347,15.0,6.791,1.584,47.199,58.0,23.801,36,GOOD,SYNTHETIC,26120
BWG-SIM-001,Baghewala-style representative,4,2026-05-02T02:00:00,production,22.498,19.698,116,34.2,42,56,574,48.0,14.242,35.173,23.959,15.0,6.731,1.585,47.406,58.0,23.907,36,GOOD,SYNTHETIC,26120
BWG-SIM-001,Baghewala-style representative,4,2026-05-02T03:00:00,production,22.293,19.493,116,34.2,42,56,574,48.0,14.27,35.294,23.743,15.0,6.85,1.586,46.701,57.83,23.9,36,GOOD,SYNTHETIC,26120
BWG-SIM-001,Baghewala-style representative,4,2026-05-02T04:00:00,production,22.317,19.517,116,34.2,42,56,574,48.0,14.152,36.411,24.238,15.0,6.785,1.587,47.432,58.0,23.972,36,GOOD,SYNTHETIC,26120
BWG-SIM-001,Baghewala-style representative,4,2026-05-02T05:00:00,production,22.45,19.65,116,34.2,42,56,574,48.0,14.218,35.068,23.746,15.0,6.619,1.587,47.054,58.0,23.94,36,GOOD,SYNTHETIC,26120
BWG-SIM-001,Baghewala-style representative,4,2026-05-02T06:00:00,production,22.549,19.749,116,34.2,42,56,574,48.0,14.571,35.783,23.965,15.0,6.811,1.588,44.481,58.0,23.855,38,GOOD,SYNTHETIC,26120
BWG-SIM-001,Baghewala-style representative,4,2026-05-02T07:00:00,production,22.15,19.35,116,34.2,42,56,574,48.0,14.118,34.935,24.014,15.0,6.8,1.588,49.374,57.61,24.0,35,GOOD,SYNTHETIC,26120
BWG-SIM-001,Baghewala-style representative,4,2026-05-02T08:00:00,production,22.342,19.542,116,34.2,42,56,574,48.0,14.52,35.884,23.441,15.0,6.687,1.589,47.241,57.82,23.588,36,GOOD,SYNTHETIC,26120
BWG-SIM-001,Baghewala-style representative,4,2026-05-02T09:00:00,production,22.256,19.456,116,34.2,42,56,574,48.0,13.955,35.045,22.523,15.0,6.881,1.589,43.875,58.0,23.566,38,GOOD,SYNTHETIC,26120
BWG-SIM-001,Baghewala-style representative,4,2026-05-02T10:00:00,production,22.016,19.216,116,34.2,42,56,574,48.0,14.329,36.12,25.326,15.0,6.673,1.589,46.489,56.288,23.965,33,GOOD,SYNTHETIC,26120
BWG-SIM-001,Baghewala-style representative,4,2026-05-02T11:00:00,production,22.408,19.608,116,34.2,42,56,574,48.0,14.21,35.08,23.572,15.0,6.748,1.59,47.289,57.899,23.931,36,GOOD,SYNTHETIC,26120
BWG-SIM-001,Baghewala-style representative,4,2026-05-02T12:00:00,production,22.229,19.429,116,34.2,42,56,574,48.0,13.946,35.57,22.602,15.0,6.765,1.59,44.45,56.725,24.0,35,GOOD,SYNTHETIC,26120
BWG-SIM-001,Baghewala-style representative,4,2026-05-02T13:00:00,production,22.139,19.339,116,34.2,42,56,574,48.0,14.27,36.793,23.867,15.0,6.846,1.59,47.207,58.0,23.919,36,GOOD,SYNTHETIC,26120
BWG-SIM-001,Baghewala-style representative,4,2026-05-02T14:00:00,production,22.012,19.212,116,34.2,42,56,574,48.0,13.974,36.296,24.575,15.0,6.747,1.59,45.414,58.0,24.0,37,GOOD,SYNTHETIC,26120
BWG-SIM-001,Baghewala-style representative,4,2026-05-02T15:00:00,production,21.792,18.992,116,34.2,42,56,574,48.0,14.375,35.476,24.976,15.0,6.709,1.59,46.798,56.081,23.98,33,GOOD,SYNTHETIC,26120
BWG-SIM-001,Baghewala-style representative,4,2026-05-02T16:00:00,production,22.133,19.333,116,34.2,42,56,574,48.0,14.199,36.176,24.723,15.0,6.726,1.59,45.7,58.0,24.0,37,GOOD,SYNTHETIC,26120
BWG-SIM-001,Baghewala-style representative,4,2026-05-02T17:00:00,production,22.108,19.308,116,34.2,42,56,574,48.0,13.814,36.013,23.29,15.0,6.645,1.59,45.855,58.0,23.962,37,GOOD,SYNTHETIC,26120
BWG-SIM-001,Baghewala-style representative,4,2026-05-02T18:00:00,production,21.816,19.016,116,34.2,42,56,574,48.0,14.134,34.97,22.446,15.0,6.796,1.589,45.546,56.183,23.541,33,GOOD,SYNTHETIC,26120
BWG-SIM-001,Baghewala-style representative,4,2026-05-02T19:00:00,production,21.984,19.184,116,34.2,42,56,574,48.0,14.14,35.784,22.871,15.0,6.617,1.589,47.41,57.151,23.588,35,GOOD,SYNTHETIC,26120
BWG-SIM-001,Baghewala-style representative,4,2026-05-02T20:00:00,production,22.006,19.206,116,34.2,42,56,574,48.0,14.41,35.376,22.71,15.0,6.586,1.588,48.602,58.0,23.813,36,GOOD,SYNTHETIC,26120
BWG-SIM-001,Baghewala-style representative,4,2026-05-02T21:00:00,production,21.725,18.925,116,34.2,42,56,574,48.0,13.993,34.928,20.997,15.0,6.56,1.588,46.87,58.0,23.985,37,GOOD,SYNTHETIC,26120
BWG-SIM-001,Baghewala-style representative,4,2026-05-02T22:00:00,production,21.806,19.006,116,34.2,42,56,574,48.0,14.543,34.721,23.772,15.0,6.586,1.587,48.538,58.0,24.0,36,GOOD,SYNTHETIC,26120
BWG-SIM-001,Baghewala-style representative,4,2026-05-02T23:00:00,production,21.712,18.912,116,34.2,42,56,574,48.0,14.206,35.363,23.606,15.0,6.412,1.587,47.652,56.913,23.802,34,GOOD,SYNTHETIC,26120
BWG-SIM-001,Baghewala-style representative,4,2026-05-03T00:00:00,production,21.683,18.883,116,34.2,42,56,574,48.0,13.985,36.002,24.301,15.0,6.674,1.586,46.001,58.0,23.77,37,GOOD,SYNTHETIC,26120
BWG-SIM-001,Baghewala-style representative,4,2026-05-03T01:00:00,production,21.691,18.891,116,34.2,42,56,574,48.0,14.105,35.131,24.154,15.0,6.432,1.585,46.86,58.0,23.781,37,GOOD,SYNTHETIC,26120
BWG-SIM-001,Baghewala-style representative,4,2026-05-03T02:00:00,production,21.688,18.888,116,34.2,42,56,574,48.0,14.147,36.046,25.153,15.0,6.381,1.584,47.888,57.152,23.536,34,GOOD,SYNTHETIC,26120
BWG-SIM-001,Baghewala-style representative,4,2026-05-03T03:00:00,production,21.544,18.744,116,34.2,42,56,574,48.0,14.463,34.94,24.065,15.0,6.516,1.583,47.992,58.0,24.0,36,GOOD,SYNTHETIC,26120
BWG-SIM-001,Baghewala-style representative,4,2026-05-03T04:00:00,production,21.402,18.602,116,34.2,42,56,574,48.0,14.242,35.246,24.762,15.0,6.579,1.582,48.122,58.0,23.837,36,GOOD,SYNTHETIC,26120
BWG-SIM-001,Baghewala-style representative,4,2026-05-03T05:00:00,production,21.677,18.877,116,34.2,42,56,574,48.0,14.258,36.005,24.214,15.0,6.236,1.581,48.813,55.437,23.09,31,GOOD,SYNTHETIC,26120
BWG-SIM-001,Baghewala-style representative,4,2026-05-03T06:00:00,production,21.79,18.99,116,34.2,42,56,574,48.0,13.967,35.252,24.678,15.0,6.285,1.58,49.103,58.0,23.567,36,GOOD,SYNTHETIC,26120
BWG-SIM-001,Baghewala-style representative,4,2026-05-03T07:00:00,production,21.363,18.563,116,34.2,42,56,574,48.0,14.301,35.131,24.094,15.0,6.402,1.579,47.609,58.0,23.887,36,GOOD,SYNTHETIC,26120
BWG-SIM-001,Baghewala-style representative,4,2026-05-03T08:00:00,production,21.272,18.472,116,34.2,42,56,574,48.0,14.425,34.688,22.617,15.0,6.363,1.578,46.839,58.0,23.391,37,GOOD,SYNTHETIC,26120
BWG-SIM-001,Baghewala-style representative,4,2026-05-03T09:00:00,production,21.572,18.772,116,34.2,42,56,574,48.0,14.493,35.877,23.656,15.0,6.348,1.577,51.589,56.883,23.987,32,GOOD,SYNTHETIC,26120
BWG-SIM-001,Baghewala-style representative,4,2026-05-03T10:00:00,production,21.511,18.711,116,34.2,42,56,574,48.0,14.526,34.842,23.814,15.0,6.424,1.575,49.86,55.067,23.211,29,GOOD,SYNTHETIC,26120
BWG-SIM-001,Baghewala-style representative,4,2026-05-03T11:00:00,production,21.384,18.584,116,34.2,42,56,574,48.0,14.381,34.407,23.43,15.0,6.312,1.574,49.221,57.356,23.461,34,GOOD,SYNTHETIC,26120
BWG-SIM-001,Baghewala-style representative,4,2026-05-03T12:00:00,production,21.468,18.668,116,34.2,42,56,574,48.0,14.329,35.277,24.381,15.0,6.412,1.573,47.096,56.942,23.688,34,GOOD,SYNTHETIC,26120
BWG-SIM-001,Baghewala-style representative,4,2026-05-03T13:00:00,production,21.255,18.455,116,34.2,42,56,574,48.0,14.108,35.186,24.817,15.0,6.245,1.571,49.538,57.334,23.797,34,GOOD,SYNTHETIC,26120
BWG-SIM-001,Baghewala-style representative,4,2026-05-03T14:00:00,production,21.295,18.495,116,34.2,42,56,574,48.0,14.434,34.559,23.025,15.0,6.347,1.57,50.247,55.159,23.316,29,GOOD,SYNTHETIC,26120
BWG-SIM-001,Baghewala-style representative,4,2026-05-03T15:00:00,production,21.332,18.532,116,34.2,42,56,574,48.0,14.562,35.222,22.96,15.0,6.229,1.568,49.218,58.0,23.519,35,GOOD,SYNTHETIC,26120
BWG-SIM-001,Baghewala-style representative,4,2026-05-03T16:00:00,production,21.428,18.628,116,34.2,42,56,574,48.0,14.25,35.674,25.009,15.0,6.199,1.567,51.266,55.64,23.712,30,GOOD,SYNTHETIC,26120
BWG-SIM-001,Baghewala-style representative,4,2026-05-03T17:00:00,production,21.103,18.303,116,34.2,42,56,574,48.0,14.247,35.55,24.275,15.0,6.287,1.565,50.183,57.726,23.589,34,GOOD,SYNTHETIC,26120
BWG-SIM-001,Baghewala-style representative,4,2026-05-03T18:00:00,production,21.079,18.279,116,34.2,42,56,574,48.0,14.257,34.256,23.576,15.0,6.237,1.563,48.826,57.748,23.322,35,GOOD,SYNTHETIC,26120
BWG-SIM-001,Baghewala-style representative,4,2026-05-03T19:00:00,production,21.092,18.292,116,34.2,42,56,574,48.0,14.464,35.271,24.215,15.0,6.172,1.562,50.099,56.031,23.129,31,GOOD,SYNTHETIC,26120
BWG-SIM-001,Baghewala-style representative,4,2026-05-03T20:00:00,production,21.144,18.344,116,34.2,42,56,574,48.0,14.162,35.527,23.244,15.0,6.331,1.56,49.019,57.389,23.468,34,GOOD,SYNTHETIC,26120
BWG-SIM-001,Baghewala-style representative,4,2026-05-03T21:00:00,production,21.308,18.508,116,34.2,42,56,574,48.0,14.345,36.059,23.895,15.0,6.234,1.558,48.463,57.662,23.533,35,GOOD,SYNTHETIC,26120
BWG-SIM-001,Baghewala-style representative,4,2026-05-03T22:00:00,production,21.146,18.346,116,34.2,42,56,574,48.0,14.313,34.089,23.714,15.0,6.168,1.557,50.067,56.241,23.534,32,GOOD,SYNTHETIC,26120
BWG-SIM-001,Baghewala-style representative,4,2026-05-03T23:00:00,production,21.286,18.486,116,34.2,42,56,574,48.0,14.559,34.974,23.558,15.0,6.188,1.555,50.536,55.149,23.135,29,GOOD,SYNTHETIC,26120
BWG-SIM-001,Baghewala-style representative,4,2026-05-04T00:00:00,production,21.115,18.315,116,34.2,42,56,574,48.0,14.111,35.579,24.626,15.0,6.183,1.553,51.078,56.496,23.313,32,GOOD,SYNTHETIC,26120
BWG-SIM-001,Baghewala-style representative,4,2026-05-04T01:00:00,production,21.074,18.274,116,34.2,42,56,574,48.0,14.378,35.035,23.253,15.0,6.073,1.551,50.572,53.801,23.294,26,GOOD,SYNTHETIC,26120
BWG-SIM-001,Baghewala-style representative,4,2026-05-04T02:00:00,production,21.185,18.385,116,34.2,42,56,574,48.0,14.278,35.513,23.889,15.0,6.155,1.55,54.794,54.436,23.359,26,GOOD,SYNTHETIC,26120
BWG-SIM-001,Baghewala-style representative,4,2026-05-04T03:00:00,production,20.855,18.055,116,34.2,42,56,574,48.0,14.094,35.145,24.8,15.0,6.21,1.548,51.349,55.95,23.473,30,GOOD,SYNTHETIC,26120
BWG-SIM-001,Baghewala-style representative,4,2026-05-04T04:00:00,production,20.925,18.125,116,34.2,42,56,574,48.0,14.453,34.409,22.673,15.0,6.134,1.546,48.712,57.036,23.532,34,GOOD,SYNTHETIC,26120
BWG-SIM-001,Baghewala-style representative,4,2026-05-04T05:00:00,production,21.09,18.29,116,34.2,42,56,574,48.0,14.487,33.792,23.687,15.0,6.111,1.544,50.026,56.964,23.445,33,GOOD,SYNTHETIC,26120
BWG-SIM-001,Baghewala-style representative,4,2026-05-04T06:00:00,production,20.837,18.037,116,34.2,42,56,574,48.0,14.361,34.908,24.316,15.0,6.224,1.543,50.771,57.47,23.515,34,GOOD,SYNTHETIC,26120
BWG-SIM-001,Baghewala-style representative,4,2026-05-04T07:00:00,production,21.023,18.223,116,34.2,42,56,574,48.0,14.351,34.509,22.664,15.0,6.222,1.541,48.979,56.275,23.243,32,GOOD,SYNTHETIC,26120
BWG-SIM-001,Baghewala-style representative,4,2026-05-04T08:00:00,production,21.045,18.245,116,34.2,42,56,574,48.0,14.144,36.01,25.669,15.0,6.03,1.539,54.514,57.193,23.686,31,GOOD,SYNTHETIC,26120
BWG-SIM-001,Baghewala-style representative,4,2026-05-04T09:00:00,production,20.968,18.168,116,34.2,42,56,574,48.0,14.293,33.998,22.383,15.0,6.016,1.538,48.882,58.0,23.638,36,GOOD,SYNTHETIC,26120
BWG-SIM-001,Baghewala-style representative,4,2026-05-04T10:00:00,production,20.6,17.8,116,34.2,42,56,574,48.0,14.344,34.363,22.465,15.0,6.273,1.536,51.471,58.0,23.837,34,GOOD,SYNTHETIC,26120
BWG-SIM-001,Baghewala-style representative,4,2026-05-04T11:00:00,production,20.852,18.052,116,34.2,42,56,574,48.0,14.076,35.201,23.294,15.0,5.971,1.534,53.018,56.748,23.066,31,GOOD,SYNTHETIC,26120
BWG-SIM-001,Baghewala-style representative,4,2026-05-04T12:00:00,production,20.646,17.846,116,34.2,42,56,574,48.0,14.223,34.944,23.641,15.0,6.214,1.533,52.841,54.926,23.102,28,GOOD,SYNTHETIC,26120
BWG-SIM-001,Baghewala-style representative,4,2026-05-04T13:00:00,production,20.598,17.798,116,34.2,42,56,574,48.0,14.542,34.352,21.747,15.0,6.297,1.531,50.765,57.995,23.535,35,GOOD,SYNTHETIC,26120
BWG-SIM-001,Baghewala-style representative,4,2026-05-04T14:00:00,production,20.788,17.988,116,34.2,42,56,574,48.0,14.228,35.203,24.477,15.0,6.161,1.53,52.905,54.092,22.969,26,GOOD,SYNTHETIC,26120
BWG-SIM-001,Baghewala-style representative,4,2026-05-04T15:00:00,production,20.645,17.845,116,34.2,42,56,574,48.0,14.037,35.141,24.891,15.0,6.075,1.528,54.019,54.234,23.093,26,GOOD,SYNTHETIC,26120
BWG-SIM-001,Baghewala-style representative,4,2026-05-04T16:00:00,production,20.81,18.01,116,34.2,42,56,574,48.0,14.082,35.099,24.276,15.0,6.195,1.527,53.511,56.795,23.608,31,GOOD,SYNTHETIC,26120
BWG-SIM-001,Baghewala-style representative,4,2026-05-04T17:00:00,production,20.603,17.803,116,34.2,42,56,574,48.0,13.961,34.791,23.765,15.0,6.299,1.525,49.865,56.232,23.218,32,GOOD,SYNTHETIC,26120
BWG-SIM-001,Baghewala-style representative,4,2026-05-04T18:00:00,production,20.776,17.976,116,34.2,42,56,574,48.0,14.092,34.631,23.646,15.0,6.255,1.524,47.928,57.851,23.785,36,GOOD,SYNTHETIC,26120
BWG-SIM-001,Baghewala-style representative,4,2026-05-04T19:00:00,production,20.809,18.009,116,34.2,42,56,574,48.0,14.161,34.868,25.203,15.0,6.241,1.523,50.329,54.882,23.052,29,GOOD,SYNTHETIC,26120
BWG-SIM-001,Baghewala-style representative,4,2026-05-04T20:00:00,production,20.68,17.88,116,34.2,42,56,574,48.0,14.365,34.344,23.823,15.0,6.285,1.522,48.299,57.129,23.528,34,GOOD,SYNTHETIC,26120
BWG-SIM-001,Baghewala-style representative,4,2026-05-04T21:00:00,production,20.628,17.828,116,34.2,42,56,574,48.0,13.92,33.813,23.449,15.0,6.285,1.52,48.881,58.0,23.65,36,GOOD,SYNTHETIC,26120
BWG-SIM-001,Baghewala-style representative,4,2026-05-04T22:00:00,production,20.487,17.687,116,34.2,42,56,574,48.0,14.334,34.944,22.613,15.0,6.266,1.519,50.811,56.399,23.703,32,GOOD,SYNTHETIC,26120
BWG-SIM-001,Baghewala-style representative,4,2026-05-04T23:00:00,production,20.623,17.823,116,34.2,42,56,574,48.0,14.243,34.372,23.695,15.0,6.345,1.518,53.124,56.333,23.372,30,GOOD,SYNTHETIC,26120
BWG-SIM-001,Baghewala-style representative,4,2026-05-05T00:00:00,production,20.54,17.74,116,34.2,42,56,574,48.0,14.234,34.842,21.04,15.0,6.34,1.517,49.763,56.562,23.589,32,GOOD,SYNTHETIC,26120
BWG-SIM-001,Baghewala-style representative,4,2026-05-05T01:00:00,production,20.544,17.744,116,34.2,42,56,574,48.0,14.162,34.507,23.457,15.0,6.265,1.516,52.791,56.882,23.682,32,GOOD,SYNTHETIC,26120
BWG-SIM-001,Baghewala-style representative,4,2026-05-05T02:00:00,production,20.421,17.621,116,34.2,42,56,574,48.0,14.258,35.512,24.604,15.0,6.365,1.515,50.731,56.817,24.0,32,GOOD,SYNTHETIC,26120
BWG-SIM-001,Baghewala-style representative,4,2026-05-05T03:00:00,production,20.4,17.6,116,34.2,42,56,574,48.0,14.154,35.02,24.936,15.0,6.428,1.514,50.714,57.867,23.764,35,GOOD,SYNTHETIC,26120
BWG-SIM-001,Baghewala-style representative,4,2026-05-05T04:00:00,production,20.436,17.636,116,34.2,42,56,574,48.0,14.071,35.164,24.508,15.0,6.29,1.514,53.772,56.689,23.189,31,GOOD,SYNTHETIC,26120
BWG-SIM-001,Baghewala-style representative,4,2026-05-05T05:00:00,production,20.322,17.522,116,34.2,42,56,574,48.0,14.492,34.251,23.224,15.0,6.427,1.513,46.251,57.889,23.736,37,GOOD,SYNTHETIC,26120
BWG-SIM-001,Baghewala-style representative,4,2026-05-05T06:00:00,production,20.163,17.363,116,34.2,42,56,574,48.0,14.245,34.869,23.17,15.0,6.47,1.512,48.675,56.128,23.716,32,GOOD,SYNTHETIC,26120
BWG-SIM-001,Baghewala-style representative,4,2026-05-05T07:00:00,production,20.415,17.615,116,34.2,42,56,574,48.0,14.337,34.11,22.724,15.0,6.573,1.512,49.903,57.99,24.0,35,GOOD,SYNTHETIC,26120
BWG-SIM-001,Baghewala-style representative,4,2026-05-05T08:00:00,production,20.463,17.663,116,34.2,42,56,574,48.0,14.147,33.829,21.778,15.0,6.565,1.511,46.637,58.0,24.0,37,GOOD,SYNTHETIC,26120
BWG-SIM-001,Baghewala-style representative,4,2026-05-05T09:00:00,production,20.381,17.581,116,34.2,42,56,574,48.0,14.077,34.155,23.411,15.0,6.418,1.511,48.863,57.119,23.769,34,GOOD,SYNTHETIC,26120
BWG-SIM-001,Baghewala-style representative,4,2026-05-05T10:00:00,production,20.607,17.807,116,34.2,42,56,574,48.0,14.178,34.384,22.76,15.0,6.507,1.511,48.733,56.534,23.424,33,GOOD,SYNTHETIC,26120
BWG-SIM-001,Baghewala-style representative,4,2026-05-05T11:00:00,production,20.433,17.633,116,34.2,42,56,574,48.0,14.136,35.29,24.418,15.0,6.596,1.51,49.262,57.157,23.853,34,GOOD,SYNTHETIC,26120
BWG-SIM-001,Baghewala-style representative,4,2026-05-05T12:00:00,production,20.33,17.53,116,34.2,42,56,574,48.0,14.112,34.715,23.175,15.0,6.59,1.51,48.914,58.0,23.515,36,GOOD,SYNTHETIC,26120
BWG-SIM-001,Baghewala-style representative,4,2026-05-05T13:00:00,production,20.477,17.677,116,34.2,42,56,574,48.0,14.142,33.971,22.779,15.0,6.703,1.51,47.503,58.0,23.914,36,GOOD,SYNTHETIC,26120
BWG-SIM-001,Baghewala-style representative,4,2026-05-05T14:00:00,production,20.743,17.943,116,34.2,42,56,574,48.0,14.131,34.597,21.372,15.0,6.629,1.51,46.938,58.0,23.56,36,GOOD,SYNTHETIC,26120
BWG-SIM-001,Baghewala-style representative,4,2026-05-05T15:00:00,production,20.405,17.605,116,34.2,42,56,574,48.0,14.491,35.158,24.215,15.0,6.736,1.51,46.54,58.0,24.0,37,GOOD,SYNTHETIC,26120
BWG-SIM-001,Baghewala-style representative,4,2026-05-05T16:00:00,production,20.386,17.586,116,34.2,42,56,574,48.0,14.147,33.786,23.13,15.0,6.774,1.51,47.665,57.038,24.0,34,GOOD,SYNTHETIC,26120
BWG-SIM-001,Baghewala-style representative,4,2026-05-05T17:00:00,production,20.634,17.834,116,34.2,42,56,574,48.0,14.371,34.429,22.822,15.0,6.783,1.51,48.093,58.0,24.0,36,GOOD,SYNTHETIC,26120
BWG-SIM-001,Baghewala-style representative,4,2026-05-05T18:00:00,production,20.601,17.801,116,34.2,42,56,574,48.0,14.081,34.61,23.961,15.0,6.701,1.511,46.696,57.815,24.0,36,GOOD,SYNTHETIC,26120
BWG-SIM-001,Baghewala-style representative,4,2026-05-05T19:00:00,production,20.507,17.707,116,34.2,42,56,574,48.0,14.081,35.483,23.985,15.0,6.755,1.511,49.282,58.0,23.959,35,GOOD,SYNTHETIC,26120
BWG-SIM-001,Baghewala-style representative,4,2026-05-05T20:00:00,production,20.497,17.697,116,34.2,42,56,574,48.0,14.065,34.091,22.42,15.0,6.761,1.511,45.854,58.0,23.633,37,GOOD,SYNTHETIC,26120
BWG-SIM-001,Baghewala-style representative,4,2026-05-05T21:00:00,production,20.541,17.741,116,34.2,42,56,574,48.0,14.149,35.258,24.478,15.0,6.875,1.512,49.801,56.431,24.0,32,GOOD,SYNTHETIC,26120
BWG-SIM-001,Baghewala-style representative,4,2026-05-05T22:00:00,production,20.408,17.608,116,34.2,42,56,574,48.0,14.237,34.508,23.46,15.0,6.788,1.512,46.954,56.996,23.813,34,GOOD,SYNTHETIC,26120
BWG-SIM-001,Baghewala-style representative,4,2026-05-05T23:00:00,production,20.641,17.841,116,34.2,42,56,574,48.0,13.976,35.018,24.142,15.0,6.81,1.513,45.672,58.0,23.839,37,GOOD,SYNTHETIC,26120
BWG-SIM-001,Baghewala-style representative,4,2026-05-06T00:00:00,production,20.394,17.594,116,34.2,42,56,574,48.0,14.113,34.795,23.283,15.0,6.811,1.514,46.814,58.0,24.0,37,GOOD,SYNTHETIC,26120
BWG-SIM-001,Baghewala-style representative,4,2026-05-06T01:00:00,production,20.378,17.578,116,34.2,42,56,574,48.0,14.286,33.759,23.002,15.0,6.848,1.515,45.632,58.0,24.0,37,GOOD,SYNTHETIC,26120
BWG-SIM-001,Baghewala-style representative,4,2026-05-06T02:00:00,production,20.602,17.802,116,34.2,42,56,574,48.0,14.288,34.273,23.262,15.0,6.911,1.515,46.279,58.0,24.0,37,GOOD,SYNTHETIC,26120
BWG-SIM-001,Baghewala-style representative,4,2026-05-06T03:00:00,production,20.517,17.717,116,34.2,42,56,574,48.0,14.158,34.071,21.603,15.0,6.901,1.516,43.153,58.0,24.0,38,GOOD,SYNTHETIC,26120
BWG-SIM-001,Baghewala-style representative,4,2026-05-06T04:00:00,production,20.501,17.701,116,34.2,42,56,574,48.0,14.304,33.735,20.544,15.0,6.858,1.517,44.684,58.0,24.0,37,GOOD,SYNTHETIC,26120
BWG-SIM-001,Baghewala-style representative,4,2026-05-06T05:00:00,production,20.798,17.998,116,34.2,42,56,574,48.0,14.019,34.607,24.07,15.0,6.817,1.518,46.495,58.0,23.857,37,GOOD,SYNTHETIC,26120
BWG-SIM-001,Baghewala-style representative,4,2026-05-06T06:00:00,production,20.663,17.863,116,34.2,42,56,574,48.0,14.491,35.286,23.592,15.0,6.697,1.519,48.188,56.889,23.565,34,GOOD,SYNTHETIC,26120
BWG-SIM-001,Baghewala-style representative,4,2026-05-06T07:00:00,production,20.353,17.553,116,34.2,42,56,574,48.0,14.249,34.52,23.201,15.0,6.95,1.521,44.874,58.0,24.0,37,GOOD,SYNTHETIC,26120
BWG-SIM-001,Baghewala-style representative,4,2026-05-06T08:00:00,production,20.74,17.94,116,34.2,42,56,574,48.0,14.308,34.262,22.783,15.0,6.942,1.522,47.382,58.0,23.935,36,GOOD,SYNTHETIC,26120
BWG-SIM-001,Baghewala-style representative,4,2026-05-06T09:00:00,production,20.748,17.948,116,34.2,42,56,574,48.0,14.266,35.098,23.234,15.0,7.02,1.523,43.262,58.0,24.0,38,GOOD,SYNTHETIC,26120
BWG-SIM-001,Baghewala-style representative,4,2026-05-06T10:00:00,production,20.476,17.676,116,34.2,42,56,574,48.0,14.25,34.002,21.999,15.0,6.808,1.524,44.214,58.0,24.0,38,GOOD,SYNTHETIC,26120
BWG-SIM-001,Baghewala-style representative,4,2026-05-06T11:00:00,production,20.54,17.74,116,34.2,42,56,574,48.0,14.024,35.011,23.277,15.0,6.82,1.526,48.366,57.514,23.997,35,GOOD,SYNTHETIC,26120
BWG-SIM-001,Baghewala-style representative,4,2026-05-06T12:00:00,production,20.759,17.959,116,34.2,42,56,574,48.0,13.823,35.514,22.961,15.0,6.889,1.527,49.343,58.0,24.0,35,GOOD,SYNTHETIC,26120
BWG-SIM-001,Baghewala-style representative,4,2026-05-06T13:00:00,production,20.752,17.952,116,34.2,42,56,574,48.0,14.303,34.938,22.782,15.0,7.021,1.528,43.708,58.0,23.712,38,GOOD,SYNTHETIC,26120
BWG-SIM-001,Baghewala-style representative,4,2026-05-06T14:00:00,production,20.632,17.832,116,34.2,42,56,574,48.0,14.102,35.28,23.508,15.0,6.787,1.53,46.142,58.0,24.0,37,GOOD,SYNTHETIC,26120
BWG-SIM-001,Baghewala-style representative,4,2026-05-06T15:00:00,production,20.91,18.11,116,34.2,42,56,574,48.0,14.006,35.223,23.516,15.0,6.798,1.532,46.806,58.0,23.841,37,GOOD,SYNTHETIC,26120
BWG-SIM-001,Baghewala-style representative,4,2026-05-06T16:00:00,production,20.586,17.786,116,34.2,42,56,574,48.0,14.162,33.801,21.443,15.0,6.987,1.533,44.482,58.0,23.866,38,GOOD,SYNTHETIC,26120
BWG-SIM-001,Baghewala-style representative,4,2026-05-06T17:00:00,production,20.697,17.897,116,34.2,42,56,574,48.0,14.416,34.917,23.247,15.0,6.662,1.535,47.534,58.0,23.853,36,GOOD,SYNTHETIC,26120
BWG-SIM-001,Baghewala-style representative,4,2026-05-06T18:00:00,production,20.6,17.8,116,34.2,42,56,574,48.0,13.787,35.996,24.161,15.0,6.631,1.536,50.804,56.017,23.454,31,GOOD,SYNTHETIC,26120
BWG-SIM-001,Baghewala-style representative,4,2026-05-06T19:00:00,production,20.695,17.895,116,34.2,42,56,574,48.0,14.406,34.133,23.472,15.0,6.846,1.538,43.266,57.251,24.0,37,GOOD,SYNTHETIC,26120
BWG-SIM-001,Baghewala-style representative,4,2026-05-06T20:00:00,production,20.755,17.955,116,34.2,42,56,574,48.0,14.304,34.37,22.097,15.0,6.817,1.54,44.458,58.0,23.929,38,GOOD,SYNTHETIC,26120
BWG-SIM-001,Baghewala-style representative,4,2026-05-06T21:00:00,production,20.627,17.827,116,34.2,42,56,574,48.0,14.489,34.695,23.581,15.0,6.858,1.541,42.0,58.0,24.0,39,GOOD,SYNTHETIC,26120
BWG-SIM-001,Baghewala-style representative,4,2026-05-06T22:00:00,production,20.876,18.076,116,34.2,42,56,574,48.0,14.135,34.826,22.867,15.0,6.777,1.543,45.302,58.0,24.0,37,GOOD,SYNTHETIC,26120
BWG-SIM-001,Baghewala-style representative,4,2026-05-06T23:00:00,production,20.839,18.039,116,34.2,42,56,574,48.0,14.204,34.487,22.298,15.0,6.783,1.545,46.715,58.0,24.0,37,GOOD,SYNTHETIC,26120
BWG-SIM-001,Baghewala-style representative,4,2026-05-07T00:00:00,production,20.627,17.827,116,34.2,42,56,574,48.0,14.132,34.586,22.872,15.0,6.7,1.546,44.917,58.0,24.0,37,GOOD,SYNTHETIC,26120
BWG-SIM-001,Baghewala-style representative,4,2026-05-07T01:00:00,production,20.965,18.165,116,34.2,42,56,574,48.0,14.508,33.72,23.002,15.0,6.657,1.548,46.126,58.0,23.712,37,GOOD,SYNTHETIC,26120
BWG-SIM-001,Baghewala-style representative,4,2026-05-07T02:00:00,production,21.008,18.208,116,34.2,42,56,574,48.0,14.151,34.379,22.663,15.0,6.667,1.55,46.687,57.072,23.427,35,GOOD,SYNTHETIC,26120
BWG-SIM-001,Baghewala-style representative,4,2026-05-07T03:00:00,production,21.137,18.337,116,34.2,42,56,574,48.0,14.318,35.361,23.233,15.0,6.632,1.552,48.621,57.162,24.0,34,GOOD,SYNTHETIC,26120
BWG-SIM-001,Baghewala-style representative,4,2026-05-07T04:00:00,production,20.943,18.143,116,34.2,42,56,574,48.0,14.326,34.186,21.829,15.0,6.478,1.553,45.124,57.411,24.0,36,GOOD,SYNTHETIC,26120
BWG-SIM-001,Baghewala-style representative,4,2026-05-07T05:00:00,production,20.855,18.055,116,34.2,42,56,574,48.0,14.09,35.316,25.599,15.0,6.726,1.555,43.683,57.4,23.815,37,GOOD,SYNTHETIC,26120
BWG-SIM-001,Baghewala-style representative,4,2026-05-07T06:00:00,production,21.059,18.259,116,34.2,42,56,574,48.0,14.334,35.329,24.553,15.0,6.405,1.557,47.593,58.0,23.931,36,GOOD,SYNTHETIC,26120
BWG-SIM-001,Baghewala-style representative,4,2026-05-07T07:00:00,production,21.053,18.253,116,34.2,42,56,574,48.0,14.272,35.169,23.187,15.0,6.755,1.559,48.435,57.287,24.0,34,GOOD,SYNTHETIC,26120
BWG-SIM-001,Baghewala-style representative,4,2026-05-07T08:00:00,production,21.124,18.324,116,34.2,42,56,574,48.0,14.245,34.665,23.081,15.0,6.52,1.56,46.316,58.0,23.823,37,GOOD,SYNTHETIC,26120
BWG-SIM-001,Baghewala-style representative,4,2026-05-07T09:00:00,production,20.8,18.0,116,34.2,42,56,574,48.0,14.237,35.921,23.894,15.0,6.562,1.562,49.242,56.752,23.912,33,GOOD,SYNTHETIC,26120
BWG-SIM-001,Baghewala-style representative,4,2026-05-07T10:00:00,production,20.751,17.951,116,34.2,42,56,574,48.0,14.335,33.965,21.661,15.0,6.564,1.564,46.333,57.763,24.0,36,GOOD,SYNTHETIC,26120
BWG-SIM-001,Baghewala-style representative,4,2026-05-07T11:00:00,production,20.88,18.08,116,34.2,42,56,574,48.0,14.153,35.286,23.273,15.0,6.491,1.565,49.076,56.635,23.683,33,GOOD,SYNTHETIC,26120
BWG-SIM-001,Baghewala-style representative,4,2026-05-07T12:00:00,production,21.086,18.286,116,34.2,42,56,574,48.0,14.109,35.035,24.302,15.0,6.51,1.567,49.388,57.888,23.84,35,GOOD,SYNTHETIC,26120
BWG-SIM-001,Baghewala-style representative,4,2026-05-07T13:00:00,production,20.976,18.176,116,34.2,42,56,574,48.0,14.528,34.288,22.791,15.0,6.582,1.568,46.196,58.0,24.0,37,GOOD,SYNTHETIC,26120
BWG-SIM-001,Baghewala-style representative,4,2026-05-07T14:00:00,production,20.926,18.126,116,34.2,42,56,574,48.0,14.364,35.811,24.195,15.0,6.422,1.57,50.324,57.233,23.728,33,GOOD,SYNTHETIC,26120
BWG-SIM-001,Baghewala-style representative,4,2026-05-07T15:00:00,production,21.124,18.324,116,34.2,42,56,574,48.0,14.296,34.801,22.644,15.0,6.37,1.571,47.46,56.208,23.576,33,GOOD,SYNTHETIC,26120
BWG-SIM-001,Baghewala-style representative,4,2026-05-07T16:00:00,production,21.179,18.379,116,34.2,42,56,574,48.0,14.128,34.949,23.261,15.0,6.459,1.573,46.482,58.0,23.721,37,GOOD,SYNTHETIC,26120
BWG-SIM-001,Baghewala-style representative,4,2026-05-07T17:00:00,production,20.918,18.118,116,34.2,42,56,574,48.0,14.007,35.052,23.865,15.0,6.465,1.574,47.929,58.0,23.761,36,GOOD,SYNTHETIC,26120
BWG-SIM-001,Baghewala-style representative,4,2026-05-07T18:00:00,production,21.29,18.49,116,34.2,42,56,574,48.0,14.266,35.49,22.771,15.0,6.386,1.576,47.499,56.246,23.846,33,GOOD,SYNTHETIC,26120
BWG-SIM-001,Baghewala-style representative,4,2026-05-07T19:00:00,production,21.161,18.361,116,34.2,42,56,574,48.0,14.105,35.704,23.846,15.0,6.328,1.577,50.896,57.006,23.54,33,GOOD,SYNTHETIC,26120
BWG-SIM-001,Baghewala-style representative,4,2026-05-07T20:00:00,production,21.149,18.349,116,34.2,42,56,574,48.0,14.229,34.994,23.506,15.0,6.301,1.578,47.328,57.069,23.474,34,GOOD,SYNTHETIC,26120
BWG-SIM-001,Baghewala-style representative,4,2026-05-07T21:00:00,production,21.071,18.271,116,34.2,42,56,574,48.0,14.153,35.672,25.285,15.0,6.277,1.579,51.626,57.691,23.39,34,GOOD,SYNTHETIC,26120
BWG-SIM-001,Baghewala-style representative,4,2026-05-07T22:00:00,production,21.367,18.567,116,34.2,42,56,574,48.0,14.386,34.368,21.569,15.0,6.421,1.581,45.632,57.468,23.728,36,GOOD,SYNTHETIC,26120
BWG-SIM-001,Baghewala-style representative,4,2026-05-07T23:00:00,production,21.552,18.752,116,34.2,42,56,574,48.0,14.1,36.264,24.134,15.0,6.269,1.582,49.204,57.842,23.394,35,GOOD,SYNTHETIC,26120
BWG-SIM-001,Baghewala-style representative,4,2026-05-08T00:00:00,production,21.347,18.547,116,34.2,42,56,574,48.0,14.406,35.741,23.447,15.0,6.29,1.583,47.271,56.867,23.37,34,GOOD,SYNTHETIC,26120
BWG-SIM-001,Baghewala-style representative,4,2026-05-08T01:00:00,production,21.24,18.44,116,34.2,42,56,574,48.0,14.331,35.277,21.541,15.0,6.178,1.584,49.838,57.149,23.699,33,GOOD,SYNTHETIC,26120
BWG-SIM-001,Baghewala-style representative,4,2026-05-08T02:00:00,production,21.464,18.664,116,34.2,42,56,574,48.0,14.374,35.131,22.771,15.0,6.345,1.585,47.985,58.0,23.896,36,GOOD,SYNTHETIC,26120
BWG-SIM-001,Baghewala-style representative,4,2026-05-08T03:00:00,production,21.519,18.719,116,34.2,42,56,574,48.0,14.216,35.274,24.165,15.0,6.364,1.585,49.03,58.0,24.0,36,GOOD,SYNTHETIC,26120
BWG-SIM-001,Baghewala-style representative,4,2026-05-08T04:00:00,production,21.502,18.702,116,34.2,42,56,574,48.0,14.072,35.301,24.645,15.0,6.085,1.586,51.884,56.115,23.074,30,GOOD,SYNTHETIC,26120
BWG-SIM-001,Baghewala-style representative,4,2026-05-08T05:00:00,production,21.371,18.571,116,34.2,42,56,574,48.0,14.429,34.44,22.745,15.0,6.183,1.587,47.205,57.723,23.113,36,GOOD,SYNTHETIC,26120
BWG-SIM-001,Baghewala-style representative,4,2026-05-08T06:00:00,production,21.449,18.649,116,34.2,42,56,574,48.0,14.399,35.08,22.665,15.0,6.218,1.587,47.287,56.427,23.352,33,GOOD,SYNTHETIC,26120
BWG-SIM-001,Baghewala-style representative,4,2026-05-08T07:00:00,production,21.47,18.67,116,34.2,42,56,574,48.0,14.057,35.386,24.27,15.0,6.234,1.588,50.33,56.593,23.505,32,GOOD,SYNTHETIC,26120
BWG-SIM-001,Baghewala-style representative,4,2026-05-08T08:00:00,production,21.336,18.536,116,34.2,42,56,574,48.0,14.105,35.112,23.655,15.0,6.106,1.589,51.194,56.484,23.237,32,GOOD,SYNTHETIC,26120
BWG-SIM-001,Baghewala-style representative,4,2026-05-08T09:00:00,production,21.43,18.63,116,34.2,42,56,574,48.0,14.428,35.033,21.956,15.0,6.065,1.589,50.132,55.382,23.376,30,GOOD,SYNTHETIC,26120
BWG-SIM-001,Baghewala-style representative,4,2026-05-08T10:00:00,production,21.529,18.729,116,34.2,42,56,574,48.0,14.29,34.878,22.989,15.0,6.226,1.589,50.215,55.255,23.215,30,GOOD,SYNTHETIC,26120
BWG-SIM-001,Baghewala-style representative,4,2026-05-08T11:00:00,production,21.503,18.703,116,34.2,42,56,574,48.0,14.311,34.432,22.56,15.0,6.3,1.59,46.662,58.0,23.439,37,GOOD,SYNTHETIC,26120
BWG-SIM-001,Baghewala-style representative,4,2026-05-08T12:00:00,production,21.396,18.596,116,34.2,42,56,574,48.0,14.288,35.017,23.735,15.0,6.263,1.59,49.578,55.45,23.235,30,GOOD,SYNTHETIC,26120
BWG-SIM-001,Baghewala-style representative,4,2026-05-08T13:00:00,production,21.409,18.609,116,34.2,42,56,574,48.0,14.271,34.013,22.977,15.0,6.143,1.59,51.058,56.131,22.951,31,GOOD,SYNTHETIC,26120
BWG-SIM-001,Baghewala-style representative,4,2026-05-08T14:00:00,production,21.425,18.625,116,34.2,42,56,574,48.0,14.148,34.422,22.636,15.0,6.108,1.59,48.46,56.546,23.085,33,GOOD,SYNTHETIC,26120
BWG-SIM-001,Baghewala-style representative,4,2026-05-08T15:00:00,production,21.348,18.548,116,34.2,42,56,574,48.0,14.14,35.645,25.229,15.0,6.169,1.59,48.878,54.815,23.513,29,GOOD,SYNTHETIC,26120
BWG-SIM-001,Baghewala-style representative,4,2026-05-08T16:00:00,production,21.525,18.725,116,34.2,42,56,574,48.0,14.233,34.768,22.063,15.0,6.191,1.59,49.796,57.346,23.324,34,GOOD,SYNTHETIC,26120
BWG-SIM-001,Baghewala-style representative,4,2026-05-08T17:00:00,production,21.372,18.572,116,34.2,42,56,574,48.0,14.473,34.856,23.11,15.0,6.18,1.59,49.886,58.0,23.412,35,GOOD,SYNTHETIC,26120
BWG-SIM-001,Baghewala-style representative,4,2026-05-08T18:00:00,production,21.775,18.975,116,34.2,42,56,574,48.0,14.105,34.426,23.057,15.0,6.096,1.589,49.641,57.627,23.453,35,GOOD,SYNTHETIC,26120
BWG-SIM-001,Baghewala-style representative,4,2026-05-08T19:00:00,production,21.624,18.824,116,34.2,42,56,574,48.0,14.501,34.623,22.943,15.0,6.072,1.589,48.347,55.465,23.402,31,GOOD,SYNTHETIC,26120
BWG-SIM-001,Baghewala-style representative,4,2026-05-08T20:00:00,production,21.394,18.594,116,34.2,42,56,574,48.0,13.965,35.685,25.257,15.0,6.377,1.589,48.183,58.0,23.392,36,GOOD,SYNTHETIC,26120
BWG-SIM-001,Baghewala-style representative,4,2026-05-08T21:00:00,production,21.811,19.011,116,34.2,42,56,574,48.0,14.175,35.514,23.821,15.0,6.121,1.588,54.053,55.155,23.219,28,GOOD,SYNTHETIC,26120
BWG-SIM-001,Baghewala-style representative,4,2026-05-08T22:00:00,production,21.586,18.786,116,34.2,42,56,574,48.0,14.306,34.798,24.009,15.0,6.253,1.588,49.456,56.011,23.645,31,GOOD,SYNTHETIC,26120
BWG-SIM-001,Baghewala-style representative,4,2026-05-08T23:00:00,production,21.364,18.564,116,34.2,42,56,574,48.0,14.568,34.188,22.219,15.0,6.299,1.587,47.075,56.932,23.562,34,GOOD,SYNTHETIC,26120
BWG-SIM-001,Baghewala-style representative,4,2026-05-09T00:00:00,production,21.507,18.707,116,34.2,42,56,574,48.0,14.09,36.265,24.574,15.0,6.058,1.586,54.174,53.74,23.462,25,GOOD,SYNTHETIC,26120
BWG-SIM-001,Baghewala-style representative,4,2026-05-09T01:00:00,production,21.608,18.808,116,34.2,42,56,574,48.0,14.12,36.417,25.952,15.0,6.105,1.586,53.961,55.526,23.03,28,GOOD,SYNTHETIC,26120
BWG-SIM-001,Baghewala-style representative,4,2026-05-09T02:00:00,production,21.43,18.63,116,34.2,42,56,574,48.0,14.026,36.005,23.965,15.0,6.249,1.585,52.981,55.492,23.183,29,GOOD,SYNTHETIC,26120
BWG-SIM-001,Baghewala-style representative,4,2026-05-09T03:00:00,production,21.396,18.596,116,34.2,42,56,574,48.0,14.591,34.592,23.884,15.0,6.272,1.584,50.113,58.0,23.593,35,GOOD,SYNTHETIC,26120
BWG-SIM-001,Baghewala-style representative,4,2026-05-09T04:00:00,production,21.458,18.658,116,34.2,42,56,574,48.0,14.256,35.439,23.867,15.0,6.276,1.583,48.838,57.175,23.596,34,GOOD,SYNTHETIC,26120
BWG-SIM-001,Baghewala-style representative,4,2026-05-09T05:00:00,production,21.343,18.543,116,34.2,42,56,574,48.0,14.217,35.049,23.139,15.0,6.245,1.582,48.047,56.969,23.82,34,GOOD,SYNTHETIC,26120
BWG-SIM-001,Baghewala-style representative,4,2026-05-09T06:00:00,production,21.571,18.771,116,34.2,42,56,574,48.0,14.137,35.07,23.439,15.0,6.32,1.581,49.764,55.953,23.762,31,GOOD,SYNTHETIC,26120
BWG-SIM-001,Baghewala-style representative,4,2026-05-09T07:00:00,production,21.258,18.458,116,34.2,42,56,574,48.0,14.197,36.518,24.05,15.0,6.266,1.58,51.271,58.0,23.848,35,GOOD,SYNTHETIC,26120
BWG-SIM-001,Baghewala-style representative,4,2026-05-09T08:00:00,production,21.672,18.872,116,34.2,42,56,574,48.0,14.365,36.371,25.032,15.0,6.26,1.579,52.159,55.817,23.44,30,GOOD,SYNTHETIC,26120
BWG-SIM-001,Baghewala-style representative,4,2026-05-09T09:00:00,production,21.383,18.583,116,34.2,42,56,574,48.0,14.209,35.872,24.155,15.0,6.372,1.577,51.718,57.783,23.474,34,GOOD,SYNTHETIC,26120
BWG-SIM-001,Baghewala-style representative,4,2026-05-09T10:00:00,production,21.485,18.685,116,34.2,42,56,574,48.0,14.098,36.023,24.408,15.0,6.346,1.576,48.797,55.527,23.486,31,GOOD,SYNTHETIC,26120
BWG-SIM-001,Baghewala-style representative,4,2026-05-09T11:00:00,production,21.54,18.74,116,34.2,42,56,574,48.0,13.993,35.41,25.717,15.0,6.376,1.575,52.558,56.673,23.553,31,GOOD,SYNTHETIC,26120
BWG-SIM-001,Baghewala-style representative,4,2026-05-09T12:00:00,production,21.511,18.711,116,34.2,42,56,574,48.0,14.489,34.708,23.152,15.0,6.377,1.573,47.646,56.341,23.318,33,GOOD,SYNTHETIC,26120
BWG-SIM-001,Baghewala-style representative,4,2026-05-09T13:00:00,production,21.51,18.71,116,34.2,42,56,574,48.0,14.309,35.642,24.029,15.0,6.492,1.572,47.965,57.008,23.429,34,GOOD,SYNTHETIC,26120
BWG-SIM-001,Baghewala-style representative,4,2026-05-09T14:00:00,production,21.469,18.669,116,34.2,42,56,574,48.0,14.43,35.462,24.84,15.0,6.424,1.57,48.421,58.0,24.0,36,GOOD,SYNTHETIC,26120
BWG-SIM-001,Baghewala-style representative,4,2026-05-09T15:00:00,production,21.555,18.755,116,34.2,42,56,574,48.0,14.198,35.964,24.034,15.0,6.446,1.569,50.393,57.793,23.798,35,GOOD,SYNTHETIC,26120
BWG-SIM-001,Baghewala-style representative,4,2026-05-09T16:00:00,production,21.128,18.328,116,34.2,42,56,574,48.0,14.177,35.046,24.292,15.0,6.414,1.567,47.856,57.958,23.783,36,GOOD,SYNTHETIC,26120
BWG-SIM-001,Baghewala-style representative,4,2026-05-09T17:00:00,production,21.647,18.847,116,34.2,42,56,574,48.0,14.219,34.58,23.049,15.0,6.46,1.566,47.144,58.0,23.711,36,GOOD,SYNTHETIC,26120
BWG-SIM-001,Baghewala-style representative,4,2026-05-09T18:00:00,production,21.438,18.638,116,34.2,42,56,574,48.0,13.832,35.622,23.247,15.0,6.449,1.564,47.631,57.612,23.594,35,GOOD,SYNTHETIC,26120
BWG-SIM-001,Baghewala-style representative,4,2026-05-09T19:00:00,production,21.424,18.624,116,34.2,42,56,574,48.0,14.163,34.723,23.995,15.0,6.558,1.562,46.146,58.0,23.637,37,GOOD,SYNTHETIC,26120
BWG-SIM-001,Baghewala-style representative,4,2026-05-09T20:00:00,production,21.374,18.574,116,34.2,42,56,574,48.0,14.096,35.371,23.11,15.0,6.535,1.561,46.579,56.992,23.603,35,GOOD,SYNTHETIC,26120
BWG-SIM-001,Baghewala-style representative,4,2026-05-09T21:00:00,production,21.393,18.593,116,34.2,42,56,574,48.0,14.416,35.752,25.654,15.0,6.749,1.559,46.724,56.713,23.879,34,GOOD,SYNTHETIC,26120
BWG-SIM-001,Baghewala-style representative,4,2026-05-09T22:00:00,production,21.653,18.853,116,34.2,42,56,574,48.0,14.029,35.3,23.413,15.0,6.619,1.557,48.202,58.0,23.66,36,GOOD,SYNTHETIC,26120
BWG-SIM-001,Baghewala-style representative,4,2026-05-09T23:00:00,production,21.367,18.567,116,34.2,42,56,574,48.0,14.637,34.336,22.966,15.0,6.614,1.556,45.279,56.253,24.0,34,GOOD,SYNTHETIC,26120
BWG-SIM-001,Baghewala-style representative,4,2026-05-10T00:00:00,production,21.242,18.442,116,34.2,42,56,574,48.0,14.351,35.535,23.319,15.0,6.571,1.554,48.767,58.0,23.827,36,GOOD,SYNTHETIC,26120
BWG-SIM-001,Baghewala-style representative,4,2026-05-10T01:00:00,production,21.23,18.43,116,34.2,42,56,574,48.0,14.195,35.066,23.856,15.0,6.725,1.552,45.614,58.0,23.771,37,GOOD,SYNTHETIC,26120
BWG-SIM-001,Baghewala-style representative,4,2026-05-10T02:00:00,production,21.229,18.429,116,34.2,42,56,574,48.0,14.188,36.211,23.489,15.0,6.776,1.551,50.206,57.49,23.675,34,GOOD,SYNTHETIC,26120
BWG-SIM-001,Baghewala-style representative,4,2026-05-10T03:00:00,production,21.103,18.303,116,34.2,42,56,574,48.0,14.315,35.117,22.437,15.0,6.555,1.549,46.163,57.199,23.947,35,GOOD,SYNTHETIC,26120
BWG-SIM-001,Baghewala-style representative,4,2026-05-10T04:00:00,production,21.545,18.745,116,34.2,42,56,574,48.0,14.225,36.174,24.936,15.0,6.645,1.547,48.224,58.0,23.966,36,GOOD,SYNTHETIC,26120
BWG-SIM-001,Baghewala-style representative,4,2026-05-10T05:00:00,production,21.198,18.398,116,34.2,42,56,574,48.0,14.252,34.332,21.661,15.0,6.844,1.545,44.173,58.0,23.806,38,GOOD,SYNTHETIC,26120
BWG-SIM-001,Baghewala-style representative,4,2026-05-10T06:00:00,production,21.4,18.6,116,34.2,42,56,574,48.0,14.105,34.857,22.692,15.0,6.909,1.544,44.322,58.0,24.0,38,GOOD,SYNTHETIC,26120
BWG-SIM-001,Baghewala-style representative,4,2026-05-10T07:00:00,production,21.153,18.353,116,34.2,42,56,574,48.0,14.459,35.043,24.248,15.0,6.654,1.542,47.137,58.0,23.771,36,GOOD,SYNTHETIC,26120
BWG-SIM-001,Baghewala-style representative,4,2026-05-10T08:00:00,production,21.098,18.298,116,34.2,42,56,574,48.0,14.316,34.547,23.568,15.0,6.816,1.54,49.021,57.652,23.946,35,GOOD,SYNTHETIC,26120
BWG-SIM-001,Baghewala-style representative,4,2026-05-10T09:00:00,production,21.107,18.307,116,34.2,42,56,574,48.0,14.289,35.126,23.531,15.0,6.73,1.539,46.722,58.0,24.0,37,GOOD,SYNTHETIC,26120
BWG-SIM-001,Baghewala-style representative,4,2026-05-10T10:00:00,production,21.361,18.561,116,34.2,42,56,574,48.0,14.502,34.26,23.607,15.0,6.923,1.537,42.851,58.0,23.893,38,GOOD,SYNTHETIC,26120
BWG-SIM-001,Baghewala-style representative,4,2026-05-10T11:00:00,production,21.112,18.312,116,34.2,42,56,574,48.0,14.301,35.225,23.033,15.0,6.803,1.535,44.67,58.0,23.776,37,GOOD,SYNTHETIC,26120
BWG-SIM-001,Baghewala-style representative,4,2026-05-10T12:00:00,production,21.006,18.206,116,34.2,42,56,574,48.0,14.146,34.667,24.142,15.0,6.712,1.534,50.377,56.622,23.819,32,GOOD,SYNTHETIC,26120
BWG-SIM-001,Baghewala-style representative,4,2026-05-10T13:00:00,production,20.941,18.141,116,34.2,42,56,574,48.0,14.334,34.141,22.722,15.0,6.886,1.532,43.679,58.0,24.0,38,GOOD,SYNTHETIC,26120
BWG-SIM-001,Baghewala-style representative,4,2026-05-10T14:00:00,production,21.07,18.27,116,34.2,42,56,574,48.0,14.494,34.22,23.288,15.0,6.867,1.531,43.939,58.0,23.763,38,GOOD,SYNTHETIC,26120
BWG-SIM-001,Baghewala-style representative,4,2026-05-10T15:00:00,production,20.97,18.17,116,34.2,42,56,574,48.0,14.363,34.379,22.291,15.0,6.794,1.529,43.371,58.0,24.0,38,GOOD,SYNTHETIC,26120
BWG-SIM-001,Baghewala-style representative,4,2026-05-10T16:00:00,production,20.753,17.953,116,34.2,42,56,574,48.0,14.211,35.444,24.789,15.0,6.767,1.528,46.187,58.0,24.0,37,GOOD,SYNTHETIC,26120
BWG-SIM-001,Baghewala-style representative,4,2026-05-10T17:00:00,production,20.782,17.982,116,34.2,42,56,574,48.0,14.188,36.079,24.345,15.0,6.75,1.526,47.029,58.0,24.0,36,GOOD,SYNTHETIC,26120
BWG-SIM-001,Baghewala-style representative,4,2026-05-10T18:00:00,production,20.931,18.131,116,34.2,42,56,574,48.0,14.026,34.879,23.302,15.0,6.952,1.525,48.376,58.0,24.0,36,GOOD,SYNTHETIC,26120
BWG-SIM-001,Baghewala-style representative,4,2026-05-10T19:00:00,production,20.678,17.878,116,34.2,42,56,574,48.0,14.268,34.089,22.694,15.0,6.758,1.523,43.97,58.0,23.852,38,GOOD,SYNTHETIC,26120
BWG-SIM-001,Baghewala-style representative,4,2026-05-10T20:00:00,production,20.785,17.985,116,34.2,42,56,574,48.0,14.635,35.356,23.64,15.0,6.792,1.522,48.456,58.0,24.0,36,GOOD,SYNTHETIC,26120
BWG-SIM-001,Baghewala-style representative,4,2026-05-10T21:00:00,production,20.918,18.118,116,34.2,42,56,574,48.0,14.098,34.623,22.445,15.0,6.863,1.521,46.56,58.0,23.551,37,GOOD,SYNTHETIC,26120
BWG-SIM-001,Baghewala-style representative,4,2026-05-10T22:00:00,production,20.65,17.85,116,34.2,42,56,574,48.0,13.922,35.026,23.302,15.0,6.815,1.52,47.67,57.155,23.821,34,GOOD,SYNTHETIC,26120
BWG-SIM-001,Baghewala-style representative,4,2026-05-10T23:00:00,production,20.735,17.935,116,34.2,42,56,574,48.0,14.314,34.439,23.647,15.0,6.725,1.519,46.345,57.174,23.908,35,GOOD,SYNTHETIC,26120
